9.603747963766045004e-01,3.622188532394812199e-01,1.133737531370343915e-01,6.828149447637217317e-01,5.518404723087902974e-01,5.798512593077969068e-01,1.395054837682099813e-01,1.090545494800942428e-01,6.399818149850801108e-01,6.402599374082820205e-01,2.893645799092219306e-01,2.425819499025751447e-01,6.697867147694721614e-03,8.098026166810246007e-01,3.033568456846991723e-01,3.649933858889788940e-01,4.755361434667519926e-01,6.896057726655346887e-01
9.679841681860130720e-01,8.962710122404128343e-01,8.575416382955745043e-01,2.339000856030753472e-01,4.130313765876410526e-01,6.418556220065639063e-03,2.008444680609368094e-01,3.951795035166398296e-01,5.975470821904866892e-01,4.031070669791773087e-01,3.203649029077050847e-01,1.435252484508576509e-01,2.735192836384685577e-01,2.952271864352065123e-01,3.254729052727103888e-01,3.832084825525340910e-01,1.428368550001579973e-01,4.483238204118801806e-01
8.774849259984967009e-01,1.155772559791322894e-02,3.231174416646517278e-01,7.211380977717229968e-02,5.157714351554953947e-02,5.565841560312115854e-01,2.537670194658158129e-01,3.097010260109744340e-01,8.713252767687945655e-01,8.175581409391540211e-01,4.587657436116086562e-01,5.108399051046158545e-01,6.939000534986403679e-01,6.269250027181942908e-01,3.382010448664122260e-01,5.906078874706254256e-01,5.738610673832821307e-01,5.728926644880628638e-01
9.814500796850023079e-01,8.158559943168538497e-01,7.182495908298351939e-01,8.416484098776710887e-01,3.108225382868425313e-01,5.002187447403401155e-01,6.457509400603841931e-02,4.594406143866463371e-02,1.988129100632390345e-01,5.869130708011812692e-01,5.304227195528880001e-01,3.756740884633586464e-01,3.715677620246993218e-01,3.476915745808185076e-01,1.533112864428708144e-01,7.239772693162838113e-01,1.361017542734663244e-01,8.472280605258190045e-01
9.902522231032060418e-01,9.658280843780688019e-02,4.363797784192651741e-01,6.429216063106965029e-01,5.386308351222739432e-01,8.398825362611828105e-01,4.555593418260304728e-01,5.798275758376538747e-01,6.937011110264296176e-01,5.271509518682484519e-01,5.951511831912714712e-01,6.072918555807061552e-02,4.476801905069437426e-01,6.520134778087035565e-01,8.433201268498512482e-01,2.156578473393906403e-01,4.381127658285032811e-01,9.240499766368969192e-01
9.316404565035903973e-01,6.701726278432645900e-01,5.301558253680238586e-01,4.395714113315600247e-01,4.749616933534892560e-01,4.801767386246253433e-01,4.458794606488681311e-01,2.160787291818630218e-01,7.166423328399798010e-01,4.143094836577136952e-01,2.223558630578206519e-01,3.874101138761214258e-02,4.436734348526721328e-01,2.830716995563488103e-01,1.439189193721805426e-01,4.530098216224707763e-01,5.749208610738417713e-01,7.083169897065687559e-01
9.817368903974257321e-01,4.502548917329095013e-01,5.879072762475281433e-01,7.866300727090276279e-01,2.676099511527903485e-01,6.281328048904892825e-01,2.127486321014685489e-01,9.712020088315212463e-02,5.074155044511654555e-01,1.013308630150883266e-01,5.132455503301264210e-02,3.377554925185636270e-01,6.338977477347418343e-01,8.423386707637686710e-02,8.704258731447581665e-01,3.735580955062234310e-01,6.226150211925082223e-01,1.853318718530689579e-01
9.321668145417243423e-01,5.500787382112101165e-01,6.179525954883832162e-01,4.868338279146146585e-01,6.837681047703604298e-01,4.282748545496208731e-02,4.115987718796433326e-01,1.283966579095617011e-01,2.605956795123363645e-01,3.929256387222878066e-01,3.847801470542616120e-01,2.642962290574817352e-01,8.170112742812338236e-02,1.425290123019444521e-01,2.778548606303753443e-01,4.522596744733023977e-01,6.484055817676642741e-01,8.416542257855650355e-01
9.764425867616621790e-01,7.218817017423591054e-01,5.888056004498171125e-01,7.682695991428984961e-01,5.913595174914874908e-02,3.910181593361395924e-01,4.847944503884162315e-01,4.596041304238346892e-01,1.061021766368342722e-01,2.959602833004885136e-01,1.694591094867666237e-01,3.303332086781966548e-01,5.583283411697345655e-02,5.277191029342328532e-01,7.608904544286866356e-01,3.330632585169790993e-01,6.958707536303520014e-01,7.527320438276188241e-01
9.824060887874602743e-01,9.244288900017836319e-01,7.374632158506514434e-01,3.648114184910201119e-01,6.094841441206850785e-01,2.202846617290946454e-02,1.086260395812470303e-02,4.317444823778875396e-01,3.545866077576483866e-01,6.773805054563698975e-04,3.324726823135344955e-01,1.444285337244133605e-01,2.555040325445756544e-01,1.686153467669154749e-01,1.881416656130905640e-01,7.447659941952654294e-02,2.927781496213995860e-01,7.524804285522085356e-01
9.424622851969879367e-01,7.834092758007618063e-01,8.808316390265277240e-01,3.563536000208447074e-01,6.252658658115146928e-02,2.799200948373299358e-01,4.823216843110892382e-01,2.016188993717957512e-01,7.980867890128782172e-01,4.212849160198171017e-01,9.378080791903903313e-02,5.221366823035779037e-01,4.436738133867135919e-02,3.441174419605106394e-01,1.235263104061326556e-01,5.788602553245861815e-01,1.812722239974773053e-01,9.434730122929535501e-01
9.830416637491792287e-01,7.624937451852868975e-01,2.089007431705835749e-01,2.564442499705943956e-01,7.575959439372392801e-01,6.788346863587079172e-01,4.314835505695088225e-01,2.650862014969988523e-01,3.697764939420312147e-01,9.007386316505787416e-02,2.248382497291097348e-01,4.207054106885471656e-01,6.571276943008339533e-01,1.217224496271911843e-02,8.628523549373334767e-02,7.077375438931088336e-01,1.168610343378964633e-01,2.516509081648802271e-01
9.825041374559188023e-01,8.954285018078912417e-01,8.864884908897691096e-01,6.890272987697761975e-01,6.739630068486890391e-01,7.224022261442377690e-01,4.467054755267128030e-01,4.226576542766565803e-01,9.250551479008245481e-02,2.882396975134133288e-01,1.707888505838340426e-02,5.752565925886279352e-01,5.454198106087669862e-01,3.333839141943026330e-01,2.940192934622789731e-02,6.184603534842729733e-01,5.277583561447459770e-01,8.915904350750394336e-01
9.823760346041882086e-01,8.760065492356141625e-01,7.420540849841203990e-01,6.758401963653818401e-01,1.526494479102754320e-01,2.356144817375751266e-01,4.936204097743964597e-02,4.479979534467804642e-02,5.360236713745157866e-01,3.339232694276866309e-01,3.767044493046269316e-01,2.518446215518279629e-01,6.953175941682213645e-01,3.671534854689110783e-01,2.481110646288108568e-01,2.992252198988095691e-01,5.290819046878622034e-01,7.311481457508361981e-01
9.551048704949648416e-01,7.925034775511909935e-01,4.188623679791920185e-01,5.769914460027407710e-01,5.936045438319391687e-01,7.964425451561668590e-01,1.891032603000813161e-01,2.616895859167320815e-01,6.147067024151238179e-01,8.120339597900911865e-01,6.500355519728593379e-01,1.542197113179417656e-01,8.789894759858139783e-02,1.265158291324286755e-01,3.551133528413556451e-01,4.066848948673085773e-01,3.021023557494605383e-01,5.774523089411590648e-01
9.765240997156051650e-01,5.400861939006784684e-01,3.937686028602611736e-03,4.296769678777215828e-01,1.108670111793458313e-01,3.333796544859834315e-02,4.881813533987890974e-01,2.858081268077861670e-01,1.793270353796799499e-01,2.538068886173093230e-01,7.071681027433932565e-01,3.427276062828076703e-02,1.762735576177029417e-01,6.243471702688769415e-02,4.846597384521177387e-01,1.858305897030193832e-01,1.691208098290273576e-01,4.582684693354159844e-01
9.637303653136591874e-01,1.448023499083914423e-01,1.831184362344182304e-01,2.261860239317065868e-01,2.267886050361141437e-01,3.029643866220999016e-01,5.779683930677116388e-01,3.086144165834661113e-01,8.024451971497890135e-01,6.310143727466365204e-01,6.389550116945516001e-01,2.614445951158023695e-01,3.309104590896910225e-01,4.968789143786271345e-01,7.057892859209072278e-02,3.370031908045728053e-01,2.476894092920913781e-01,3.816677474248028612e-01
9.768293454001677478e-01,8.379626631419428984e-01,5.940983708725355861e-01,2.004559515412391787e-02,4.045315368838250936e-01,2.178325959174140791e-01,1.014177460639910933e-01,1.358712904690480561e-01,1.318863065084212860e-01,4.458197928583593206e-02,5.199910393995288427e-01,5.687838212322402498e-01,5.510437385289504997e-01,7.057391068848537508e-01,6.988014601758446576e-01,1.803802341111293284e-01,4.152308882037367144e-01,1.324734398491991816e-01
9.705928979350652019e-01,8.511402651485184823e-01,8.448267632619930190e-01,8.250200322251869389e-01,7.461963184599422760e-01,1.752644070407510524e-01,3.834067324273386923e-01,5.461018164286601806e-01,3.101913007549309542e-01,2.416935410407248727e-02,2.052315337968252662e-01,1.173499052287184721e-02,1.559847056672729881e-01,3.923811609814802925e-01,1.962282124550857043e-01,4.056479084757670384e-01,3.834912609429329267e-02,1.911430838708769731e-01
9.892395321121849605e-01,8.810204410323998481e-01,9.843080085099014109e-01,6.243853063225415223e-01,6.026758669523546441e-01,7.900801273094039123e-01,6.264350753914552650e-01,6.527717585219242613e-01,7.728947211422368957e-01,7.457201248087229617e-01,8.704482910350087588e-01,1.384185858480682929e-01,2.792111829581442883e-01,1.947073089186585892e-01,6.179549068355024710e-01,3.534151829226563901e-01,8.105655939677898214e-01,3.679166461484823514e-01
9.845228056821073714e-01,5.410306528296381368e-01,5.257590773799986072e-01,2.468029025712151769e-01,6.690311437037357312e-01,9.920950878992887412e-02,2.450462434047080418e-01,2.708985354703254411e-01,6.005466688007733422e-01,4.267902848508185465e-01,3.925326302685967494e-01,3.841913443844214293e-01,3.679434316889788059e-01,3.203538576531811954e-01,8.535595886016263956e-01,3.333818500672109386e-01,1.940393671859577951e-01,4.168206936233613269e-01
9.799525991629912669e-01,8.441944334501476632e-01,8.075556901906294494e-01,4.260581175454880576e-01,5.182677687008334644e-01,3.853310191466945978e-01,3.166667129367135569e-01,4.797043634158629222e-01,1.918565626306932004e-01,5.250316388841831383e-01,4.452422223456808381e-01,2.189798472661481574e-02,1.200612259175122890e-02,6.822307154973940024e-01,4.662102498872706668e-01,9.588963594988693384e-02,3.164179241444321500e-01,3.303960251706228313e-01
9.865532955191220754e-01,9.106630452025515909e-01,8.418853568740126692e-01,1.939209355728011563e-01,2.534217411709895895e-01,5.369938600077909241e-01,7.536941255929095751e-02,5.760717892013065417e-02,4.564649909715810111e-02,6.176740151399837675e-01,8.260664110972656404e-01,6.881612913775425611e-01,3.495573764795056881e-02,6.756404431750145760e-03,3.995200386273022736e-02,6.008295373087097109e-03,4.407176963232570244e-01,7.401734749945703129e-01
9.761852189492951082e-01,8.575726221253089643e-02,6.382209392831281747e-01,6.972750909496880367e-02,6.132847152620964082e-02,9.353908150374756758e-02,7.303586748538825058e-01,4.894765339328437381e-01,3.097576359282875891e-01,2.717155068309046739e-01,7.493629768683247594e-01,1.711519920271696582e-02,2.175252381896339571e-01,1.636613373614404510e-01,3.437172405877673143e-01,4.755832831690873785e-01,8.550489644420332380e-02,4.057766709991930121e-01
9.774230120487320539e-01,8.532077185866003832e-01,8.129521123714864572e-01,6.559468941563981748e-01,3.920878793055525557e-01,7.050983576078798665e-01,6.392333456055393492e-01,3.849645996994256469e-01,2.856237312695477648e-01,3.440165850840384149e-02,3.639071533416883275e-01,5.093854844243984881e-02,2.524964319360921763e-02,6.225285767673098825e-01,5.980296992258478904e-03,3.062445281382495388e-01,8.339323244416030345e-02,4.075158021022928234e-01
9.486351951049731834e-01,8.216987249356463296e-01,7.119093441081888463e-01,3.990937146383945894e-02,3.643840285289563496e-01,4.089327598944774711e-01,1.339983721693805696e-01,4.440056704887319072e-01,2.298710984014136760e-01,8.462217483883731628e-01,3.824886087539069446e-01,1.266089378178256453e-01,7.847947537224604364e-01,2.808399336966810322e-01,4.916592161993052490e-01,3.147437123352255783e-01,2.776727699961030194e-01,3.027672600059608254e-01
9.888086449512145659e-01,9.387925223453568169e-01,8.272896123475755870e-01,5.363930476066092190e-01,8.753467433202104520e-01,3.790179224546464942e-01,4.843475352264267619e-01,6.526646080671784089e-01,7.736735030715720107e-01,6.256262811817686620e-02,3.839001949025303562e-01,1.670104076216913092e-01,7.849207049257703739e-01,8.639380390170847690e-01,5.465821149350054142e-01,7.837715435162151412e-01,4.978257370577453544e-01,5.877018188105315177e-01
9.579791693131588515e-01,1.265572960062055496e-01,1.365455432568376537e-01,3.871629420576458980e-01,4.237922083544973795e-01,1.065333434812604091e-01,7.120770070562220111e-01,5.269642560772537232e-01,3.515708463219303082e-01,2.556107360215649216e-01,2.120773751566922341e-02,1.403875237962045296e-02,2.624124124663465008e-01,5.164772978981002627e-01,6.374447653590631369e-02,3.479617610125931293e-01,7.763609292084058811e-02,8.339630663232576735e-01
9.585219755815074238e-01,8.479822572299100525e-01,6.023378888330154224e-01,3.832460343400867497e-01,2.220467985951535550e-01,4.296809031166493043e-01,1.105565639206885775e-01,5.608545376131333221e-02,2.761785924964348382e-01,7.986582842209349886e-02,4.744417764039116081e-01,4.012108870904372293e-01,7.533122702318245656e-01,2.432474833218006838e-01,5.328884751325208002e-01,5.061527218775792036e-01,6.278932089807444106e-01,6.598374555224167937e-01
9.852305580827147580e-01,8.345614979173447967e-01,9.547094283428551043e-01,7.196001897944510617e-01,5.284947449770940331e-01,4.446729832651075687e-01,2.402880686688413647e-01,1.954110536828779221e-01,4.526236800194261001e-01,2.435895218751866764e-01,1.839276765469387009e-01,4.082553701524930245e-01,7.367695555128079832e-01,5.978594242174163353e-01,5.289297061336770828e-02,2.106830488392271994e-01,8.877061421159033738e-01,8.051545661371288798e-01
9.296840172713477513e-01,1.772363613926458414e-01,4.458471451696606747e-01,6.114665348825469859e-01,4.719476415683269144e-01,4.152392197277722796e-01,3.166618030080168289e-01,2.709071095126817097e-01,6.854186755788301000e-02,3.421049015975080043e-01,3.405909109629207121e-01,9.099680883875307935e-02,4.012131792129559060e-01,2.831484270123300062e-01,1.022430055818780020e-01,3.521964977220695125e-01,5.973066147666690195e-01,9.251672338345320323e-01
9.863884937285110066e-01,1.477599004910666765e-02,3.723121642106396595e-02,7.134295076711667793e-02,8.403704340045646815e-01,1.209226820188904865e-02,5.883717245464558099e-01,4.643973179621910252e-02,4.756746484131187946e-01,2.357865063853773202e-01,2.210867684837671265e-01,5.791043132666471444e-02,3.540682585037638885e-01,6.581139499402430815e-01,7.060701136386543508e-01,2.211622241923156540e-01,2.600155149272261879e-01,8.242915302552693557e-01
9.843544940552203526e-01,5.689136892053733296e-01,7.871805692404834076e-01,1.084726621088111936e-01,1.373021815052896388e-01,4.010518187131570378e-01,3.090527770890607040e-01,6.692843034055330209e-01,1.131800788022599771e-02,5.924325185757721712e-01,3.812295607492623140e-02,5.230819160245407939e-01,2.891626606960836718e-02,2.296846925085621882e-01,1.163048365433192038e-01,1.686461970089363493e-01,3.429696247353929417e-01,9.198398240057829023e-01
9.670178481036765250e-01,5.781184573789335257e-01,7.244515124365757952e-01,7.606954990339451772e-01,6.667649529177024359e-01,2.643725258658867205e-01,1.828688109945780516e-01,3.704637758556350580e-01,3.361340510701079087e-01,3.200519105103841189e-01,3.283066325714090739e-01,2.213387857811150716e-01,4.422690461101971837e-01,2.906931677781870449e-01,3.616421292351719718e-01,5.700532459185340128e-01,3.237999441431527181e-01,5.384239663796444031e-01
9.734921280133467247e-01,8.943762356162215932e-01,1.933785415670176144e-01,6.645741888452201263e-01,4.077250735592540254e-01,8.831439071515713168e-01,6.418400224517237795e-01,9.209887906749871303e-03,2.196600670856073325e-03,7.536058610410188985e-01,7.549178709015742506e-01,1.648840145269996407e-02,6.061741435249995424e-01,1.932859188548274321e-01,6.858478288203876394e-01,5.924160103115022613e-01,5.705410017755417895e-01,6.917420869818121654e-01
9.795053891347529351e-01,6.726863308569854816e-01,8.198361647964478305e-01,4.444098145198072669e-01,8.337008900290950875e-01,4.797721286351488978e-01,3.984658470515072826e-01,8.071867739925024932e-01,3.587928932014290972e-01,2.108540129149541476e-01,2.075013686651884792e-01,2.997320121632869316e-01,3.152962178364790979e-01,5.629440104610384799e-01,8.592274363581439145e-01,6.244790204729653293e-01,6.948945590811570483e-01,8.601576022892237772e-01
9.823231887302170673e-01,7.472762492415905289e-01,5.182439841714630013e-01,2.863492462875984468e-01,5.732721508572665714e-01,2.991877306880383891e-01,5.066487217277801935e-01,8.283340258503045783e-01,6.378324301541069552e-01,8.153941544069092107e-01,5.946160438293706108e-01,6.295780574502028992e-01,5.249715632775221463e-01,9.004414042957217812e-02,1.132472463375164273e-01,6.772416709264739154e-02,7.585245720404452940e-02,3.828818951582182439e-01
9.708059868195538789e-01,4.323163045262629067e-01,3.404698169421389586e-01,7.624383754279242531e-01,6.394601478007302386e-01,8.333059832079038332e-01,5.822569954965616246e-01,7.880520269436949166e-01,5.452869472506494120e-01,2.040850930997927803e-01,6.057469613622594451e-02,2.214992463992228044e-01,1.474192988387775793e-01,3.171421886538058899e-01,3.979492404889206636e-01,4.656926655644194613e-02,7.771140873685584705e-01,7.989682983485009160e-01
8.002270860433577937e-01,6.417198161103139231e-01,4.767728016227765209e-01,4.357423201712224414e-01,7.256482571543713123e-01,8.757664806119388468e-01,7.273953565229845930e-01,7.881932403336948667e-01,3.133154367067155777e-01,3.942455334406348433e-01,4.666298968951873571e-01,6.517721175596804528e-01,3.906441736376932150e-01,4.748383961792664865e-01,7.642566988016981366e-02,3.687894294256214289e-01,1.809044948615763926e-01,1.880519022620963931e-01
9.666622744362862729e-01,8.667932182921408435e-01,6.179906391627311146e-01,5.222335484601070554e-01,6.575711887475913647e-03,5.742576052675600895e-01,6.522145403306538469e-01,6.318497593588544570e-01,3.522632676684849251e-01,2.745152744206470485e-01,1.205667325743142310e-01,3.894593591176011560e-01,7.429665360391176643e-01,1.013402942589431699e-01,1.073057649064908942e-01,2.846475298219542927e-01,6.681114959645121365e-01,9.246461335417832661e-01
9.760535771898907198e-01,8.956339258944467918e-01,8.830743301938679402e-01,6.548199552681412960e-01,8.430925544633386393e-01,7.637953739173803935e-01,1.354313131184363139e-01,2.838451435626853092e-01,5.495242592767225487e-01,7.286189725550605845e-01,4.268963514415055616e-01,9.176181424962891464e-01,4.117914443280805692e-01,5.525787046921745160e-01,7.218823949201269574e-01,2.570032265736789112e-01,3.165095686376216966e-01,9.338202185284440182e-02
9.783154407548404485e-01,9.294226861444320198e-01,6.048953626229605085e-01,8.074236683413010818e-01,5.103476363376074909e-01,3.305127827441135119e-02,1.995368687054004109e-01,4.214416535429475474e-01,6.847939016888219266e-01,7.047133933521302351e-01,7.386322590868372728e-01,8.026910036494578904e-01,2.439047429139598044e-01,4.026615336603878714e-01,5.729631824097053405e-03,2.989404210780803317e-01,6.593173254618511954e-03,9.163562476800322099e-01
9.680109298322766564e-01,7.469323917028281024e-01,8.508313983419459881e-01,7.521035018353177115e-01,6.501101385714818104e-01,9.582325817296688530e-02,3.434889968297473173e-01,6.365330576675830299e-02,5.207355808708628020e-01,5.081086146715247942e-01,7.288027770908662717e-01,6.306859385756913294e-01,6.418339029150728070e-01,2.450618878258450234e-03,2.585553951036375087e-01,8.255891398000552162e-01,3.865255897759785064e-01,7.939073799747593529e-01
9.676045421174739314e-01,5.343800916291158165e-01,3.418806172453913161e-01,3.153680930906772040e-01,2.012899987537139224e-01,3.674526028393246824e-01,2.545756089086780305e-01,1.058850086256048206e-01,2.442246967983703054e-01,3.876854634782457287e-01,1.402796913127449807e-01,3.603702630509510452e-01,3.926479466915533956e-01,1.227602436831637389e-02,3.162433466442945984e-01,6.660195187353834534e-02,3.369773553688492074e-01,7.510964800365126370e-01
9.800125302835347441e-01,6.138180926305251139e-01,7.138416658912384305e-01,3.148342632998069046e-01,3.096629237971849080e-01,4.961016706808707433e-02,1.347411192007685055e-01,4.070549837272989246e-01,5.255657206813206701e-03,3.703517650328999045e-01,1.285750093641133684e-01,3.177108441406924499e-01,1.787985652214322263e-01,2.200323437746869171e-01,2.210012356169382963e-02,1.820013836308772073e-02,3.011122567509772873e-03,7.256833748914652826e-01
9.703078050366412688e-01,5.509789440409182948e-01,6.804708541803671240e-01,4.705956922327512726e-01,6.747699515083128707e-01,6.728768865085390516e-01,4.835724404588210845e-01,4.100255891631485738e-01,2.061934768712820332e-01,5.389740128693722987e-01,2.723175296742699203e-01,4.325353299887004788e-01,1.519430329830506188e-01,2.293490050000334679e-01,3.765314352204963688e-01,3.851004804177841634e-01,6.644227708162623314e-01,6.779961223936041836e-01
9.684281809516689377e-01,8.545049679742688920e-01,7.562922844577703030e-01,7.872018051774551384e-02,4.400028715138877833e-01,5.634918701014555165e-01,3.719665729521046821e-02,3.793575222442079342e-01,2.215169035207341652e-01,1.555282836210397091e-01,2.796034584841030485e-02,3.648901801160773783e-01,7.055156501924421120e-01,4.644791288695893083e-01,5.248392366617723459e-01,1.255161901711722705e-01,5.555203537599266994e-01,1.149970921507662974e-01
9.864087909005335719e-01,8.983188844321138289e-01,6.135994798285332452e-01,5.670113094000411857e-01,5.852785062421478335e-01,1.294708045645744793e-02,3.352908050168231235e-01,4.195860746647581130e-02,4.288630829300937308e-01,5.487937915856959670e-01,5.306015594082518216e-01,2.867814969728971763e-01,3.012575648724039740e-02,7.216229971904506435e-01,4.123704310193154199e-01,6.823478699425554158e-04,1.538016607835762661e-01,5.941819243033309439e-01
9.834553346487189263e-01,5.429948086322365919e-01,2.506383827873693848e-01,4.823907712371075518e-01,3.101091160848670758e-01,1.234124708073340987e-01,2.004339996930307732e-01,6.668885534834205486e-02,4.371083768627335719e-01,7.700196188177393930e-01,6.864507299328198586e-01,7.911610238331258094e-01,9.179316899463018098e-01,6.763706133387449582e-02,4.683116812622125091e-01,2.031983431286592812e-01,1.738967161337651723e-01,1.205355524964355357e-01
9.744912621106572859e-01,9.614837626454306729e-01,8.842072347701326329e-01,7.471335426084061426e-01,8.722782759276767606e-02,1.600650762154028628e-01,5.511371421075684784e-01,2.817405930312432139e-01,2.269236535649740982e-01,1.160255392518036027e-01,1.303289889085048614e-01,7.790984277409805925e-01,9.289850067989102733e-01,2.685276239069615545e-01,1.569746025491137315e-02,1.444918388021466105e-01,3.335129229428911435e-01,2.300609162395324259e-01
9.404237901451280024e-01,8.669609148383746744e-01,7.717303125461260072e-01,7.083352368975239788e-01,5.732348745471267382e-01,3.089776954931520159e-01,2.858737344977453909e-01,4.675090507931295991e-01,6.061765542102742765e-01,6.359115167750595266e-01,4.764749794934484139e-01,4.277027497269706435e-01,1.090363710747354123e-02,1.450941230681923599e-01,4.583081569245555098e-01,7.045660562208320155e-01,2.071596426551932935e-01,1.901121107562359080e-01
9.833261979431261457e-01,7.139215380170316205e-01,3.759643514262738240e-01,2.127906846709295696e-01,1.607791026975748938e-01,3.670793464960360186e-01,7.539273142627965774e-01,6.920733430601220260e-01,4.809364858250592123e-01,5.490636449078292181e-01,1.904957762684173217e-01,2.427617767381445579e-01,2.784664472880192809e-01,8.425386870032816056e-01,2.411435360481780088e-01,4.883818079102279497e-01,3.069719933637444775e-01,7.893245285831477220e-01
9.794722209936026491e-01,7.972617993598291042e-01,4.818323258713158586e-01,1.585257676987111286e-01,7.613713374519200938e-01,3.858136778325509941e-01,4.615343458937459231e-01,4.681307510686563700e-01,2.670173373547184981e-01,8.326866077802581589e-01,3.866441673872321461e-02,5.305266919975439865e-01,1.751042165112604021e-01,4.957954720190724807e-01,8.028811553593467876e-01,6.159573136807861005e-01,6.256388355275095403e-01,7.756157582115537075e-01
9.746211342210181483e-01,2.100124817167010050e-01,2.907733475044873422e-02,1.545562128285812298e-01,4.041904176900105311e-02,7.653807093841852316e-01,4.828888086900284815e-01,4.107138699797513448e-01,6.266983277565620902e-01,2.641507187594009376e-01,9.428419088926046077e-02,4.783151392538836366e-01,6.639033239487693305e-02,1.753004261908019945e-01,7.185460098412274066e-01,5.609836401312205956e-01,8.238332319454974018e-01,8.412555939202043254e-01
9.789890552577436011e-01,2.215507556694882307e-01,3.878872024139132235e-01,3.219833152125318732e-01,6.824193525966656404e-01,8.665605901390603938e-01,3.526012800236228983e-01,4.234271560793967382e-01,4.973952778425054233e-01,5.767430763779353153e-01,6.259795860524400846e-01,5.175568080314170150e-01,3.857587012835972384e-01,6.976243034397531240e-01,5.015561768320889735e-01,3.066876130882528750e-01,8.291232557784161683e-01,3.453629516104870789e-01
9.665868018904100190e-01,8.216430609307175947e-01,7.881075883123896952e-01,7.655772305517701826e-01,3.650146177242303280e-01,1.613914044409010817e-01,6.672288673917448065e-01,1.337650994435995444e-01,3.313097829604282896e-01,1.862678224668064542e-01,4.410362756404707096e-01,5.121753285119531179e-02,7.577353402189612730e-01,5.638606145015321314e-01,1.969365232583141501e-01,5.300015618461980660e-01,1.601743398566398136e-01,5.487969240505767843e-01
8.972067344472859363e-01,3.392085066990803699e-01,5.349921093952092477e-01,4.262980367921932467e-01,6.795348603427492362e-01,5.445944369234179128e-01,3.524967460409352271e-01,7.084013771370722967e-01,2.767617616543751047e-01,8.496564254178579079e-02,5.165316421088771426e-01,4.951306767301179579e-01,6.090556171311075628e-01,5.518737124681198924e-01,7.529909259589591397e-02,7.225440869960939039e-02,5.657116657989347264e-01,9.519755157943492474e-01
9.890455146801805375e-01,3.756538204541875481e-01,6.716757800410877444e-02,5.983047324783251353e-02,2.443500818729326673e-01,3.051797040568027808e-01,7.083242443689639067e-01,2.317916627753101866e-01,2.758112303139170773e-01,4.841495036387736817e-01,8.585365540892418990e-01,7.981009245551737852e-01,8.159383632999445135e-01,5.879815494702831380e-01,6.471914539840546432e-01,7.459045493198422916e-01,4.234609151110118042e-01,6.697171483151832527e-01
9.711493100218225871e-01,8.738217516832695875e-01,8.631566230905410864e-01,6.847645430796831523e-01,6.676158996011217761e-01,6.734869188104734006e-01,1.237511199308359983e-01,2.581343045325157903e-01,4.451986461747636237e-01,7.762626073751187350e-02,1.321662924513449244e-01,2.647877023996644263e-01,6.507842384204570729e-01,5.148107657426195111e-02,1.603348080695469746e-01,4.688681751538776865e-01,3.118980686564360449e-01,1.164554334980514028e-01
9.807800692904006246e-01,4.232203182150676146e-01,4.913724631977329782e-01,7.072210508349061620e-01,3.411454830129613813e-01,1.865297542065085523e-01,4.344811247658984521e-01,5.568481012971461253e-01,5.862156421273346796e-01,9.186396713782449819e-01,3.606088253046867975e-01,1.610509626092869184e-01,8.456272337280869300e-02,6.034698584867389526e-01,7.699134970646920317e-01,1.785257261396875905e-01,3.091844727359085998e-01,6.665793592597257788e-01
9.765284620132438365e-01,3.923034894993536748e-01,1.658822776745507224e-03,6.774941401107615890e-01,5.725140967581917595e-01,6.295068547115542090e-01,1.605127555227595926e-01,5.700231906223126588e-01,5.668493427664309525e-01,7.563834343176205621e-01,6.011971443879924326e-01,6.865753858326221204e-01,6.068444581711229802e-01,1.919499406293933286e-01,1.786272207735506434e-01,4.334240283536385657e-02,1.181243104475639821e-01,6.419490125510331213e-02
9.576855204301054636e-01,8.338175318100358169e-01,6.699310051929278087e-01,4.303776884244462919e-01,5.907916426334615112e-01,6.751268807880940193e-01,5.131977101577369638e-01,8.899812620573365196e-01,5.990778288571105836e-01,3.169122967948023728e-01,5.014291932803710550e-01,7.266439125342144534e-01,4.434433487630592419e-01,4.700487998088490049e-01,2.015763924025974069e-02,1.493868581297397302e-01,3.059256146391313713e-01,7.689859208563033510e-01
9.893335375064541415e-01,8.561527685074390437e-01,7.995713195208079549e-01,1.730041818284321908e-01,4.219477817808386377e-01,3.818713604881297796e-02,3.947336993565574437e-01,8.591242638200200510e-01,7.502787442652313343e-01,8.364541332204422641e-01,7.612074816733110927e-01,1.919300671713012330e-01,3.393624137109762517e-01,7.068487068774237381e-01,2.108725753663179825e-01,1.387709630392209258e-02,2.180506383890638833e-01,1.479745855027264911e-01
9.691885200719837501e-01,6.163755579272260920e-01,1.862742624701779759e-01,7.074836122883942924e-01,5.042533037904971538e-01,8.305890799439415162e-02,2.796718876287791755e-02,1.585957974239306234e-01,3.739394661888674753e-01,5.018847539874465857e-01,2.574178714266610046e-01,8.416348937716352507e-01,3.931271343705986521e-01,1.563134978859616053e-01,4.570691596460829675e-01,1.922544668519427513e-01,7.629377845584059958e-01,8.341681226002461980e-01
9.524310470978679666e-01,2.172730221529260985e-01,4.866741727318745769e-01,2.387762912366155899e-01,3.086000042143196009e-01,3.965797543102977940e-01,4.557623993356308412e-01,3.211876506097794959e-01,2.385788798925580767e-01,1.377070591903352230e-02,3.782564369020605111e-01,2.557460014121261740e-02,6.171061330622817920e-01,5.457640589259753483e-01,7.940366225681293466e-01,7.169452872872628113e-01,9.109718897274585170e-02,5.060579430622225844e-02
9.398211199515134062e-01,7.758929310217873576e-01,6.939078986914831715e-01,2.522505609847007224e-01,4.780857486242105076e-02,5.496078568163107470e-01,4.663715181591188697e-01,5.840738992721530298e-01,2.956341436782493684e-02,3.838706708689440528e-01,2.041175639979930789e-01,7.749269134377675394e-01,4.157381538953017208e-01,2.940513150440400292e-01,3.823887258974519310e-01,6.896191347006215555e-02,4.677184300120879601e-01,1.696682918020530340e-01
9.899058976244068386e-01,9.356596775679340006e-01,8.153563676713702080e-01,2.175969498246759781e-01,7.824490606383185387e-01,2.278256253514325258e-01,1.127089312627866380e-01,1.319055733736805847e-01,4.952407832761157591e-02,3.309382146273026071e-01,8.249196069556299360e-01,8.304164423935431749e-01,5.771912663471099325e-01,9.803033821343622514e-03,6.291413350360309797e-01,1.451039398859700902e-01,8.258202036463891949e-01,7.121012617833103464e-01
9.858517947603003817e-01,7.440889633589432561e-01,5.236435497737106370e-01,6.369623520463494337e-01,2.863640621138610273e-02,8.435723567666718326e-02,6.021873971494257072e-01,5.004898235838833864e-01,7.424461142892868626e-01,7.456601008564709421e-01,5.700244369370978115e-01,1.558330753796894341e-01,3.347155766736613636e-01,3.454826400405085485e-01,4.952128132109452907e-01,3.845534110969802133e-01,4.320342467653011109e-01,6.216744726819054545e-01
9.867184277431240158e-01,8.961366489291942017e-01,7.242452524110200018e-01,3.009981038067214287e-01,3.365224557228250757e-01,2.395420776231195759e-01,1.531955660499221550e-01,5.072091072651958577e-01,5.191174427209092057e-01,4.134675542439528728e-01,1.730904190814035737e-01,4.987820967454441590e-01,4.495668245993166279e-01,6.772353368364782966e-01,7.795785313442178677e-02,8.747250174646506449e-02,1.208589789424956984e-01,2.715126028189249752e-01
9.782549921776231283e-01,9.290693154227803729e-01,3.796615612213238844e-01,4.852253434036216811e-02,3.675964365989107252e-01,4.401969225956647302e-01,7.110621863568992174e-01,7.164436689566521244e-01,4.461729021388931016e-01,3.190431653961147140e-01,5.153067320676296692e-01,8.091057233320844144e-01,8.433240180601222491e-01,3.901433943354626344e-01,6.574184103988699457e-01,6.493065339949187775e-01,7.732538773493130568e-01,5.101107905568760259e-01
9.864709181314784692e-01,9.166463739334906879e-01,5.866952766085399285e-01,1.425932814945820581e-01,3.419869867444682576e-01,5.319649895076916657e-01,4.879078151378256067e-01,2.067914940080330388e-01,7.127655040406178921e-01,2.081408562484159674e-01,2.975759717528007053e-01,3.210057526167616193e-01,3.535255925048996217e-01,2.179277936752093206e-02,3.123235068052485630e-01,2.610094445812223829e-01,3.395864757464130967e-01,7.336000500605297514e-01
9.875666160518494774e-01,9.019843048468877411e-01,6.839439629826207234e-01,5.052683720008007695e-01,1.472171015349896250e-01,5.039118289565169828e-01,7.689296202319451101e-01,7.022846326229017500e-01,4.284609135590628642e-02,1.769262577082200694e-01,7.392220629977419577e-01,7.305691736833832550e-01,5.604993192560581150e-01,4.331911696855502703e-01,4.946003595922416896e-01,4.382657695156054189e-01,1.447060206033566332e-01,4.674692377982851976e-01
9.673456711310850498e-01,6.317748160070051355e-01,3.706252060874453691e-01,4.840456955750077617e-01,6.376213852719767594e-01,5.978981822029156845e-01,2.882352624579433975e-01,5.881328206772071798e-01,5.924114381387303972e-03,2.666025852398897222e-01,4.821059233304896274e-01,5.708425766296334469e-01,4.557468736730569542e-02,2.551564869488819332e-01,2.958432011505681136e-01,7.584342409189022416e-02,5.629716023983107887e-01,7.302134338659325152e-01
9.770019250475387995e-01,8.003673392736024850e-01,4.850344299150819438e-01,2.048355804443094119e-01,7.305984197155137583e-01,1.948271675119965796e-01,2.370337507426840684e-01,5.573928211432327418e-01,6.339658101732378315e-01,5.603231059470172859e-01,3.450910371875293148e-01,2.159925199374158333e-01,5.082166656777331593e-01,3.610414778825733056e-02,3.630983121420619519e-01,8.204628130765919680e-01,1.437836954194334493e-01,1.323143907146776543e-01
9.789424440630088986e-01,9.131413484819784765e-01,9.416673052520765363e-01,8.477958499622042510e-01,6.038819077716077732e-01,4.750114560810720366e-01,3.594372418711527239e-01,3.180431519709880361e-01,7.450267136239264731e-01,6.437088680866326351e-01,6.363143040027706698e-01,4.138701521458985622e-01,5.831731713291391506e-01,6.922952157203293710e-01,5.570709034518347424e-01,8.244744718204878309e-01,5.028590451496294245e-01,2.260897991637337567e-01
9.888929367837115958e-01,4.827387694840316046e-01,6.175001785586863301e-01,4.717480247370164359e-01,7.003169464361371777e-01,2.744283483317587133e-02,4.320233535147324222e-01,4.828207910573869555e-01,4.761478120723036667e-01,6.301679284410786064e-01,5.380924454273499080e-01,5.344812069263320531e-01,1.611846678788387277e-01,5.589329123627367890e-01,4.227083330885533230e-01,3.021929803521214430e-01,3.872275612095301689e-01,9.523044270644438480e-01
9.849001982319445236e-01,7.590887925475755527e-01,6.311494575620718583e-01,1.103030020162567154e-01,8.095699144910891709e-01,5.883150210009100434e-01,6.836860623003048198e-01,5.041825015314621572e-02,1.314788961607050721e-01,4.646068518307115425e-01,5.327279676646282103e-02,3.575243850330778739e-01,1.382315572150667193e-01,2.804294584152172004e-02,2.517307742824818062e-01,9.580227908123295499e-02,3.174217599384813737e-01,7.623065948983531737e-01
9.742662039177669708e-01,7.377682874885415076e-01,4.506200754662428865e-01,2.327197874827844903e-01,2.926027654537606271e-01,2.512723164941025877e-01,6.422040637328417789e-01,2.019407595347832152e-01,3.206000411932639071e-01,2.749676892046414300e-01,3.091264385632853592e-03,6.172119370162149760e-02,3.019731928774393448e-01,1.686831071876095933e-01,7.487429084791222267e-02,1.502776725235751079e-02,3.300678300252803399e-01,6.886258262174494993e-01
9.457062547868874125e-01,8.619650011664672373e-01,7.635579618246726152e-01,6.771520305439531207e-01,5.209284808283176638e-01,3.057830922211625113e-01,3.983471514691063753e-01,4.152419138374479068e-01,4.927073510877612583e-01,4.849567612046373211e-01,5.229440757302084020e-01,4.213318438512350106e-01,2.951499129013275269e-01,4.963337936031399916e-02,2.698198020618250426e-01,2.593887333462235323e-01,1.119947240986143150e-01,5.365578718595565011e-01
9.794263854335055752e-01,3.244817088885892931e-01,5.678712479912260136e-01,7.810188961244781680e-01,5.321434943362158831e-01,1.599624414687199070e-01,2.606960249535764662e-01,5.603722568009544824e-02,5.627507916759117990e-01,6.256357839413093647e-01,7.739778955836931207e-01,3.194784492076570559e-01,2.805215728985324120e-01,7.651920373883188686e-01,7.825975225406653357e-02,1.527716604917952470e-01,2.660275779112279970e-01,3.374707748540783925e-02
9.818168101155276828e-01,3.898728217749337643e-01,5.403143045445301107e-01,4.725379984677832712e-01,2.657801048943043143e-01,4.469508542549098795e-01,5.550851111675486615e-01,3.823180517855891414e-01,2.771162377904707319e-01,3.817443547090829670e-01,2.924143329355561871e-01,7.166063502073721780e-01,4.436682026343349294e-01,1.407482025294927441e-01,1.540147719566206837e-02,4.336431318923305578e-01,6.389908709382587926e-01,7.275798261620011198e-01
9.665091896767408208e-01,7.462631588165405949e-01,6.590504376775717654e-01,9.845349775307203621e-02,3.181232038309065868e-01,2.798174738465265543e-01,3.983209774286146643e-01,1.310012830100668324e-01,1.600563796292002738e-01,6.975529485261378060e-01,6.608745884331918008e-01,1.368209960974522965e-01,2.381126332490108022e-01,7.202023776580755987e-01,5.132670957955486335e-01,4.444455692074618658e-01,6.111535396836981215e-01,7.549548204218083924e-01
9.729017350655044805e-01,8.991194563870485990e-01,6.976494719948033163e-01,6.162448106116127367e-01,3.127888968632608901e-01,5.684353267993578207e-01,5.913395780722189299e-01,2.971011237925553355e-02,2.586435787261252561e-01,3.241249494938533426e-01,7.632887320713714896e-01,4.777014156188398586e-02,7.249755196113975841e-02,2.912176469730357042e-01,1.126608230511226688e-01,1.646474661870767631e-01,4.846732874013873205e-01,4.038283879454275527e-02
9.460096041782108944e-01,8.473944895703414693e-01,5.143968548285354769e-01,5.023804371989092354e-01,7.172342763459764736e-01,5.142148631548995041e-01,4.857789355094159212e-01,6.767392685152706644e-01,3.146432697972708081e-01,4.538870064570900698e-01,5.522672826542703861e-01,5.661728898276078281e-01,5.363898390600680965e-01,1.217279049766225862e-01,1.555959090238279996e-01,7.402723426404611562e-01,7.460081423364378628e-02,3.232527336808698748e-01
9.601561101664701781e-01,8.156013199292349025e-01,8.341630394939882065e-02,3.082513493975119201e-01,2.136972503133222623e-01,6.557663795748788216e-01,1.052312087382125394e-01,2.012799227462868379e-01,1.326269229636679037e-01,2.828289275388118709e-02,3.234727070244955982e-01,8.250080439154541256e-01,3.844897161046093026e-01,2.457830700865958617e-01,3.218876167155169110e-01,9.096173195287096669e-02,2.175026809701953723e-01,8.555730083629754512e-01
9.907537471992496902e-01,6.144986307434293638e-01,7.641036794475979388e-01,3.962022412591064136e-01,5.443619666616863473e-01,5.190137246003533322e-01,8.205570987732599963e-01,8.358087909394399384e-01,7.407821725995472617e-01,7.851640273438534878e-01,7.808028370398705231e-01,4.738284334041702461e-01,6.597793399127870329e-01,4.131055940695544937e-01,6.072749044390381851e-02,4.884297539620691686e-01,8.759379245875029141e-02,7.326726284145993473e-01
9.696368699731180429e-01,7.187081867432203452e-01,7.878859214414448697e-01,5.258718423010091403e-01,7.304507703198875879e-02,6.856561491379298268e-01,4.078687672915195517e-01,1.130032882485463852e-01,7.390402376331843826e-01,3.705295019510103094e-01,6.548062715022455738e-01,3.016654946265584503e-01,1.974676266324731089e-01,5.430735940703282916e-01,7.727791630273627144e-01,6.003930946643298849e-01,5.193140845574678588e-01,6.720286996398278090e-01
9.434255276862545392e-01,7.973402198337676827e-01,8.757562954544435563e-01,9.260193337815784131e-01,6.166666772738460534e-02,6.527060574144204486e-01,2.426952605807954771e-02,4.387822806551474608e-01,2.908133552333684868e-01,2.284376450013856641e-01,6.948641834107117665e-01,2.380537285304378248e-01,5.666681129361131886e-01,1.571014173788558010e-01,8.747197680428976385e-01,6.035626652128542879e-01,5.368124771354018110e-01,6.371160688334253086e-01
9.909103095212112855e-01,5.962563495572871242e-01,1.008311894859301866e-01,7.438910546861505768e-01,5.674846246752401902e-01,4.799320131945347123e-01,1.579225379477012525e-01,1.600478100086591138e-01,9.133220604796368214e-01,6.707780747803430144e-01,7.275802601068105391e-01,6.317022707072161847e-01,6.267313464803353495e-01,4.602663780578930552e-01,2.388937820725633154e-01,8.962857733876192223e-02,1.499468787847829665e-01,6.725862372548601087e-01
9.739641075047283936e-01,1.078148529034944486e-01,1.521600198403933457e-01,2.260264410268441465e-02,6.245609672696024184e-01,4.831827178352954277e-01,7.957727148366218473e-02,7.220634602306038596e-01,7.873490708935063087e-02,4.254960154744932832e-01,6.292299745253723264e-01,1.742958672602525072e-01,7.782091563799768963e-01,9.742710211932427422e-02,2.214558947855364279e-01,2.842522838062324642e-01,8.885287705441205497e-02,1.358082544163010386e-01
9.530756911704365564e-01,8.077457173295965465e-01,8.588471077040816803e-01,6.152403920880952226e-01,2.838014085588541069e-01,3.126625591071928723e-01,3.719862681142830502e-02,6.442588819075119044e-01,1.298553074052829492e-01,6.821890926751654760e-01,7.640186107109832037e-01,3.942762788017242226e-01,4.464870537966817987e-01,1.353441042469266109e-01,2.844871945478193442e-01,5.098026690528210114e-01,3.773672574943682245e-01,2.558350501132626298e-01
9.765274653731654819e-01,7.516764090605254633e-02,1.755444766102731147e-01,4.787978367175858563e-01,7.498207182290536066e-01,6.330572202934338089e-01,5.405512490259419822e-01,4.671954889364543506e-01,8.594924615924458555e-01,6.144927455494917368e-01,5.923823410216962904e-01,6.007921544007599479e-01,1.042376451619713706e-01,3.635569262354658715e-01,5.839833433538845764e-01,5.935058320151687106e-01,2.774858811417937332e-01,2.340566629608783755e-01
9.848484630447897903e-01,8.404065246511789322e-01,5.968102607809174787e-01,7.327597193425896549e-01,6.504600621337656152e-01,5.518540294722833472e-01,3.498247221282937414e-01,6.327187445371833530e-01,3.366548601375330962e-01,2.246140684688133216e-01,5.513329295839854982e-01,2.557412065081784286e-02,4.328832887529986961e-01,2.306451990463153912e-01,4.043908022376155875e-01,3.546995971707763706e-01,4.341191637454987484e-01,2.515291764032651090e-01
9.379833472176141163e-01,8.867273724922615230e-01,8.475041725596169639e-01,5.447528660134760559e-01,6.624118004029451168e-01,8.634966344092452895e-01,1.789514227419040926e-01,8.311695008378078287e-01,1.088655402254319060e-01,7.281288968541107520e-01,5.927509793070313560e-01,3.749603522663679800e-01,6.687278540816066208e-01,1.087353554065415145e-01,2.950846240615886407e-01,4.794782826460415870e-01,4.792805649507966836e-01,7.280043923340224765e-01
9.631632189070183925e-01,6.082801102329389309e-01,4.046939789869932191e-01,1.797026381530478223e-01,3.882949871932767083e-02,1.447663219646611876e-01,4.314593141004146037e-01,5.546048804327599058e-01,6.733833849759078560e-02,6.553400026063515016e-01,4.644431277827943405e-01,5.572668725078825380e-01,2.248927170705401768e-01,4.910326969180668910e-01,2.233190697106905986e-01,1.889286789449499959e-01,1.868833459590004409e-01,8.974991124143482102e-01
9.598402376437380479e-01,5.720775774250443924e-01,6.031005693767105269e-01,1.235959309872506767e-01,2.599824392173612497e-01,5.445327926309233568e-01,1.977649855733286666e-01,4.866053831792638840e-01,1.752125306521586379e-01,2.332247486684818627e-01,1.627467391132453867e-01,3.018869456851659347e-02,8.326628737052477192e-02,5.504044407569694819e-01,9.147868521724621116e-02,2.564218552048606048e-01,3.883965174546898796e-02,4.218004975055850148e-02
9.517154776763655510e-01,1.897007214453540896e-02,2.395175727026561396e-01,5.925230787394569765e-01,1.136005329871608294e-01,6.486086129873611106e-02,6.792285748035420401e-01,3.003448548947196817e-01,2.761505610472411720e-01,3.613902474322691072e-01,4.321219170587276559e-01,6.868370394824722114e-01,2.915797915862731182e-01,4.893036116065395680e-01,8.012488373160008004e-02,5.153159850478035153e-01,3.565517384310106785e-01,8.375278785968078843e-01
9.854919921230235191e-01,3.572507188759481700e-01,5.892915207820949020e-01,5.182187987931373696e-01,3.161678915698468151e-01,8.043791619233259249e-01,3.504419149730343963e-01,5.068512745742667081e-01,4.159443705973500105e-01,2.795303526003296013e-01,4.089439842561176097e-01,2.547896912736951625e-01,5.060454885122360746e-01,3.628685429583474176e-01,3.274602578737600966e-01,4.790912812278536603e-01,3.875341332059808325e-02,3.354451579067570521e-01
9.480946649913976065e-01,4.537002147368686122e-01,7.975310131166055139e-02,6.880501742416916811e-02,5.132129457483465274e-01,1.013069164727483928e-01,4.359181993276381450e-01,8.161597701129047477e-01,3.436158304740705716e-01,4.806012542983725266e-01,5.979864064153113112e-01,2.998509621246503443e-02,4.077004253941050593e-01,1.426769370114117641e-01,5.399522737802678329e-02,2.807417755833604284e-02,6.479065443328918539e-01,7.579050218384587589e-01
9.825754367284980084e-01,8.859874008429469150e-01,8.277631045007334265e-01,2.626421265690717655e-01,5.568715727577550761e-02,5.702117482704178730e-01,1.375472441744297336e-01,3.432255587030721977e-01,1.968857369371786736e-01,2.558401441450939839e-01,1.630143123627194879e-01,1.324744619384350952e-01,2.096923279114928651e-01,1.052775886346374312e-01,6.021854641336025216e-01,7.720640982314337653e-02,5.924158369279500236e-02,5.754263017095011534e-01
9.870076643201367572e-01,2.934709634141082213e-01,4.209315486990015676e-01,7.150981387484357521e-01,6.381426448046354505e-01,4.608077755154390415e-02,4.498518808869730323e-01,8.558343480921134505e-01,1.892179827358497768e-01,7.322628316094977052e-02,3.061516282150963941e-01,3.764852411384846387e-01,4.197126743879944222e-01,4.252098685980469361e-01,7.760863077657110809e-01,4.946264574210285092e-02,8.278600176072589689e-02,7.302664010676449546e-01
9.824430812520149603e-01,8.216805669099347398e-01,8.970751498678074531e-01,6.713054465530960968e-01,1.440218654632402506e-01,5.153108716601347006e-02,5.227524998005717016e-01,1.282364148872412457e-01,1.646655728959661169e-01,4.141713654676527079e-01,1.439418842364567630e-01,1.261860588880215316e-02,3.394996658852295623e-01,7.041326310760579466e-01,3.494724941494172232e-01,2.159898285705073862e-01,6.610271789860831804e-02,4.463778256825347568e-01
9.829617624184763258e-01,7.122113152881909270e-01,6.455444640075204132e-01,3.450472916786980204e-01,4.038076274617534711e-01,4.534961479692376507e-01,5.606571430939788492e-01,1.806105430433321279e-01,2.474701858813501808e-03,1.698194077038325533e-01,3.092811321977873007e-01,4.114850689068287326e-01,7.780411226653572987e-01,9.100833697631861841e-02,5.135233888208763364e-01,5.166948412839780236e-01,6.856789154941198006e-02,3.474914166411226524e-01
9.777584135377049845e-01,6.085022006427837082e-01,4.138752308103352262e-01,6.750559575913884780e-01,6.003354610389276536e-01,7.962011051410640139e-01,8.422621779781764850e-01,4.939693863814749730e-01,3.332887840283071945e-01,8.117963607945509474e-02,2.288972508628135671e-01,7.939077354921848517e-01,9.147335417536305024e-02,3.764053589012233969e-01,3.236915344850563869e-01,1.929912209647789145e-01,8.772271043199247886e-02,4.389803446519330854e-01
9.747304829369869417e-01,1.829287765357681117e-01,3.262713535999253733e-02,3.444428121217418814e-01,5.903934108256582158e-01,6.617265752794476708e-01,2.352958090159480153e-01,7.313500329796623900e-02,3.083622367760178729e-01,1.621019456159092653e-01,4.448183204624127085e-01,4.368139400310845355e-01,6.075319671724940251e-01,6.727534909790967577e-01,2.645711563707949798e-01,5.672682557563945016e-01,7.249081866504708538e-02,8.233920411785258242e-01
9.663064003656514078e-01,8.707268453282227538e-01,4.133709384871563919e-01,5.492299110993300593e-01,3.991981225795069310e-01,5.554649561088416121e-01,3.890796746988586796e-01,5.677291205398395935e-01,5.999507520148863460e-01,6.060913939839250864e-01,8.636641866126755218e-01,1.724840045972289293e-01,3.151840793110400885e-01,1.117616461483744300e-01,6.657729974447202936e-01,2.492389866330833315e-01,5.610476930850295529e-01,5.254569040531769097e-01
9.756455824557263012e-01,7.589785211053202696e-01,6.072092885612637714e-01,8.681228060731601692e-01,1.050737059597881412e-01,8.182997463421805284e-02,3.020239287650042792e-01,3.009177936923959074e-01,2.530494910994606772e-01,8.142919017227766287e-03,2.636062082537596885e-01,9.667540369043657600e-02,6.959775665749305951e-01,3.765754795501675689e-01,5.379897000142029595e-02,2.716263290284089971e-01,5.160022983096997917e-01,8.280723812848503895e-01
9.851118501924819304e-01,9.105899365253916633e-01,3.467528795533516561e-01,5.243531739918351198e-01,6.022531507785960914e-01,3.791994348418845640e-01,3.248497855641023224e-01,3.705835080136184179e-02,4.090531059844493278e-01,3.209050057286384483e-01,1.308028203431106928e-01,1.406793650892501080e-01,6.784733490329300509e-02,1.566202324375161603e-01,5.117929373146610228e-01,4.667172362227746119e-01,1.941736841166660094e-02,6.889486767907563314e-01
9.494715907130022448e-01,6.425395647373355335e-01,6.255692196901621038e-01,2.708176239303443089e-01,3.392526356995134718e-01,5.290321140667983979e-01,5.963238420603110823e-01,1.501638258184916364e-01,1.854696520183642394e-01,2.954528322653503514e-01,4.005079240114335914e-01,2.065091106635216500e-01,2.832362863343463322e-01,4.128104061545965764e-01,4.548939439703547638e-01,4.575185628672483462e-01,5.349072886990788867e-01,2.769687972458685921e-01
9.646795889896845333e-01,4.526814431517217074e-01,6.427860971896690589e-01,2.445615461397901980e-01,4.771443966220813016e-01,5.358998421522798150e-01,4.001078342784642472e-01,3.088413516100556588e-01,5.396676659324087938e-03,6.161577851941670847e-01,2.718579963049090886e-01,4.145399352869821863e-02,6.263395042877935026e-01,8.728887198997770103e-02,4.303017495218267041e-01,4.891788983368126065e-01,6.525769531193522655e-01,7.436973837693157119e-01
9.702230862122028787e-01,7.419721299812960247e-01,8.134825588721958933e-01,8.583437999408253249e-01,1.639869048840247867e-01,4.440562037829469677e-01,1.956424904271459875e-01,1.029052664618803348e-01,1.979452181965309088e-01,3.567650515291467261e-01,1.519691847840796695e-01,3.739244743254810932e-01,3.327799447634466889e-01,1.469771255797910070e-01,5.729109362192329469e-01,3.524850877186830322e-01,6.182741664096272904e-01,9.342595184290219956e-02
9.781024263906866745e-01,9.486227653035146368e-01,9.286660631059810989e-01,1.584670435103252006e-01,4.365362243391106012e-01,3.769706709850469961e-01,1.918225364401084654e-01,1.512534043685598295e-01,6.761235755140230230e-01,2.729885655446943060e-01,2.283604062113379629e-01,5.943478115482452306e-01,2.441522824654691337e-01,2.528122153062488109e-01,4.064077542760192834e-03,5.928344036482380286e-01,2.345139843987054801e-02,5.845073569156248317e-01
9.409538389167182437e-01,9.471495284299015216e-01,7.646528268249876970e-01,2.373869682452263707e-01,5.754016651470181820e-01,2.873383412213145749e-01,4.344024455444516764e-01,5.972566406488008517e-02,4.021753455063689642e-01,1.254082162176713144e-01,5.173833772131785080e-01,5.184072082861276298e-01,3.445419793622193638e-01,5.458121990398434598e-01,4.121684951468032598e-01,3.064069991149917516e-01,5.926706592363941706e-01,9.052474413563688094e-01
9.840442431865319417e-01,6.916071962587576616e-01,4.672367518891210603e-01,2.959033190009341951e-01,4.794259372819817955e-01,7.503005314608307552e-01,6.593873825396471267e-01,8.214258144128820938e-01,4.285483521304259691e-01,3.911110009892532213e-01,2.685422590724793196e-02,7.935778812608325350e-02,5.534763922413220572e-01,1.196620335623066050e-01,2.624374489833540824e-01,8.047309183799657983e-01,6.322837720471546907e-01,9.285667863081770168e-01
9.714372781468727513e-01,2.369816964098399592e-01,3.066895744697998791e-02,5.909890419936189021e-01,2.354193295591561208e-01,8.634800427243278786e-01,1.175823700041056658e-01,3.838938791634439185e-01,9.588862868189515498e-02,2.241002866598181542e-01,5.239591732350025177e-01,4.973228249169936444e-01,7.846170344322650481e-01,3.280535936809439446e-01,6.003298937889517406e-01,4.294274695650605045e-01,3.767610098819965669e-01,6.950127472872092982e-01
9.061115357756607258e-01,7.006307708079337893e-01,4.340101745031996194e-02,5.459534412607560672e-01,4.466180118238020635e-01,7.175227333794557960e-02,7.787723612237499315e-01,7.393315794623650516e-02,5.889931962484962202e-01,8.354611493789597665e-01,6.882166606658944863e-01,5.103232910623698437e-01,3.171822669750623547e-01,1.117450444048360692e-01,1.298759340303639598e-01,3.186939055734800963e-01,7.773424057930408138e-01,7.126311158510736377e-01
9.355464738162705407e-01,9.033765111166445205e-01,9.053983392392597196e-01,7.523061262906550750e-01,6.898154564656669985e-01,6.051761678146779788e-01,2.876722971630241710e-01,3.735364967058754093e-01,1.537686829043654058e-01,6.331999317443631758e-02,5.849657093127418328e-01,7.479333391219967764e-01,3.986556772446920860e-01,3.050015939973000356e-01,4.321567910238712229e-01,4.975430156867975962e-01,2.261673742751878491e-01,2.685039061600523747e-01
9.689933885363326560e-01,9.149061354813872171e-01,9.297970835008320112e-01,7.681074082407025605e-01,6.045549603519647652e-01,6.795385547839365437e-01,4.100687082547113116e-01,7.902584999781977482e-01,6.292824950412103657e-01,8.209832997460165815e-01,7.130465903808412831e-01,7.436072562731150803e-01,5.422925259235454876e-01,7.246288098015071788e-02,1.463536962274334663e-01,4.092806893726049777e-01,4.626375204729070156e-01,5.758308401253456887e-01
9.907795914928876346e-01,9.397100759884480237e-01,6.262079128081865509e-01,3.421116665538543322e-01,5.567201877504922569e-01,2.558223553996982758e-01,2.691542922188017717e-01,1.400178091326048091e-01,3.405571548925976910e-01,4.433446320144962538e-01,3.013000721663939840e-01,1.087789580061096079e-01,5.192478991502350594e-01,6.684219971750923750e-02,1.370387889587163233e-01,6.927116732316351833e-01,5.232061199508587501e-01,9.702407801998557541e-03
9.747506193701220845e-01,3.448875510374178194e-02,6.472465635002376538e-02,4.486980126550879078e-01,2.579812997235001078e-03,7.200675480979087384e-01,1.862686975275310020e-01,3.510782196748161998e-02,1.512196723170976809e-01,8.186884342776257206e-02,5.165779993311419016e-01,5.448953478339061407e-01,6.812757281515408048e-01,3.762502308446722954e-01,3.690705175054638243e-01,2.075561890606383575e-01,6.886193906819538801e-01,7.875822516142871876e-01
9.646914990914577936e-01,3.222962964986251233e-01,2.812630426223364233e-01,4.933532718613722334e-01,4.913304116803933752e-01,5.192957109079963107e-01,3.295918218995969595e-01,2.427629636757045739e-01,1.555291889097709379e-01,3.042378552026430913e-02,2.975430888557368259e-01,4.859081338352971846e-01,9.026007727572465944e-01,1.505928927028954700e-01,5.037196381990183269e-01,6.781853778528330601e-01,4.680397390040188510e-01,2.321950665378710865e-01
9.801120752805647651e-01,9.428962444430912804e-01,7.534968235306329642e-01,1.592844702466663098e-01,3.534598233517902144e-01,9.626441556290092905e-01,7.714166738553582814e-01,1.835215679319436299e-01,1.678189198747852273e-01,5.157127709484368161e-01,1.506730171758707548e-01,2.152520081929464868e-01,3.635207651667048956e-01,1.627388702816543464e-01,7.883785165464965994e-01,1.793760042381578601e-01,6.807000910829696938e-01,6.537941404442968452e-01
9.737993341591346663e-01,8.580164531305669584e-01,8.845254503777010280e-01,5.024138142393330675e-01,4.905472535395892508e-02,2.385057104031785072e-02,3.863957592771970484e-01,1.773142006315252539e-01,4.065943070906115064e-01,5.279425241178956757e-02,6.247736147980241794e-01,1.823804560835478039e-01,6.296039479252495408e-01,1.969143558133036043e-01,2.500319437287444324e-01,2.101441241923459116e-02,6.394797296999249481e-01,5.001902534601658790e-01
9.826863819889448681e-01,7.974863914909828821e-01,6.476935979616058603e-01,5.513562659167094981e-01,3.390782128816727248e-01,6.776473213060539846e-01,3.956208443768189920e-01,5.803169890003472275e-01,3.236047437530819026e-01,3.470512977215894912e-01,1.617654483028483359e-01,5.055612321521164160e-02,2.858639631849579921e-01,2.776753357118497134e-01,3.802333697564518333e-01,4.355085270978948375e-01,6.800408031411914189e-01,8.380584758411426805e-01
9.429920374906951563e-01,9.506861339821613965e-01,7.331487983851142642e-01,3.846744086133542240e-01,6.471155309502482078e-01,4.404898517950203707e-01,4.441967132275164154e-01,4.099554817466826706e-01,6.945622155547940269e-01,4.602975037888832471e-02,8.664997821901622432e-02,2.762319151150617325e-01,4.864053270977888865e-01,4.306023889609518762e-01,2.160341681176572992e-01,1.003440651580177340e-01,2.823638630459372467e-01,7.969264250197234389e-01
9.872300475046903445e-01,4.335088474187215879e-01,1.513462002789145791e-02,7.986640059483168796e-02,4.816989963746441672e-02,7.900155082861430589e-02,6.440278331193334260e-01,5.348786635968454384e-01,2.451397402503959488e-01,5.509125959735253764e-01,8.444073919926690930e-02,5.241831515215277237e-01,6.316569912120910679e-01,5.866493429025298328e-02,3.593287891571334547e-01,2.822953766640028950e-01,1.972987888236568121e-01,5.002499258906970558e-01
9.916555153948934942e-01,8.576712401552804010e-01,8.149217383945732696e-01,2.430125082255513436e-01,3.469451469887787631e-01,1.094721465273249816e-01,2.391604217206459992e-01,3.204275380571396381e-01,5.322348208658348456e-01,4.681684766804316000e-01,4.255422960294035217e-01,1.078605538429051880e-02,6.790286556212552505e-01,2.522375480389115743e-01,4.365490675385334529e-01,3.456626618713516952e-01,2.260683346775840472e-02,4.329930157040814409e-01
9.698620915529393427e-01,8.247305978623421518e-01,8.767301041677660889e-01,2.236312231852517207e-01,3.759729384067740376e-01,2.941660263114180829e-01,2.813879940330240581e-01,3.616644314514287917e-01,3.804602057582197605e-01,5.987844366966004195e-01,7.640962981959015243e-01,7.646604231757093695e-01,9.317243196204819111e-03,3.591783956245427900e-01,4.116889297926593083e-01,7.340299094606201891e-01,1.369881588083723678e-01,3.347789738987019814e-01
9.848445150614759669e-01,9.442335642718119315e-01,8.431300979084970226e-01,6.194218036520821036e-01,1.928249766813195931e-01,2.700004513055457855e-01,3.369075374980664561e-01,3.527904995407140504e-02,5.315400982282724590e-02,8.861722019026887498e-01,6.857400375775720702e-01,3.208259573057132830e-01,6.544292571880333531e-01,7.936215085187255935e-01,7.400272748120714228e-01,5.698354068063340438e-01,5.985956577740625395e-01,8.148855475854315245e-01
9.777933409722971980e-01,9.193921967065481482e-01,6.961553952380402643e-01,9.225499065075369876e-01,5.854787272951372801e-01,3.742544572849489382e-01,3.751335533473185713e-01,4.453976884549153969e-01,5.453755595191321914e-01,7.889586087446205376e-01,1.659779937062560440e-01,4.302618417417985452e-01,1.847199917690569015e-01,5.514012900368313597e-01,8.982698861707694160e-01,6.062175001383611761e-01,5.496894216335151961e-01,7.387908174837346520e-01
9.776572664291480752e-01,9.364464632954920820e-01,2.023195073123792709e-01,4.586356529711417274e-01,2.185295098859281748e-01,3.893938626315175677e-02,1.329675361607707829e-01,4.820797785926204670e-01,1.158780272119723925e-01,4.673608539437444365e-01,5.753925865312361498e-01,2.023265193417445873e-01,1.915466792636355553e-01,5.665527979109635792e-02,3.061783881556274789e-01,6.930109466558160847e-01,2.496191308721713159e-02,4.947279321298280741e-01
9.677353463887069518e-01,8.554046569161638525e-01,8.339828710713298454e-01,7.350056939765257091e-01,8.272138453448452111e-01,7.851921292502509475e-01,2.883196109185608424e-01,1.895073569277575809e-01,2.562087465872458503e-01,4.167187279207923423e-01,1.554422678363268084e-01,1.113093664968250601e-01,4.263233758847901345e-01,2.880267525074323154e-01,2.370738672724292118e-01,6.961666437539944241e-02,1.919292507970545847e-01,5.999402835582666738e-01
9.858723566865952304e-01,8.478255896350765930e-01,3.972186296357630986e-01,3.871419934205963531e-01,2.062149010003404836e-01,2.080873719684885326e-01,1.419410027837941513e-01,4.586612479077599169e-01,2.477127099301518476e-01,2.634412023027091765e-01,3.119354585428223969e-01,6.298808227289282025e-01,2.475232943843117539e-01,2.537036668220193913e-01,2.749425503244994906e-01,3.324512616414168620e-01,3.248513071482861392e-01,4.168545968117585154e-01
9.251164262698862162e-01,2.159547897235559455e-01,7.322459711944595551e-02,1.306589437052479985e-01,3.655264475094776588e-01,5.540183841307168011e-01,3.895911973869695122e-02,1.768135058982806262e-01,4.321631805335335308e-01,8.680536342711594328e-03,3.424476330951235492e-01,6.234653256701404578e-01,4.739585645686832382e-01,1.408699197628431876e-01,3.213960978034740568e-01,1.894506957633914912e-01,4.392200595487270598e-01,1.593532667921514559e-02
9.818983587189470397e-01,8.868636883020203365e-01,3.263328170594488320e-01,5.003551741060593416e-01,3.387166009783519893e-01,3.174620045494757625e-01,3.721908402005518202e-01,6.036604045678483077e-01,3.616122032641161943e-01,1.294104381795275482e-01,2.427683462547341187e-01,4.501130974305737054e-01,8.906575484071241888e-01,8.314312992393153579e-01,7.425235010277745351e-01,9.338280475186720997e-01,8.189362955381374043e-01,8.519297607146527618e-01
9.687318634018874386e-01,8.607130784445125027e-01,7.972357521105593037e-01,7.272415977550106270e-01,7.887369595661002375e-01,5.823685039622351622e-01,7.610147091868060265e-01,2.030305798763500924e-01,2.010152348958677837e-01,8.535290703376708921e-01,3.860842663789496587e-01,3.167671697825476529e-01,7.413142884323516979e-01,8.804656845487397743e-02,6.005428234681279287e-01,4.258920443726115779e-01,2.730462425222082712e-01,2.833240898081825776e-01
9.704209404836784403e-01,9.136221327419719040e-01,3.161611804839600803e-01,3.187073728350732216e-01,1.418532367330179733e-01,6.782773597042109082e-02,3.069698073207410283e-01,7.270633210941555014e-01,7.007585452240496782e-01,5.079262185732389412e-01,4.700516293641041621e-01,3.564332819022312249e-01,6.027989706599483632e-01,5.145440592499991306e-01,5.208582479279782324e-02,1.803045421038082241e-01,7.723617767075330320e-02,1.558157679081205726e-01
9.527956616694341907e-01,8.080458871645372909e-01,3.807894218583842139e-01,6.625230177433542034e-01,5.875823585076553890e-01,7.001934220413021936e-01,4.670638585478628091e-01,8.849475329663986090e-02,9.982434608544919763e-02,6.253277286724329143e-01,6.529953810533941638e-01,8.305644505077421913e-01,3.991474887684934303e-01,2.799604893488936708e-01,4.443835163654698550e-01,1.085042093018272064e-01,3.475840661574586266e-01,1.821066326075333752e-01
9.771603789259036832e-01,8.749456090863165780e-01,7.490198543551492838e-01,2.733730881420700087e-01,4.921204131011279181e-01,2.491276479493186313e-01,5.611115486036619693e-01,8.566781873585369023e-02,4.682948932940442927e-02,5.280820196024471613e-01,2.123316211160745093e-01,2.694548577388168331e-01,3.244370459774910675e-01,4.631027706020759277e-02,7.274917330868658771e-01,7.716328921596071755e-01,9.634317339849216566e-01,8.989487718923888648e-01
9.745394930913988674e-01,9.496132585629176726e-01,6.431655703311240924e-01,4.777519416776554451e-01,3.467065804848494803e-01,4.015146298445653739e-01,3.198869121102858593e-01,3.098243563904032327e-01,3.157826469162428040e-01,4.628231639259348107e-01,2.806186064459697538e-01,6.372758748575645116e-03,7.286138533478802026e-01,4.573959291502288638e-02,7.769508742209442209e-01,2.393728642283370622e-01,7.845813648136361618e-01,7.638623681885062799e-01
9.653529506264720839e-01,4.646344182090643149e-01,6.456025942473919699e-02,1.640226433644556836e-01,7.281582188746478224e-01,7.154169735987770951e-01,3.250819778643947444e-01,5.367334643435573982e-01,6.991818067538067005e-01,5.179818293022931952e-01,4.528344850826623857e-01,2.930031612176962619e-01,1.753789167245146108e-01,1.985306972349312193e-01,4.802174682427908792e-01,4.216205192876426033e-01,4.783489198948371879e-01,8.562782509491557725e-01
9.223425808527014880e-01,7.910623933914966432e-01,3.831334648259320241e-01,1.145182785075543747e-01,2.847040133706921772e-01,2.068280065256419137e-02,6.976894522946853749e-01,5.895915454753933860e-01,5.799164593821146685e-01,6.637166349375787089e-01,8.290974503900463422e-01,2.789384681424950663e-01,8.380480587846031448e-02,3.050675818882713775e-01,3.058686429882510188e-02,1.348710756107621977e-01,4.454460373799400963e-01,9.555187087879187802e-01
9.750546649942672950e-01,5.119064862054845122e-01,3.173265658323287108e-01,2.320034956427027284e-01,5.941358386826697258e-01,2.638564645824724719e-01,6.316683188831779816e-01,2.590964945666390240e-01,5.969467620978036182e-01,6.102698520240006363e-01,6.064155637403839672e-01,2.551026850939817070e-01,2.645712753604703149e-01,1.400413382746441837e-01,6.500407336058476870e-01,5.492846231146868152e-02,4.875169030880188159e-01,8.419914696143701027e-01
9.914721664788169742e-01,2.040996685165850644e-01,4.600362685822556585e-01,6.794451829120435882e-01,6.657821399917569771e-02,6.229127786420946000e-01,4.719495287799216898e-01,5.087493792510580648e-02,2.973841372884284406e-01,4.585334305023299750e-01,4.003192506891000146e-01,3.645541876626446354e-01,4.194103875488199851e-01,6.869359760250663971e-01,6.092229124243294658e-01,4.478315363501530477e-01,2.746889280581858994e-01,4.688703143187893385e-01
9.354200502449059318e-01,6.050995565198638015e-01,1.198429383877922805e-01,6.299819525405424558e-01,7.137867168837716547e-02,2.019208390593302260e-02,5.419642296504142420e-01,3.213289871974502887e-01,3.865251820174579467e-01,2.513321426490291444e-01,1.033022634394632072e-01,7.553477494653488590e-03,2.798380061503072946e-01,2.842256354802496499e-01,2.781599756365577547e-01,3.398756704842766097e-02,3.134769392848903991e-01,7.536598697393087631e-01
9.859646364822506337e-01,8.158369627711992145e-01,5.846429940214590282e-01,1.678651618414906399e-01,3.214238689457713516e-01,4.090992285420669838e-01,5.933426421966131459e-01,8.389097615253759965e-01,6.434091947644962062e-01,7.670342283867453981e-01,2.333159374007663656e-01,2.926716589279816302e-02,3.763132061058432898e-02,3.307109595042723726e-01,1.570040295873398328e-01,7.270778169189673346e-01,1.392756013986182206e-01,3.962407140178448098e-03
9.862055927054549365e-01,6.905449389233722091e-01,9.165121164155789479e-01,6.191059327386636557e-01,4.240593829408947912e-01,3.735151408096031855e-01,1.842448554747505574e-02,6.881034826560729345e-02,7.070494011917910493e-01,3.265564482745890729e-01,4.011189126664035376e-01,7.107336512754121038e-01,6.479066933284806096e-01,5.405691409402021419e-01,1.432209590421829604e-01,9.643813585699023694e-02,5.956571428365535770e-01,9.307015297627920791e-01
9.733787401421786223e-01,7.552560457116226367e-01,7.050965709364642731e-02,4.056116913499205334e-01,4.407115294437156106e-01,4.165386232772010366e-01,5.961648914930797044e-02,3.755502539446936572e-01,1.054023948592645171e-01,7.401196286212409214e-01,8.002212088248883415e-01,7.646719979949896384e-01,8.115738579626688987e-01,3.041948011500181792e-01,1.129461739456558700e-01,7.539496781857438767e-01,2.485366033317378542e-01,6.253615261390975677e-01
9.693068875492996117e-01,6.903646763753695792e-01,4.536823830716386063e-01,8.236036321510401548e-01,8.889679357915702962e-01,6.548154744040012298e-01,1.575371838871892916e-01,2.727746645063880773e-02,4.996787022576403281e-01,3.269828262371797800e-01,5.530827092470765871e-01,7.661913320153447560e-02,3.956528226490788058e-01,3.793947549845384515e-01,3.863594150649821701e-01,5.228352781146795580e-01,2.734263586895844048e-02,7.290920327266203760e-01
9.652096468136951435e-01,9.224985110629149165e-01,7.974280671855485947e-01,6.394017437406140925e-01,5.825001167402836799e-01,5.828310565180303549e-01,5.646850513112254832e-01,5.118477671238907956e-01,8.912818228090240158e-01,6.134451499869506552e-01,7.192052579718589689e-01,1.082861074602249479e-01,2.275814983656341273e-01,4.554722641234017905e-02,6.807543624234592139e-01,4.899662043558977720e-01,5.171238861159475064e-01,7.403305345159250095e-01
9.776581427023059989e-01,1.039456164931752517e-02,2.174383900851590556e-01,6.597365373026360391e-01,1.742332830218598916e-01,9.633197642816641870e-02,1.800278255818623177e-02,3.250717185942396115e-01,1.724307106048846017e-01,1.114591619015282559e-01,3.854736249909602175e-01,3.429760388344410549e-01,4.332147364183869254e-01,5.667434701614966208e-01,8.735352877620646828e-01,6.743320917299341910e-02,6.960242418254136698e-02,8.438167037066230947e-01
9.497298439542604109e-01,9.131573902011564936e-01,8.471501189719251590e-01,1.924664076800918985e-02,6.892722966550006714e-01,3.027868234759432120e-01,5.683943346877485814e-01,3.489011347423223164e-01,1.721504491378729462e-01,4.548426352467805356e-01,8.720584464430912452e-02,6.504802933878474080e-01,2.547465511882213707e-01,4.189580633724407366e-01,3.445808194957656334e-01,4.648184348595473803e-01,4.435123227362932491e-02,2.546079059031909342e-01
9.695621953365364254e-01,8.164557477782417028e-01,5.366320817550059852e-01,4.954926527473373921e-01,3.197647974924706094e-01,2.737956999653770596e-01,7.845851525301078544e-02,4.136953292082131695e-01,6.777154065179176179e-01,5.869862012563074882e-02,3.309422371975790367e-01,2.949069330556440272e-01,1.302457976523296868e-01,2.488992615409458820e-01,4.236305198965005236e-01,2.472523906609882249e-01,8.232291760885804832e-01,6.736479058572210077e-01
9.752205419437656175e-01,9.488150453383735750e-01,9.401859426544354470e-01,7.166056344079329010e-01,2.841864733493566497e-01,1.730168383008516206e-03,1.790076281812290615e-01,6.298408667916084447e-01,1.563809688436652579e-01,6.763250598056271823e-01,7.343422359387569154e-01,2.527470357135781498e-01,1.458921397571476567e-03,4.323826797178580428e-01,5.353066726607635939e-01,2.547077417545547395e-01,1.285991308419838219e-01,7.981659936780601816e-01
9.836170702914559527e-01,9.525299528654770365e-01,6.803252012619249722e-01,1.507429218735699405e-01,1.208955064477944957e-01,1.481496748664175023e-01,3.031378515008094632e-01,2.296986787218975590e-01,1.525475566630170136e-02,1.575176801332245358e-01,6.207615880419010690e-01,4.241068154139873703e-01,5.501191114440625585e-01,2.324064993070576735e-01,5.293382528050317726e-01,3.311090488390143749e-01,4.935903082736487479e-01,7.185044625424945597e-01
9.336827736980021220e-01,6.564414499850135254e-01,7.003279860318623040e-01,4.096769716307375742e-01,3.992183237478116320e-01,4.596169927483038653e-01,6.971805435054065914e-01,8.433263817823606345e-01,4.663652000193412306e-01,3.345822198613447873e-01,3.583727404876280720e-01,6.901113038345508821e-01,8.410945092156461023e-01,3.161616254475150406e-02,2.265132574236713714e-01,2.384865926617452808e-02,7.413408435992180356e-01,8.477630488520990770e-01
9.711454469068085960e-01,7.329079753777731909e-01,7.038572714565825006e-01,6.530627225848786299e-01,6.382754800105421011e-02,1.594968235085950925e-01,8.005289358491999296e-01,6.451402838806504780e-01,6.662030511556166212e-01,3.339988011195038631e-01,4.797726915589163865e-01,1.727936666808649047e-01,2.533818492131618694e-01,3.242002189316698507e-02,1.387108017649280392e-02,6.484520168653277183e-01,5.777564645467984095e-01,8.482392503709070830e-01
9.912080910437048864e-01,8.960032696563883237e-01,8.465536164868779911e-01,8.907369938003470433e-02,1.794641337993670427e-01,7.504942577497937251e-01,3.446277081087114613e-01,1.667722951642649221e-01,4.615022629204815208e-01,9.924756520876336363e-02,6.742502505651699618e-01,7.974955912188455009e-01,6.812419721246576465e-01,4.978871695007837106e-01,4.113428552704737617e-01,9.266693365341822919e-02,5.334706465513839868e-01,8.386977242169590951e-01
9.833954611578646920e-01,9.023461504266644395e-01,4.775449736076475826e-01,7.000787989704158054e-01,3.543225780190624175e-01,1.429514663689691878e-01,4.963866500501389334e-01,6.503584339983062845e-01,1.517620711778029097e-01,4.617414835316470678e-01,1.745145693494882522e-01,2.506803670779017001e-01,2.270364678199076891e-01,2.806597711819027174e-01,2.675773845727293376e-01,3.336055569438483581e-01,2.058984362380913979e-01,7.449612590433033477e-01
9.858751268211307650e-01,8.818775303863044535e-01,8.197382515080688936e-01,6.723831175053857079e-01,5.466108028956498943e-01,2.200407451275640802e-01,6.607676667169426477e-01,2.515614347707377796e-01,1.965961741627503812e-01,1.450691658584061516e-01,3.314871122962683159e-01,3.069109405202120611e-01,3.277019476055643143e-01,1.912829894881000470e-01,7.596545479741905194e-01,8.774407651812379805e-03,6.045604640082534731e-01,2.300073530403287936e-01
9.794071571935432097e-01,9.674920077097268756e-01,9.380755536974563213e-01,6.797135255045547719e-01,6.600241688173622556e-01,2.353834181920592961e-01,6.812466163205523895e-01,4.659832711893175383e-01,4.599021826175523908e-01,1.323194630357953094e-01,4.800538676440882502e-02,6.143420416565644748e-01,8.259345915044917774e-01,5.774369661637150783e-04,6.632887900144258664e-01,1.028258630474564450e-01,6.436193628340886042e-01,7.576608876692341177e-01
9.695205809567221111e-01,4.391887376755409522e-01,3.268988262744983997e-01,4.134514878673941629e-01,6.200208542703714576e-01,2.074827112234945981e-01,1.837988545039515587e-01,3.284631992722370497e-01,1.855031050885400379e-01,4.983976464413450436e-01,4.701120273592088727e-01,1.510851569381973236e-01,7.200797416799481487e-01,1.235480699233860169e-01,7.119342341094908599e-01,2.006582857321524138e-01,1.145947227143815361e-01,3.310794775137748114e-01
9.876550945214112032e-01,8.833383031149326658e-01,1.096769985304992812e-01,1.134958836981618535e-01,7.932963494939170301e-01,5.592728116083866413e-02,2.257526432995928811e-01,8.193907632664196861e-01,7.595111796903172285e-01,3.368239119874738008e-01,2.166326339145038804e-01,1.056256049384593498e-01,4.567549085145261034e-01,2.009705864614082793e-01,1.075500852307325755e-01,2.757311568079485742e-01,3.670742626707320655e-01,8.487716343848896727e-01
9.591381026812224597e-01,3.643379517172451454e-01,3.645996594193580687e-01,2.076209321877163505e-02,1.078705059208707601e-01,1.960889453235492574e-01,3.378407239932392225e-01,5.623500042430156221e-01,4.347759492726080421e-01,6.461414005792107673e-01,7.148765746392882203e-01,1.810962819240485022e-01,1.914720704603438683e-01,1.034560859044845599e-01,1.586224124037887706e-01,7.075879753814846573e-01,3.360821222358053029e-01,6.060840532859483876e-01
9.881306520710612107e-01,7.335711359920633889e-02,1.516485383864645264e-01,6.527431213231819074e-01,5.775259875997693637e-01,5.302328248444594383e-01,2.642474010490881153e-01,3.570339451532419939e-01,5.849018077536918270e-01,4.158588293625023469e-01,2.790189656678201402e-01,3.688018957102178752e-01,4.449826047654880101e-01,3.868380537919816620e-01,9.770555473234777966e-02,2.978128419424012630e-01,4.190934257816427144e-01,3.973700526848603087e-01
9.892747197657526526e-01,2.636958589042079359e-01,5.520845001060082913e-01,1.715790333839124493e-01,1.911789524382156713e-01,2.617045861001731852e-02,7.953890443511235642e-01,6.867312703615393588e-01,6.527153842541929540e-01,7.466741023411134215e-01,6.648041898586518617e-01,4.820729038666081712e-01,4.075429657558171659e-01,1.759979136765699170e-01,2.352376364910403056e-02,4.932633681319674168e-01,2.833375790673528863e-02,7.988659336527837995e-01
9.403740739558635875e-01,9.207923187862828707e-01,8.749738925884865681e-01,7.370023088666455280e-01,2.415614054815621442e-02,2.077644710697279795e-01,4.960469310965892609e-01,4.457563276361333759e-01,2.510995732188074370e-01,7.964222290018010408e-01,8.730180170320354094e-01,7.450652765144393230e-01,6.351407753848468118e-01,6.463549628284763759e-01,4.635225416853361313e-01,1.392046079886019305e-01,2.107453208379321888e-02,7.065991313510735505e-01
9.202722047417843942e-01,4.658509287479701277e-01,4.249314247183628157e-01,4.626868411657732993e-01,5.981599420204138928e-01,5.553028157672639242e-01,2.029577764904058612e-01,4.442507916001257606e-01,2.905863122645130359e-01,8.240377372358468344e-01,5.506487995849089767e-01,7.198806967211118790e-01,1.252713828194585988e-01,1.235357949839194641e-01,4.938145100065735593e-01,8.813857354314088566e-01,6.208078706139329439e-01,8.429137703267516324e-01
9.810681875796622986e-01,9.305902402886899738e-01,6.628201956106540838e-01,5.081380937286901212e-01,2.017347432070828728e-01,6.438317863337028601e-01,1.718007713153907878e-01,4.973062412071662663e-01,4.070669254444272966e-01,6.428651203755706423e-01,2.935108998648466305e-01,6.267973040275046648e-01,5.221826703678499326e-01,5.215269159053909087e-01,6.107129166085106808e-01,6.929804315947561966e-01,2.318890812436066595e-01,9.964173823612816616e-02
8.097084311347655383e-01,5.583927419399890846e-02,2.420709796987208576e-02,3.605626780490491790e-01,5.062300017073875225e-01,8.123701625867544296e-01,3.234732394835718727e-01,4.081182376125947475e-01,5.134373472493318769e-01,1.577723492372210545e-01,8.043414667900520287e-01,1.961686672113709118e-01,3.713594724350418042e-01,1.707454085472440986e-01,1.579903359874823554e-01,4.636211881462335427e-01,5.357422942523447362e-02,1.091306003955056780e-01
9.548570324172854784e-01,8.646028326121409924e-01,9.485196058013268816e-01,6.346957220522592147e-02,3.614825474876545153e-01,5.855637618851260440e-01,3.847867232972906337e-01,3.520280431048872227e-01,9.928467693687677287e-02,1.953384806396052109e-01,1.293459728155245958e-01,1.904157826735117520e-01,6.186038529387929419e-01,4.485159777730862163e-01,3.232034213288943469e-01,3.402685568746968148e-01,5.520664939571796187e-02,1.267535288756345135e-01
9.536940619667845231e-01,4.385592218045782920e-01,2.095123694873375630e-02,1.372669541118796965e-02,4.080397442146754816e-01,8.653561210085413125e-01,3.692378374040705680e-01,3.544449170442884878e-01,7.826676891693983285e-01,9.589507329617998899e-01,4.940265036611170002e-01,7.169954208796208706e-01,4.036229138125383420e-01,2.598655041130002452e-01,1.995928061980329071e-01,4.221777904695614980e-01,1.075757444146383524e-01,5.167491687684668822e-01
9.517784653631413683e-01,8.323572603595579267e-01,4.593348343285481028e-01,4.067751032020228141e-01,4.125070125436364754e-01,6.921348516662264583e-01,5.831913432486309778e-01,5.328081869041816354e-01,7.284263331477016656e-01,7.380151919414368322e-01,6.102565044349551604e-01,6.126326821440762904e-01,7.224716011191534282e-01,1.936532573907832067e-01,5.259910094639602685e-01,3.817322703352405977e-01,3.497468185865867385e-01,8.877648948321285038e-01
9.880489442389458477e-01,8.212907468956315293e-01,9.032030180643527695e-01,8.768227831017079768e-03,4.026807290364376457e-01,2.874361116959322504e-01,1.897526540756829527e-01,1.659758470798249341e-01,1.407012990403588848e-01,8.146364319967447365e-02,1.181882186479735058e-01,2.211330674751780245e-01,5.085072173148956765e-01,2.920142251470741936e-03,5.777875768776561394e-01,7.236415913372231667e-01,6.264071537906563680e-01,7.478194645433784427e-01
9.873469339833778058e-01,8.944526882704564308e-01,9.033958794338285969e-01,6.496271583270625261e-01,4.794771059770604471e-01,2.982885698440373989e-01,7.458653263663638233e-01,4.569609477072849590e-01,1.781405616179039531e-01,3.164150722812453242e-01,6.249003656643561389e-01,5.389488087785511139e-01,2.606842836620091308e-01,5.067435374972679707e-01,1.109798906277835451e-01,6.129891318996538718e-01,3.473600927665277394e-01,8.291341086535920502e-01
9.882366389451242572e-01,6.740374082702111913e-01,7.722402240734339562e-01,6.344085796436416125e-01,6.006670296557766742e-01,2.478722893452205145e-01,1.961565062389255265e-01,2.786224884987852923e-01,1.169849447450106439e-01,4.530421917107170238e-01,1.582751202412297498e-01,8.088504377025457215e-01,1.572072511980066312e-01,1.433974459893634923e-01,6.470167248935873028e-01,6.629668589081538776e-01,1.395524194031331211e-01,5.115097550689731154e-01
9.438144509549658556e-01,3.529923665334648852e-01,1.604734473089364233e-01,4.367793279601723255e-01,6.867794883382410953e-01,5.888169945896137847e-01,8.868995803976759129e-01,7.328630077981252988e-01,8.573531385408631467e-01,7.010668812831699626e-01,6.644063957708405965e-01,6.447525096252523236e-01,5.634206611792367259e-01,1.567682549623397592e-01,3.887449462715820148e-01,4.339891363208169262e-01,1.187949532493170202e-01,8.157988999674850028e-01
8.778386927082054703e-01,1.347377655985978750e-01,3.379548890011176421e-01,8.302481290025550686e-01,5.665313726083970325e-01,7.450033667160671502e-01,7.060049751287854614e-01,3.979102991417865498e-01,4.368949681706841837e-01,8.931753185686506225e-01,8.125695239522197078e-01,7.189672402422705444e-01,5.301598311196774604e-01,2.099973987467180017e-02,6.629338698855528900e-02,6.897026163939879995e-01,2.670795529373157229e-01,7.058980616575231126e-01
9.805974122042879770e-01,3.650881053364760098e-01,9.273343567073125127e-02,5.842448636160594289e-01,2.494854994213536181e-01,5.061928476797348253e-01,8.637442555780805442e-02,5.228489804161220444e-01,7.362415845141897508e-01,4.385046145470929968e-01,4.915304384269490456e-01,6.640114633346755335e-01,4.574764882353995477e-01,1.366871868735539119e-01,2.652090518013557885e-01,6.489528559117540008e-01,2.670009482785402621e-01,2.834401229865797234e-01
9.782207326417983184e-01,2.853443145361311828e-01,4.214269485662065495e-01,1.557013287472220064e-01,1.565867482209685468e-01,5.494255355471365787e-01,3.596731793826332124e-01,4.037621219017129559e-01,8.827623528628789629e-01,3.079219616795269565e-01,2.908996345638424907e-01,2.511132905485900513e-01,2.945411594864374427e-01,4.380527435849563278e-01,1.056404125422758938e-01,3.669267379380833360e-01,9.988586553994426021e-02,5.886291276394958194e-01
9.716806377162587882e-01,7.863479005175181280e-01,7.859445930335513530e-01,8.562633676499101787e-01,8.122621911518335125e-01,7.959782874720168211e-01,3.293230795137387923e-01,5.196571788051101981e-01,4.515947913037345884e-01,2.897581991074861529e-02,2.747078013441917599e-01,7.395077747086189479e-01,8.347315889630934072e-01,4.184356845836974259e-02,1.557186037346230678e-01,2.174662563973377705e-01,9.417225322358042938e-02,2.353493921815120737e-01
9.469562725068448872e-01,7.914500420910870471e-01,7.673762000412526207e-01,6.061719849249430636e-01,5.431113772752339530e-01,2.770391039246267728e-01,5.270430743228617793e-02,3.338958443198944415e-02,1.235446236582811858e-01,1.348181995139492162e-01,2.332004826534694875e-01,4.772459245239412673e-01,3.034794453969349437e-01,2.372692716775783861e-01,2.599488312687660008e-01,4.906712460873541293e-01,2.393170675577850626e-01,5.530274679667961102e-02
9.730836846306992749e-01,6.598316367229860591e-01,7.355316791668771170e-01,7.942315402572212024e-01,5.240023972003997610e-01,6.419268698781779303e-01,4.341822681374023496e-01,5.096631104493142272e-01,4.029523000246239550e-01,5.166205954974661951e-01,2.743534978357682792e-03,1.983146023388832890e-01,4.611969995522378074e-01,5.550356927356264736e-02,2.343699698961205224e-01,2.591137721175180639e-03,3.748003667862172955e-02,4.610272300569566717e-01
9.854486642277088260e-01,4.938231181290080318e-01,6.704616408061153492e-03,2.565364260176173916e-01,3.468780468420570307e-01,4.087802584419952256e-01,6.077461744748058337e-01,4.856599769181780824e-01,7.007195599967409594e-01,3.078198901607056004e-01,3.069416823691536456e-01,4.346995171051699636e-01,7.183187873744074636e-01,2.005295468082544663e-01,4.968900982066181138e-01,5.735570028940047832e-02,1.045394126311906258e-01,8.932209833166654400e-01
9.806721019291678720e-01,9.570485608991546878e-01,5.994827248260010955e-02,5.277365951482287931e-01,3.523725966649800950e-02,2.600247307742357683e-01,2.158139765328004056e-01,3.054626845098705190e-01,2.463462024993187671e-01,2.753691293567090970e-01,4.006253589693699046e-01,2.633231826682718574e-02,6.843031814960934822e-01,7.207285273819761251e-01,7.909737129363636488e-01,5.486595359947378236e-01,5.281397129985843097e-01,6.900982064756379097e-01
9.786568164995893548e-01,4.075482451489936819e-01,1.038205790855307453e-01,2.484813873324646649e-01,7.151089744623893019e-01,7.004091986546618319e-03,7.626550378633538407e-02,1.065355049752033656e-01,1.947340068401722524e-01,1.214930653944535088e-01,6.229872193238860101e-01,5.881805910982827734e-02,3.902267932533367012e-01,3.729449770861172769e-02,4.136707668810635230e-01,2.024536333680117539e-01,2.394514075496023131e-01,4.520518672614610989e-02
9.832432534477776320e-01,6.158586654249581516e-01,4.114809159006428407e-01,3.652088846606783568e-01,7.446538427217779255e-01,8.604629175333263769e-01,4.534154153067900678e-02,3.097976492380097868e-01,1.588055687889969037e-01,2.005649732612526381e-01,2.277255040450065771e-01,2.630013976092354655e-01,4.165698452303210342e-01,8.449753927174685764e-02,3.389353742004344028e-01,5.916334019328086669e-01,3.009176309417004036e-02,6.325861439406610387e-01
9.542970027909292163e-01,5.633118287505717997e-02,5.613130663940738563e-01,5.652134626244987858e-01,5.460542573623913265e-01,5.186370147301396782e-01,1.843502506086531489e-01,6.990935339956179384e-02,5.970339113155130883e-01,7.943781379583537694e-01,5.312352132900097779e-01,5.543992151673158286e-01,6.040351750005309439e-01,4.692760037169336346e-02,2.680159557418401728e-01,7.706702194213854717e-02,2.988282313556814840e-01,7.678821227163731278e-01
9.597519046982798674e-01,9.096475767385945321e-01,9.345198677892128103e-01,5.342791835153132274e-01,4.128946952480214705e-01,5.069932292068248803e-01,1.160828400078629807e-01,1.121295018280695499e-01,8.375258999360827294e-01,8.108611622321899581e-01,8.065117607831857605e-01,5.657106159336426909e-01,4.224881838007236712e-01,7.525781635707846640e-01,4.424367922450343493e-01,3.253216353408402983e-01,4.394916776531561653e-01,4.795343919380251618e-01
9.167387021698393257e-01,7.783336178135409344e-01,7.643814291754565948e-01,8.475497595297932785e-01,7.775210166061773398e-01,8.564834559993834695e-01,9.027515111328566003e-03,1.485597580783711846e-01,4.074875088922225164e-01,7.448894259128184536e-02,3.278195328778905071e-01,1.852520433639212039e-01,1.066403462934557705e-01,7.460070183352267292e-02,7.093845884513665101e-03,3.782633734886132332e-02,1.370655412870495082e-01,7.106876214497365174e-01
9.796895291969212050e-01,7.918996327728774487e-01,8.284000140309250027e-01,3.238146914241850638e-01,5.239785943476458208e-01,4.878091678407474041e-01,3.903939374497295001e-01,7.316081351242603725e-01,5.313863482014554718e-01,2.917459757304367018e-01,3.802993203587473059e-01,7.613046161014371815e-01,3.690268036442723720e-01,1.459432397049333363e-01,2.098098791456967094e-01,9.148469033538272205e-03,1.795321144098200455e-02,6.187777335377913079e-01
9.843997684475837007e-01,4.992185357428289838e-01,6.103416126897382998e-01,6.431454672296668118e-01,2.854456060725948235e-02,1.304050473965537027e-01,3.254368682055853723e-01,1.690635829072731078e-01,4.474810224421363891e-01,9.142646351163651319e-01,4.767974752687468287e-01,1.365123016358613384e-01,1.787306519615262240e-02,1.095552480454658334e-01,4.072538410983492924e-02,2.372925546567653254e-01,1.292564891628855683e-01,1.533461937401232877e-01
9.730495825735288040e-01,6.376288759292556563e-01,6.838821714533893648e-01,3.199676283069908256e-01,3.732092092964214153e-02,2.607869541816429937e-01,1.927547730157591968e-02,1.759206060980191555e-01,6.438181372811083714e-01,3.040035489153203874e-01,1.549544724511132399e-01,1.137799762429756029e-01,3.820418516786907581e-01,2.671263642114940495e-01,3.043888515315923970e-01,7.961015793001708918e-01,6.694210122021865272e-01,1.920638265100833297e-01
9.792157163620952565e-01,9.327807004725903184e-01,8.067104143392355153e-01,7.985887351644245236e-01,7.648141632251297395e-01,4.157886863647684006e-01,3.391092507377517218e-01,7.276661649780591379e-01,4.132088218751716058e-01,4.580237799858522529e-01,7.037213694359657490e-01,7.129240402032741564e-01,3.903543852515277690e-01,1.800838508529134241e-01,2.934611661241522465e-02,1.938575650994100175e-01,4.580623725459738449e-02,1.198700057767839861e-01
9.814465638711838968e-01,8.101463363880078150e-01,8.117360728215824439e-01,7.715053866018471984e-01,7.362444731724152591e-01,2.480334506434990482e-01,3.348789466071580567e-01,7.097778088169846011e-01,8.246641767967488601e-01,6.768769593873966706e-01,4.563088009040595916e-02,2.644297425655948719e-01,3.159183245142339197e-02,1.895831252224572105e-01,6.133585908756847838e-01,1.679090542287381138e-01,6.784122561380150351e-01,8.149520222370093547e-01
9.855883795532105474e-01,9.601018291931332493e-01,9.763348152869196772e-01,8.288700366834956812e-01,6.184386723969357291e-01,3.933686053781635383e-01,5.461832705057957371e-01,1.779985350795404986e-01,6.386443926746987465e-01,4.740644923187865845e-02,1.995587279611787945e-01,6.555371233283488475e-02,4.607777284894511438e-01,3.662623185057163888e-01,5.489192717347318035e-02,4.491494586620258800e-01,3.377468370589844504e-01,6.977979066160920896e-01
9.851694568646125472e-01,7.878288472866655789e-01,2.891232121939392163e-01,5.108724160851688678e-01,4.435950301208286262e-01,7.045270430937254809e-03,5.200954303966764947e-01,3.932037296676021976e-01,4.431925784847238203e-01,1.969209446091325089e-01,1.425176612465008652e-01,4.265331823837590353e-01,4.569612497934328887e-01,1.106544160698112039e-01,7.052934679837599141e-01,1.865164200253074112e-01,9.075919148236541445e-02,5.496674738365238122e-01
9.827424489021170384e-01,8.953299392069067331e-01,7.536469563649571546e-01,7.627898747183287087e-01,5.179619592983003562e-01,5.399984926017602493e-01,5.066613285886750750e-01,9.700481945926678340e-02,2.772306900905399107e-01,6.055494315685127082e-01,6.362494458966884148e-01,7.170914709890284788e-01,8.116853476665328304e-02,1.897413910887536248e-01,1.239767481179104430e-01,3.369383652841166366e-01,4.049322620503978953e-01,7.228994416792782207e-01
9.860834989423445940e-01,8.070585383980661831e-01,6.614211158696722270e-01,6.337656423673857509e-01,3.094466554268198721e-01,1.299330895370841010e-01,6.474259278367294757e-01,3.128532363377407588e-01,7.242983305487735723e-01,1.203045639614249429e-01,2.099212037089920602e-01,6.228052918636644009e-01,6.263506543259881321e-01,1.496929885235793491e-02,3.943228738942204936e-01,5.814714698716242358e-01,3.903317688455285595e-01,9.150182258804210322e-01
9.783808436539430664e-01,7.708350335198772552e-01,7.828389823091685962e-02,2.510234836181142182e-01,4.198909960187223733e-01,6.374548848780898780e-01,8.500115182706134975e-01,9.021068784530176243e-01,5.094181143594433969e-01,5.686061929662077352e-01,7.075469491014318990e-01,7.614772727942996644e-01,8.510484807155849207e-01,2.466456403565769617e-01,6.172412166476566320e-01,2.764399494012329539e-01,5.230419031524624618e-01,5.614365368550932045e-01
9.894826941624103034e-01,8.112279121292005346e-01,8.750844046011376776e-01,3.471278372444003835e-01,6.038145740904342640e-01,4.529203952119615906e-01,1.637217396255027935e-01,7.064670258338073827e-01,4.171572708277541675e-01,4.578247679407084769e-01,6.454887939199135394e-01,6.887561352348410271e-01,1.055444036051109563e-01,3.743317714025511389e-01,5.910064905862801865e-01,1.521538233862055889e-01,3.769599509890174116e-01,8.381664104992869735e-01
9.630868770831009229e-01,9.032056854744655583e-01,8.498185390559378494e-01,7.361255585850240424e-02,7.897749120894188568e-01,1.261056945703905577e-03,1.077345243443701278e-01,4.088503674917860486e-01,4.165654465273566642e-01,5.334770565658117913e-01,7.542580493894192051e-01,6.727478862634452828e-01,5.258665078323310205e-01,2.333685905422625828e-01,2.629484371324570802e-01,7.138277737758615960e-01,1.625466741775352664e-01,3.318625486714380513e-01
9.910459199692235321e-01,9.312665007846806509e-01,8.381159910867275187e-01,8.396970802066118511e-02,5.554434952013461713e-01,3.477677840884236815e-01,2.156699325092064634e-01,8.118201217723322038e-01,4.412649118935723092e-01,5.132727987899327049e-01,3.987158764761890295e-02,1.835574874957312530e-01,2.425076938198769683e-01,6.726500039610318338e-02,7.107004404161433309e-01,6.252841637879048842e-02,1.928580696631390090e-01,2.397921265732636253e-01
9.764878761839160815e-01,8.968991359788841544e-01,8.883384993854370748e-01,8.586042589331529529e-01,6.001067968263230634e-01,7.124040790870265205e-01,5.975082593909933903e-01,1.881660433421056544e-01,3.846194089963039797e-02,4.861623637106559093e-01,4.898498832560493343e-01,4.013336598534071875e-01,2.979933989881093370e-01,6.227123187894104683e-01,3.124015276814969266e-01,6.266301562813263448e-01,4.076734314292952410e-01,7.934884832312372183e-01
9.554736222408597435e-01,7.966543646428744241e-01,2.034992564679328764e-01,4.624363707794975631e-01,2.320180022949422105e-01,9.573319979709474237e-02,3.357886013879518017e-01,3.238249597682289482e-01,2.928988270976211616e-01,3.493980015892707569e-01,3.780529465985286164e-01,4.229950495133973920e-01,1.234992994708535574e-01,6.810102380498012087e-01,6.868635936464984049e-01,2.128819591855790616e-01,2.276341391506814249e-01,7.946303308893089001e-01
9.653491593966793127e-01,7.532586212508647350e-01,8.037314563439347248e-01,7.269532104359972546e-01,4.705831109785015287e-01,2.012396548501168281e-01,8.589003070716443311e-01,8.662454480932743062e-01,7.690529242791831477e-01,1.725794879031972429e-01,2.570764260998664175e-01,5.738184219725127599e-01,5.875657819325713627e-02,1.259760356141657600e-01,4.159265294583580075e-01,2.771757209803111209e-03,4.443871055443466833e-01,5.025009887752286408e-01
9.050909907755350092e-01,9.264849336388687462e-01,8.035369027183396629e-01,6.078708847082552325e-01,4.747532585483212331e-01,5.210362511894113258e-01,4.862563648094034296e-02,7.065682271586343211e-02,1.544009929098584533e-01,4.430682030895281565e-01,6.651308898026111471e-01,1.961085024061503812e-01,1.386099218174154969e-02,1.796728617502078296e-01,6.618798841193557214e-01,7.123504914990519410e-02,7.016989030745840461e-01,3.805216169427430017e-01
9.847650829977022680e-01,9.654781413707466120e-01,3.960909881780236841e-01,4.563060762171791684e-01,3.404075301649929219e-01,5.722676406284868400e-02,6.962966617077378517e-01,4.622967325134159089e-01,2.923837560284048842e-01,1.813657677803482970e-01,4.424695018816217074e-01,1.212755703271038987e-01,2.409526183072399907e-01,7.633309228344843655e-02,2.476010679878225956e-02,2.604067994100802697e-01,1.329937857068877460e-01,7.125024242999968838e-01
9.769685350483033881e-01,9.090267887683923798e-01,3.527679277151192228e-01,7.646127957146479082e-01,5.508610823918584920e-01,3.576257601435267608e-01,3.585334543677249353e-01,5.125193945062967993e-01,5.853479958868142985e-01,7.504076872006898435e-02,3.459640263542229643e-01,5.388672959078649044e-02,4.907551111551983758e-01,6.668479148275335833e-01,8.055512335013439440e-01,5.706427084038654396e-01,6.392115174944177358e-01,7.754511682658596916e-01
9.754753670855353942e-01,6.944946724110493408e-01,5.781744286293257762e-01,6.949879527368231225e-01,5.204629293016435065e-01,4.450963663903393375e-01,2.358003105170443370e-01,6.091381170526516398e-02,7.985579666998655901e-02,8.522848987941560317e-01,3.117856233182274561e-01,2.658758691595359824e-01,4.226025726877510880e-01,6.636099776145130136e-01,8.383593029609370806e-01,7.055385835922212134e-01,8.242400541634598010e-01,7.816039784089682252e-01
9.452745778160797085e-01,1.470145621497103740e-02,9.999149882605683215e-02,4.070740314844072394e-01,4.202188596634674478e-01,7.313445875412154518e-01,4.776650279110315478e-01,1.051143315280333307e-01,2.956855706581870136e-01,4.694517339955856516e-01,2.201833980932848545e-01,2.748951097001986477e-01,3.147823541526369173e-02,3.403595390995556302e-01,8.205937065027952837e-01,1.948807806263940512e-01,6.197641220488036007e-01,7.981222669765998257e-01
9.777098102425600956e-01,8.806235962878842249e-01,7.793614603117884343e-01,5.306105943525338819e-01,2.944075751462251755e-01,1.595476247826178584e-01,1.740520929051564136e-01,7.700956578918757289e-01,5.388497285653206514e-01,4.112623818112246532e-01,3.668250520169571982e-01,1.117653459306689190e-01,5.076220166848340876e-01,7.547523606566645116e-01,8.713479622904677369e-01,3.295163239335933691e-01,3.874144021927153347e-02,3.088365348667677091e-01
9.764021109565043099e-01,9.060923107903484652e-01,6.696579390715410307e-01,9.636473986327498409e-02,4.153910729550233105e-01,4.040027336265241686e-01,2.162997988407852901e-01,2.521692770841350850e-02,2.991121819362758671e-01,2.283060831933603485e-01,1.428426135282771237e-01,1.761939466619397432e-01,1.198407146100028686e-01,4.352683871354143252e-01,2.466405999248338227e-02,6.637554303304417092e-01,3.177000150956491714e-02,6.967294623583527580e-01
9.878729009308996334e-01,7.055511164204817387e-01,4.937147879637664993e-01,4.324695314587739120e-02,2.883440250089154278e-01,8.212294318579200780e-01,3.996613076491535854e-01,4.291142279764224576e-01,9.364905565314179947e-02,7.036551069148911930e-01,4.080356168587936372e-01,2.357852762201086694e-01,5.018954049156808261e-02,4.338922870632738182e-01,4.168025229473225624e-01,6.117833751325324476e-01,6.876142629832695530e-01,5.484915134540376824e-01
9.814269455514735840e-01,4.898347791994749900e-01,6.092461615897086791e-01,5.578097650734413770e-01,4.316140298078689486e-01,7.175270802709160511e-01,3.116573022576052954e-01,4.769238398815467406e-02,6.240317490313895821e-01,8.900102223165862192e-01,6.058984657236446969e-01,1.184261569610359360e-01,2.887365082848857012e-02,2.060145414130940267e-01,1.699710596576382501e-02,1.855390513843740152e-01,3.487273933361199063e-01,2.923341002682030426e-02
9.520854613826168489e-01,5.380508708571822840e-01,5.589039884058778496e-01,1.388673194245318709e-01,6.487971580583656861e-01,2.934660761272078200e-01,7.638736912051169448e-01,6.765741116402498867e-02,1.620945741474074941e-01,5.208254294093905834e-01,8.378084395882384738e-01,1.924789716577655907e-01,6.773402161051967907e-01,2.798956001560703455e-01,2.834787504607698128e-01,2.464534537822696547e-01,2.063805985037488536e-02,4.139914851443550203e-01
9.862881046653533268e-01,6.767219580377518140e-01,7.055849994142011639e-01,2.571413506061723253e-01,5.796017631760193023e-01,1.859799157179478982e-02,8.225856406001103016e-01,9.058031102778864030e-01,4.786070891949016914e-01,4.895375490429454413e-01,4.125249919859643732e-01,1.855834398280234998e-01,4.163048938854452957e-02,4.006471959306041608e-01,1.360305383760043452e-01,3.284886664874074325e-01,3.562379223654816296e-01,5.708683873675625131e-01
9.465378755503162100e-01,8.337732849115304656e-01,9.445141783920133483e-01,8.023220030643598566e-01,7.547990748786916892e-01,7.142331770024532567e-01,1.975763606953619411e-01,1.102792705405440249e-01,4.236133569851454617e-01,7.935606609536048905e-01,5.939452856082330090e-01,6.388353490867961781e-01,3.530948158858088215e-01,7.847713427991478974e-02,2.782661234218747892e-01,1.492782232520022678e-01,2.740079562859557560e-01,3.692673085055178106e-01
9.718666851632170589e-01,2.031088622853487180e-01,4.383092442486050816e-02,5.427918422237725249e-01,3.066392760839301568e-01,6.047113748336195860e-01,1.655118987534176522e-01,6.795003073512877467e-01,3.897283742083213487e-01,8.797056685022964784e-01,5.398188009621274902e-02,2.299982906432987417e-01,3.404664843945321984e-01,5.112698572234514183e-01,2.529773721588241542e-01,5.627174282380548176e-01,5.231906896607283475e-01,5.394496316437347172e-01
9.757801550024114423e-01,9.133562142171126608e-01,6.813681901493251480e-01,1.701573305743073194e-01,2.296761588870269155e-01,6.179308871676829629e-01,5.989498396040504602e-01,3.258650312950993055e-01,1.700576166713472972e-03,4.484913342305138495e-01,8.161751713109214323e-01,9.078800442282181082e-01,3.335090297260812076e-01,2.048478253442565789e-01,6.306523682479238113e-01,3.971105389908107797e-01,5.709545696409149551e-01,8.364998309117701591e-01
9.806725293700687685e-01,8.438278678572191938e-01,8.691724882055003043e-01,2.901698601367510566e-01,9.112704008376525111e-02,3.325323767883726633e-01,1.184654255699008063e-01,3.959626563317948378e-01,4.783668276889309068e-01,3.329174862715727490e-01,5.943786349807287372e-01,1.892714463139462122e-01,4.571108091736668100e-01,5.112762014169980329e-01,6.272993872709525798e-01,2.276879709123115769e-01,4.477238780790951944e-01,5.559455994508736287e-01
9.423325484407383268e-01,7.149532713462469768e-01,5.755022267529834590e-01,5.521543696651422251e-02,2.080361596406329894e-01,8.030062973567911877e-01,7.200650033165781894e-01,7.107193746676098156e-01,7.935590538941384997e-01,6.380800428575360561e-01,3.942559338235251953e-01,3.519679125058736840e-02,6.130576249133808941e-01,4.319350480637751954e-01,1.761423584532035014e-01,9.650905704592233070e-02,8.319399422452091741e-01,6.434537214701834262e-01
9.791644905086883677e-01,8.249100232897697005e-01,5.961952069909911556e-01,7.979126571761704367e-01,5.946759482884359516e-01,5.641651215128614671e-01,7.624341177740344699e-01,5.482132806318594787e-01,7.627551814543526154e-03,1.616613918627322344e-01,6.424123147420447433e-01,5.873332095634202776e-01,6.243585212396001172e-01,4.176154400325859939e-01,8.690294162090142494e-02,9.981146391219881953e-02,4.700150073714345345e-01,6.196646697289960315e-01
9.706294836151755367e-01,7.958503165210812913e-01,4.812778336476132846e-01,3.820181584287925536e-01,1.975231410812647026e-01,2.718835611979033562e-01,1.356126545805501071e-01,1.293658616418155993e-01,7.919808639675502970e-01,1.724202852871496994e-01,4.259714469708521523e-01,1.109565913971420452e-02,1.536217620439145337e-01,7.678558432015912538e-02,8.478322477416970482e-02,4.848682669846693938e-01,6.303068917319899767e-02,5.825591752218688413e-01
9.852950242187975549e-01,8.740415891978329244e-01,7.071291119527832736e-01,3.278831728155108260e-01,4.988354629962337694e-01,6.470518195688236274e-01,2.576399234255106752e-01,8.848852080074140480e-02,7.800919990795680548e-01,3.241671487999268630e-01,7.035992982620431491e-01,2.641784818953336611e-01,5.069942412949072219e-01,6.244390648613846739e-01,5.610381281538369125e-01,6.574050223230845091e-01,5.139027508417675083e-01,6.875555379029798519e-01
9.744483515474504642e-01,7.858518283239482871e-01,3.018138494543448069e-01,7.693313062385960244e-01,4.793131380700607069e-01,4.668283753814970738e-01,6.547044741256995426e-01,8.461001008336668239e-01,4.772307897150287470e-01,7.177547503197677647e-01,8.040168152509870048e-01,4.420835155515159265e-01,1.548006281236188886e-01,2.376008836738152941e-01,3.564339168647748246e-01,4.011431093247991853e-01,4.592879049116718182e-01,9.209933753909501641e-01
9.896345475725447649e-01,9.582414680055574285e-01,4.710735586890228421e-01,2.997192330865453558e-01,2.931310264984376274e-02,2.731284332539319903e-01,1.299669136423299010e-01,6.248144902248199406e-01,2.744937409606362788e-01,6.179861398148338569e-01,4.864700282030216538e-01,7.511151016051496043e-01,7.226309591083728279e-01,3.514972665700983323e-01,6.827729091383950566e-01,5.099050202403108134e-01,4.399361917405443245e-01,8.573880649511900209e-01
9.684322161461170753e-01,7.246364641416633834e-01,6.919706258725842885e-01,4.125208869517745236e-01,6.705468903693719840e-01,3.681135152519931508e-01,4.481831198523230642e-01,3.692647630680062631e-01,4.550386940563007077e-01,7.053768511773208516e-01,4.421095898492097831e-01,2.471503679811736798e-01,3.171439647098134862e-01,6.976903639728894435e-02,6.306562600497397364e-01,2.409286130662377234e-01,1.492577579681028388e-01,7.603777048918877179e-01
9.864386964423583759e-01,1.662622819709941519e-03,5.474661697862280851e-01,5.544591444098692090e-01,5.832388962943421129e-01,5.708235334052723653e-01,5.072599549521906726e-01,6.319276620369788100e-01,4.624849995824247273e-01,6.950347454363439148e-01,5.871541870302053878e-01,6.564728828461157129e-01,4.519635967955518696e-01,1.331057701489462286e-01,1.060125230759032325e-02,1.796885935320792493e-01,3.130833514545334206e-01,3.003721557319304347e-01
9.708368458470025830e-01,8.781971582547746236e-01,8.473188463221398292e-01,5.442311957565054703e-01,9.801248479095452798e-03,6.042288361137116565e-02,5.808309665929418941e-02,1.906305960583757134e-02,6.905978965895912536e-01,3.583156502481923966e-01,5.691047835697514712e-01,3.844254789471004963e-02,2.423921226646725824e-01,2.888892109392987573e-01,1.524601030701984439e-01,5.578630753707299883e-01,4.760625167788156697e-01,6.144482283120031862e-01
9.855806813350748152e-01,8.760131770171754040e-01,5.440654791516551514e-01,3.739945318098406579e-01,3.217290355258409229e-01,5.245569115578293529e-01,7.162914680287422176e-01,5.049086878427079261e-01,4.043878527474489837e-02,6.749172654032519203e-01,3.746932411751994763e-01,2.192068041677476820e-01,3.767470742866662614e-01,1.419060083246674597e-01,5.999208484517454254e-01,1.175060211316248937e-01,3.852441508162728900e-01,8.646836555268755387e-01
9.346079715738543348e-01,7.762594297045425362e-01,7.039078885554297393e-01,4.981468291407200599e-01,1.909444264994533680e-01,3.128376331041580194e-01,1.768292015078718193e-01,2.863728897510091631e-01,3.425423827858704584e-01,5.460450560970692147e-01,5.000100732094568956e-01,2.577996070375629389e-02,1.733806570749952258e-01,7.040583813878035224e-01,6.728850628063546280e-01,5.249885593984536525e-02,2.236976864767837025e-01,9.322474828914627532e-01
9.223405014018990489e-01,6.266964472376852502e-01,7.883548207445270073e-01,1.639375172828550220e-01,4.527578460738167498e-01,3.432991189796864018e-01,6.502588288661222959e-01,3.748047178506561106e-01,5.469532152413244530e-01,3.143823017349670623e-01,7.636284697204553940e-01,5.155969546603458298e-01,5.500840560242206134e-01,1.648664046543945605e-01,5.524707356441144190e-01,5.431711484019332084e-03,2.888593615205696172e-02,3.403547331945202536e-01
9.327226852857403161e-01,5.589725243747822869e-01,7.773970489002622886e-01,5.135438186754435197e-01,4.520975902229188437e-01,5.126467334193511860e-01,4.045907522564278769e-01,1.108095549047182771e-01,7.359886782814111239e-01,6.181419299931548705e-01,2.283306825015392894e-01,6.422050100254621530e-01,7.536339682054706834e-01,2.617162837706153988e-01,3.300825256497669224e-01,2.296007120345509578e-01,2.943726322291638220e-01,9.034505375615993206e-01
9.767779747676225144e-01,7.251350138147715230e-01,7.223018105669878342e-01,5.888730789048346459e-01,3.522272836213087843e-01,4.018800830459470230e-01,6.702162870245536030e-01,8.614819446489140331e-01,8.195291072283614198e-02,1.440562084150313893e-01,7.500655258099183653e-01,4.226660766703238536e-01,5.242863354065651071e-01,4.651061500157885886e-01,4.789385890420549963e-01,3.572900720438309530e-01,5.826730512533577766e-01,2.026692403509759433e-01
9.451025124545117118e-01,7.376570600525670374e-01,3.538284587905300982e-01,1.966949580119324859e-01,8.131639076344726602e-01,8.436614684178381784e-01,3.935194089347662794e-01,2.778214258947057091e-01,6.181590850834537409e-01,4.007664190278842908e-01,6.799807489334119825e-01,7.060967290661586127e-01,1.382083085318915223e-02,6.050377906092618829e-02,2.831639299768275997e-01,3.226031046929261209e-02,4.089931166061692158e-01,7.197954554956688122e-01
9.649241369152073977e-01,6.657028238461925040e-01,8.618502503994982522e-01,6.389747525607359924e-01,6.454252228785299916e-01,8.945350248510537394e-01,5.122027299925101529e-01,1.738093229267113071e-01,3.900420175016633406e-01,3.811865894600941496e-01,4.079934923057583207e-01,8.013210781932079974e-02,2.398631447157976992e-01,2.875712171224475977e-01,4.265139449986420916e-01,3.350610248957931470e-01,2.255606168116439381e-01,6.445783513548100085e-01
9.501284427532281640e-01,5.423061158383648550e-01,3.727644255086110664e-02,7.928940279791618639e-01,3.372253872390316709e-01,3.834379293910761266e-01,8.129679876842564878e-01,6.021645303174250063e-02,6.383975966725103923e-01,1.577504565147870574e-02,1.613762910049676980e-01,1.675369748400797401e-02,1.148574922312588578e-02,5.608634675535081882e-02,2.166070627347851385e-01,1.243059207115516651e-01,7.448671645033622113e-02,8.705702739056743189e-01
9.647076629256864377e-01,8.834138618113378527e-01,6.197979314111556892e-01,4.510702215615462474e-01,7.000821808254102940e-01,4.076153473285569762e-01,1.556045895350740560e-01,7.050611519432270491e-01,3.078154168165353477e-01,5.471028972429673454e-01,8.203709229789368784e-01,7.711940842189693446e-02,7.343224168640202221e-01,5.392761845698024192e-01,2.776896572096811955e-01,3.834889431468249121e-01,2.491629632027981822e-01,6.657686208348709833e-01
9.777022643081064723e-01,1.450363455880855634e-02,5.913649216905804140e-01,5.268797292737651405e-01,8.840100928449279305e-02,3.105188186576027798e-01,3.340988764260113819e-01,5.491865833129022656e-01,6.228728240626657531e-01,7.690394664588563467e-01,7.924631298530222523e-01,6.346990327258534847e-01,5.100369787314209535e-01,6.256739238580094620e-01,4.180099690658612421e-01,2.948361320028990429e-01,2.915064675928666915e-01,5.847699499073032436e-01
9.806034581370630665e-01,7.333857030704473701e-01,6.705307763479911864e-01,4.786049404977925636e-01,1.775441617337870648e-01,7.642580686888655883e-01,2.791168683949457607e-01,1.140444327143183278e-01,4.996689610311779162e-01,1.823487191006318009e-01,8.842007122337484093e-01,2.008738200765960713e-01,4.724873087230624380e-01,3.433867156396193665e-01,1.946413467583704149e-01,2.675252377383270375e-01,3.307174063794461327e-01,7.271215956414490700e-01
9.522259888602904176e-01,8.108103143012520553e-01,8.823458166232723832e-01,6.199301958710690119e-01,3.859442851058659807e-01,3.515386989654480931e-01,6.661058216211230842e-01,5.482811207774516138e-01,6.022164646793963516e-02,1.648794675554417777e-01,7.265303602936957761e-01,2.017472235788996260e-01,4.255112316124636807e-01,3.038887644990685422e-01,7.318544623638278956e-01,5.817747320631459079e-02,1.813372108620841042e-02,5.377915094748819680e-01
9.669226629149351160e-01,8.753096983006435350e-01,8.877788704556635047e-01,8.424041366244687801e-01,3.631066007863048561e-01,7.097866494558537909e-01,1.614478676118970002e-01,3.796137167129423617e-01,3.080027863249302222e-01,5.391077721101813491e-01,6.569395576764806011e-01,4.446348915192163131e-01,7.745742605105523371e-01,3.649697440448032015e-01,1.896119991003757665e-01,3.819685054372133626e-02,1.162789314153184483e-01,3.311355078658164142e-01
9.734447296279542527e-01,5.584247430608345608e-01,6.602956413656064782e-01,5.999465651385182952e-01,4.434815051714077749e-01,6.657703363494618110e-01,1.902159302776755545e-03,5.025917557706217620e-01,2.462679854713645811e-01,6.766087833246898775e-01,4.727445803283396586e-01,5.094745038013562821e-01,1.140687511974882162e-01,2.876665084641910064e-01,2.174407321820744088e-02,2.772077939436389249e-01,6.886049092681204020e-02,4.678401261661219168e-01
9.549845461842494387e-01,9.229029236895550659e-01,6.889773735249107300e-01,3.403480879034726514e-01,6.397093495047461165e-01,6.137941719000749030e-01,3.371518724568829395e-01,2.295370923446934941e-01,5.840591851596753648e-01,3.678021293668777836e-01,5.551992171677463256e-02,4.734264967705241189e-01,4.922744468635674719e-01,3.873566930139522579e-01,6.730460860549507263e-02,1.888478182346264023e-01,5.218043893773439690e-01,9.282484616699051561e-01
9.494409623685962085e-01,8.483856112301737529e-01,9.201091347102616780e-01,5.168129032908865828e-01,8.097841996040877621e-01,5.128546667663880232e-01,1.288698661468834494e-01,3.624387901750911883e-02,1.877047435755855309e-01,8.927472140448468318e-02,1.498742287879012702e-01,5.470526004615698934e-01,3.740459176042441186e-02,1.761618690366432427e-01,5.464125357129300670e-02,1.796570170369134745e-01,4.631689109558806972e-01,8.768603782130636182e-01
9.673450270348378233e-01,9.490094063760085019e-01,5.740233531837282133e-01,6.964850156537387704e-01,7.573564557391583296e-01,2.638825124503983988e-01,1.406010401713763402e-01,2.906043686751506594e-01,4.788260707935498850e-02,2.037116430014180024e-01,2.494506678460143845e-01,4.829276150920970845e-01,6.914646573370250016e-01,5.785641710913873581e-01,1.409987278437362795e-02,2.434127226426277268e-01,2.677368301397410888e-01,9.374659049203150074e-01
9.308924006963316122e-01,8.591285818960276988e-01,8.983557076043650058e-01,2.879007978958206260e-01,5.064134525513144247e-01,1.843485014889170437e-01,1.069011299259421122e-01,5.067889924836448401e-01,5.586904225176152206e-02,3.032164006730617700e-01,3.484646077953247687e-03,4.666676724749317939e-01,2.739809448126585556e-01,2.974749022847862912e-01,3.566990471250849892e-01,3.294140841063283864e-01,5.186057907916980653e-02,5.960000716964258816e-01
9.748378784542139908e-01,7.104029503665582057e-01,6.512846440950581517e-01,6.976025170732836900e-01,5.291220042168188753e-01,7.005321753969794285e-01,6.060030538354111984e-01,3.914684717597959884e-01,3.021098543837222317e-01,7.295652534132878175e-01,8.396998735168839101e-01,2.717701303506903643e-01,6.386628910642015988e-01,2.397039633325425967e-01,4.469440504597911312e-01,5.278466279523814642e-01,7.775037194413083608e-01,1.572194129938004337e-01
9.834445407537667494e-01,7.351627142496550693e-01,7.745077859644416973e-01,6.709922094372386958e-01,1.148501858831837141e-01,2.525889522866805459e-01,5.770880336004552413e-01,8.363615273841252806e-01,7.890096113775001141e-02,1.519234077810782679e-01,3.363697442017507533e-01,1.366339614534924640e-01,4.682377859023971189e-01,1.689959389816259872e-01,1.876593423967454488e-01,5.957026352461496366e-01,4.805479148627717634e-01,8.298683549841029405e-01
9.924180789698728855e-01,2.926317123345120175e-01,5.880778000477456802e-01,2.721777141179663739e-01,4.788734385341856248e-01,1.523002952720779735e-01,3.442876074320453395e-01,6.109492577426101773e-02,2.865817486276212543e-03,4.560136120439712282e-01,4.019928355366439443e-01,6.057924001162148242e-01,5.517129133809505204e-01,5.351462108862056199e-01,2.663083840575125594e-01,5.500154960155232420e-01,4.797403679215064831e-01,8.440378069530781735e-01
9.651048309283812854e-01,8.737824168926429103e-01,8.089727750608147749e-01,3.429446922944092702e-01,3.871980815007453613e-01,2.853223620049972209e-01,4.880660076808125969e-01,6.111833192857824004e-01,7.524225136008007020e-01,3.453593083541254272e-01,9.505176213152599640e-02,1.503904702627284658e-02,5.733174314327755816e-01,1.166793394123179090e-01,3.891531642617635511e-01,9.352741990684217133e-02,3.841192415089227929e-01,2.268105659190318146e-01
9.840471359254955308e-01,8.712862216311912933e-01,3.235137153004304933e-01,7.251224698340842378e-01,8.729250501472219925e-01,4.444079462359331045e-01,4.963675892971810555e-01,4.671448287775015751e-01,3.637050012448540537e-01,6.987146936089795313e-01,6.016534177827234098e-01,3.201439072593620372e-01,5.360669703250814377e-01,1.582160366049923939e-01,1.877144982135739715e-01,1.049186025767320507e-01,2.623234745460628070e-01,3.118586978044612379e-01
9.825516391235166180e-01,4.104072145915586001e-01,5.657132338921014858e-01,6.352375590815597661e-01,2.036504277460518264e-01,3.508407704192647025e-01,4.568908224769763216e-01,3.759368588887800344e-01,4.264872621304799938e-01,6.005417749528880744e-01,8.336755803831932266e-01,5.689228953520877319e-01,9.354028438615044627e-02,6.123887846914572997e-01,4.335676024070914125e-01,5.220723848362419650e-01,5.287088989810685424e-01,7.504493832087536509e-01
9.725931525068981509e-01,6.315512807731297196e-01,4.620368579486263672e-01,3.899967145910732680e-01,1.197829367076462398e-01,6.517354807211207524e-01,4.597467110361813103e-01,3.948010795895831038e-01,3.715537592488221685e-01,7.163207533494408974e-01,6.713222032754830870e-01,1.314293985942429077e-01,5.264973680580991022e-01,7.348636565924235309e-02,4.965746961813829324e-02,6.284073555528776334e-01,8.438160737429881153e-03,6.495274839963476321e-01
9.270797475524503728e-01,4.591913994735094084e-04,2.279838528262358166e-01,7.850471684308931719e-01,6.657035838835529962e-01,5.398520914651954161e-01,7.977368184852869915e-01,7.225960521286977079e-01,5.226851685934715830e-01,4.249734705130264745e-01,6.847919418472049324e-01,8.211914436134280793e-02,5.952513332672576540e-01,6.995344962280261591e-02,4.077855192229083992e-01,1.998619914191698266e-01,5.379976882048873588e-01,4.461978307859467696e-01
9.290807949883359562e-01,9.270649341472467775e-01,8.887868354326714515e-01,7.906214875812680454e-01,7.059418788057345573e-01,4.514553832050702264e-01,7.221520351511777347e-02,6.297659809298929157e-02,6.253532223084884434e-01,6.392420955649869008e-01,4.481471798972475051e-01,7.524494212028648432e-02,5.029490812361030461e-01,3.152831257847195090e-01,2.578540115609951819e-02,4.700608914478333067e-01,5.471951895342720418e-01,6.130747254741252261e-01
9.807051286358963171e-01,5.399468434586771615e-01,2.996225345970904286e-01,1.970999513706795936e-01,1.801792876817177036e-01,6.577005704721043955e-01,2.687935086383355099e-01,4.222188550390246764e-01,4.593262206242660350e-01,4.257030352756352443e-01,1.820816922504622792e-01,5.917317979391018001e-02,3.399485317789743832e-01,4.927662446490016501e-02,6.250022494347546864e-01,5.317041708435477076e-01,1.827132996188131631e-01,2.559420162782422015e-01
9.798029073214210571e-01,8.196052941762262956e-01,6.418216089765836907e-01,2.383617451331472847e-01,1.752164278252647533e-01,1.660639902051744554e-01,2.090914907633798225e-01,1.286679537769744031e-01,3.302328810401600201e-01,7.090871089837008645e-01,7.080072020698708890e-01,4.393716885434323371e-01,7.912535606500910035e-01,3.283934489546176949e-01,1.187361480758330166e-02,2.074402208598186692e-01,3.489844281501566781e-01,8.209610809900178552e-01
9.844442132893292952e-01,9.403553244335631778e-01,8.140596886713439284e-01,5.485568673299047182e-01,3.038487141344390352e-01,8.267612640052447726e-02,4.443284305311559490e-01,6.254009673331550889e-01,2.006017182762453166e-01,7.584106484154223837e-01,5.219894511661322678e-01,5.056498000331022258e-01,7.394723654187466133e-01,5.642076355653159458e-01,7.401758004285221570e-01,5.943845635826109364e-01,5.693849088413817094e-01,5.860474838325854252e-01
9.612953728146205190e-01,6.664480652388865556e-01,6.022283043974233641e-01,7.152082721638925999e-01,1.133980256156781052e-01,2.672351565073931012e-01,2.483737052084508956e-01,5.410544417525453564e-01,4.017669164878469035e-01,8.669229856878408746e-01,5.636340647018385219e-01,4.168929706466930618e-01,1.637263709318359170e-02,4.155448294102204732e-01,7.222639848368724858e-01,2.958420115999431665e-01,1.926092512411891611e-01,5.422512901210139180e-01
9.627101002914321137e-01,8.180297671839474871e-01,5.489519919453417218e-01,6.607832335375557475e-01,4.334037470097990008e-01,2.909133578029700629e-01,2.804433278923993966e-01,4.718733963745287419e-01,1.162550701999625902e-01,2.143912327028818232e-01,2.064684505489120248e-01,5.693498891163759623e-01,7.598253643584064188e-01,2.174988180408213012e-01,1.499134459713185111e-02,9.130276145700386703e-01,2.585991629357807242e-01,7.302529841809887179e-01
9.794753097165346256e-01,7.864246579822813388e-01,7.691898057823639556e-01,7.393250241184189386e-01,4.117891205965429346e-01,2.441640458864267615e-01,1.558785416029614956e-01,4.867059761127255357e-01,3.510473029092085751e-02,8.939218666258316182e-01,8.526580108329756547e-01,2.017827186244574855e-01,3.440432225740995831e-01,6.824808046560784103e-01,6.342144910847959949e-01,4.271700388600812581e-01,5.650621302752755204e-01,3.508983044402936291e-01
9.228252874404193618e-01,9.295787211532664518e-01,6.661661700395823393e-01,6.252460683667220298e-01,6.423727500113919353e-01,6.860927705137126464e-01,6.938979733721283294e-01,2.513769271464712518e-01,1.050701814360050362e-01,8.559004700789744069e-01,7.780963542068137784e-01,7.888323858301363178e-02,8.749348980167956022e-03,2.897058862137312230e-01,3.144568433520201212e-01,1.889982909285129187e-01,1.976351846657331546e-01,8.100178086036992076e-01
9.921991250679369490e-01,8.342666468415446679e-02,2.026226454008136502e-01,1.322084742748338426e-01,5.235910323609218285e-03,3.783108326367358165e-01,8.533723902853432297e-02,1.534036836647383328e-01,2.183564653876932937e-01,7.458184324830981204e-02,1.168828080381602158e-01,5.814067895499135386e-01,3.863064241790211684e-01,3.336401550030947405e-01,3.306710701552292297e-01,4.119780033778744910e-01,2.461463779107340433e-01,5.111718899957740092e-01
8.862587034794692231e-01,3.613805782024840929e-01,6.190639771579292683e-01,2.592177905850855391e-01,8.381747533196109989e-01,7.050152456403322443e-01,5.319006058099001732e-01,7.114752107856773256e-01,2.445892996041891254e-01,5.784226013749563938e-02,1.112052393341044776e-01,1.813035685769577854e-01,5.417001348938340621e-01,5.161106644846255032e-01,8.657829527818974302e-01,5.822865271559333200e-01,8.165464008875115143e-01,6.742114304540035574e-01
9.633807778481926487e-01,7.853955209127401194e-01,6.069208351835052584e-01,5.935951954340338288e-01,4.388494760224400104e-01,5.926814139208180787e-01,4.665088478569759736e-03,3.710339038348697271e-01,4.279131225065752053e-01,8.023775965713401126e-01,6.074563753980176672e-01,1.118975987976516956e-01,1.132727627331943793e-01,1.536053480581113517e-01,3.225545578649379741e-01,6.139777237308284841e-01,7.901306443759481546e-01,8.973490622423534457e-01
9.303043522752049155e-01,4.048706805513238027e-01,2.660031479532408150e-01,4.958077564827313433e-01,6.338826096293186385e-01,7.085343062308434581e-01,1.880889424491651862e-01,5.673194337451496067e-02,4.035975720603815486e-02,5.441546566365229598e-01,6.973352081127175139e-02,7.060932720938307983e-02,3.108907805129176305e-01,2.640091433638190321e-01,9.661996813408457729e-03,7.613009330768592819e-02,6.860197680141741361e-02,5.077175168027897589e-01
9.855787744044967047e-01,9.344742985449416839e-01,7.636351304461793665e-01,8.291724726608958040e-02,1.091574326073770779e-01,3.136950673863656003e-01,3.280681421177830681e-01,7.440132362512874575e-01,2.307097281992987192e-01,3.313378537675801261e-02,3.042739722517676659e-01,5.120103264867245096e-01,6.755867022163276892e-02,5.235172535874225153e-01,1.016323495042826264e-01,1.127295724859359166e-01,6.316292490737696053e-01,8.406904791771856456e-01
9.456896972208004293e-01,8.442209365226923667e-01,5.599575114960244626e-01,1.582752099120889044e-01,1.356219541903850023e-01,3.572063462904997433e-01,2.125038431412690221e-01,3.511536054690159170e-01,4.367870443843662187e-01,4.949936793975080462e-01,2.590519457484267152e-01,6.367922018840919129e-01,6.742524077424044693e-01,3.354461838515400696e-01,5.104271568010909643e-01,5.478016794725846239e-01,4.559569460104225813e-01,3.683768470599979583e-01
9.298186062836343302e-01,5.037310464781958874e-01,2.165199023973577441e-01,2.536992850439708791e-01,7.442502178278009861e-01,2.675533717500446218e-01,5.911385224286429263e-02,2.413257376620782935e-01,4.423632614686622833e-01,3.552306563202679013e-01,2.456042730238423011e-01,2.425814099248758127e-01,1.642350552364102434e-01,2.765381713732595337e-01,4.488925543595173040e-01,6.894393818554125364e-01,6.155250434617119959e-01,8.204479401590659693e-01
9.862542142093209119e-01,3.144339830504999100e-01,2.995403544246615368e-01,5.515900670347292922e-02,7.481035421623177806e-01,1.147086854188202193e-01,4.160212201710599689e-01,7.098621498900921090e-01,4.216882455211171110e-01,6.849465290382286131e-01,8.101209877833722706e-01,8.083948333825460297e-01,8.206665673358761737e-01,3.161665459162856795e-01,3.003114798653528927e-01,1.373746038642979228e-01,1.684796269800629964e-01,7.948102816341290344e-02
9.878778878034608635e-01,8.812692012723759571e-01,6.604499103414791517e-01,6.437999270998894241e-01,3.203282964314125847e-01,5.175232460901207920e-01,5.974593554919452876e-01,5.384448318656850224e-02,2.118930668506567583e-01,2.273693309943856933e-01,2.251865582293749724e-01,3.502353644151384726e-01,3.173206009624175983e-01,6.064477296651707983e-01,6.028778186309076137e-01,4.454240339478260369e-01,4.170197781146289806e-01,5.906597594947614605e-01
9.319794799142420150e-01,8.114463550768493683e-01,7.305592608483196804e-01,5.590625599076616270e-01,1.404715674988735452e-01,5.776384409052502944e-01,5.492797698515616833e-01,1.715524866827612405e-01,1.109851452524592413e-01,5.319795357958276849e-01,1.516374614293111017e-02,1.175890238283982397e-01,3.395259587871906071e-01,5.810018302020861780e-01,2.085342793750451507e-01,1.528036540275086730e-01,2.545134852970471484e-01,3.204364117184709815e-01
9.763721250518210271e-01,8.391940588187631889e-01,8.139631107319780234e-01,4.916039018608108768e-01,2.353732204907627301e-01,5.968441145434515427e-01,1.538275352132622009e-01,7.012111316546933149e-02,7.152902935538669738e-01,8.065882573797447108e-01,8.572488541762335323e-01,6.928318828450881206e-01,3.698012489815968862e-01,2.132469063097586770e-01,2.165492972713604081e-01,3.951681855148221345e-01,3.834755493723573383e-01,6.350538602967855661e-01
9.847905539202743697e-01,2.573783443309914931e-01,5.568562203461567828e-01,7.870490968155466893e-01,5.871468370626784505e-01,6.943604627298362031e-01,4.045421173658330094e-01,3.529075991316603100e-01,3.417246190102078418e-01,6.395684339473131086e-01,3.427100156282617549e-01,1.197608789666944895e-01,1.249498877550160036e-01,5.397537883957859162e-01,2.899672069979536970e-01,9.626751681019378448e-02,1.222985952445856672e-01,2.972461695281378713e-01
9.846574490974990823e-01,9.113755609446569927e-01,8.829551490987000983e-01,8.821914663175469684e-01,5.953931566311498891e-02,1.219859748544164096e-01,2.206956974804854532e-01,3.205212236819173222e-01,6.237683042508072040e-01,6.055962961244996112e-01,7.823438648035062615e-01,1.551669696466219384e-01,5.776884247245156478e-01,1.941433183643891947e-01,4.901131366655887556e-01,2.297752226940222853e-01,7.057742967531929756e-02,5.182958748143041694e-01
9.845029508569247412e-01,8.753923567362181801e-01,9.199472374544108710e-01,3.307490331225228508e-01,2.165679106159937584e-01,1.600337613183076824e-01,2.219989800636655020e-01,4.365680987876702779e-01,4.178398791366168541e-01,3.320409408224809233e-01,4.037587783603348024e-01,4.649940274893412107e-01,7.798693875587819901e-01,4.935054217494040940e-01,4.119142045818545150e-01,2.768233987693763942e-01,2.259178084375399187e-01,1.044239076978974445e-01
9.722950308893939519e-01,6.357941587383225679e-02,1.708237829952812814e-01,1.085396856154175332e-01,2.737781279433518233e-02,4.189029789880861776e-02,3.242137569292641852e-01,4.556344391881017586e-01,1.341345536122293958e-01,6.193389457588666103e-01,1.369157194747845641e-01,1.479802584723791670e-01,2.143339943176079399e-01,2.447981031770807281e-01,7.098301312276963926e-02,6.008602789921494575e-02,1.475113375835347684e-01,1.631467923484253846e-01
9.806618753900109287e-01,7.355647518445458388e-01,7.529748187128642023e-01,6.282807978884002997e-01,5.301497283908569447e-01,4.765852540773013457e-01,2.548188307197680191e-01,1.781480151849327079e-02,8.003099473993253721e-01,5.202596310863083495e-01,3.359999020406762571e-01,9.739593547859097533e-02,5.508712319448892947e-01,2.983524172017208362e-02,1.180039650354570840e-01,3.357939989399849057e-01,5.718225400897355426e-01,5.939505462669995017e-01
9.891589331546049024e-01,8.463562611055722718e-01,8.032462533442639163e-01,7.008041778271205668e-01,2.195001186415737604e-01,4.846925047651906016e-01,6.702260818747964866e-01,6.033499042931188550e-01,5.559257135004738171e-01,6.284585273846834408e-01,7.457856775616856781e-01,6.009654983721195443e-01,4.559330496405332722e-01,3.026352931734319629e-01,5.262826962553192045e-01,2.001348348266838162e-01,3.419378037424683492e-01,5.045752936263953048e-01
9.772959914736316644e-01,6.396838122486191436e-01,6.988096506070605729e-01,4.768666343665447505e-01,4.867376782626975373e-01,2.835986098466475869e-01,6.833423690289414099e-02,3.487192845528698237e-01,1.497573799648316828e-01,2.065329332038117749e-01,7.140270704741003005e-01,1.472169056668057308e-01,1.405955384340481507e-01,2.470800726280349413e-01,3.700749734865901308e-01,5.776484439176298169e-01,3.751142436651995760e-01,6.825554648278474579e-01
9.847603276969737474e-01,5.767205841798415111e-01,7.121239681144091449e-01,6.002067769259932239e-01,6.200243319309562545e-02,4.327252357806490313e-01,1.096502125054993337e-01,8.254799971113000456e-01,4.365358234753646260e-01,4.929384751304479173e-01,2.427569212614956173e-01,2.702058146727649435e-01,4.908156746429687689e-01,5.343929552213416700e-01,5.564980039136080414e-01,3.574048001318397838e-01,3.911805662211464973e-01,4.338246848323242810e-01
9.758815677228638297e-01,3.394503568928062265e-01,1.420306536854588908e-01,5.478276007314190066e-01,6.921804998817006060e-01,2.928733433364567595e-01,3.252592122617910531e-01,5.733987263721245231e-01,3.800631879708013527e-01,2.926172311451919472e-01,3.004734831928634886e-01,6.584500685700457323e-01,2.851467211562547788e-01,5.336051088717824742e-02,6.956940349412498170e-01,4.239877247456432241e-01,2.101316618388752999e-01,3.270820825762381645e-01
9.785496643884601387e-01,9.433748678161544277e-01,9.448649079175908128e-02,1.440007903274058768e-02,3.615123866159690169e-01,9.287990030861124069e-01,8.286519136068978275e-01,5.179152645261333454e-01,7.471874005783273320e-01,3.626501946376685104e-01,6.363647077625562698e-01,5.798988081347877105e-02,1.701333482953869547e-01,6.853664218198898817e-02,4.865600114320975389e-01,4.909697722546351173e-01,8.130739681973659927e-01,8.116005276727792372e-01
9.558919692102334498e-01,8.025668041289059085e-01,4.030663925866690422e-01,7.364498237259738123e-02,2.686349128761847740e-02,3.665658987078798670e-01,3.486417486436830804e-01,2.036675098196623346e-02,4.169341795266680029e-01,3.811419163041019909e-01,2.812214211877921421e-01,2.630695089117804364e-02,5.013001003697368230e-01,2.445304868928924180e-01,6.140987957856934853e-01,7.562663721485289869e-01,5.006256233015741186e-01,6.586929204819166328e-01
7.774825520597384854e-01,8.057367215737347432e-02,2.089925442661283161e-01,3.756508628751073497e-01,3.339803575394353213e-02,6.889130587956835416e-01,5.248728630124152028e-01,2.126009217074038490e-02,2.769163159069953362e-01,6.727839088119057509e-01,3.956619254492573234e-01,1.623069509489506179e-01,2.208209633373053593e-01,3.436191765393761810e-01,4.706267038779501366e-01,1.940726023519117049e-01,4.524027477567842404e-01,8.653710804029139947e-01
9.769312655484139185e-01,9.633983278322778565e-01,7.945090684234633605e-01,9.656243376013387558e-02,8.646527885063695074e-01,5.303625863389647144e-01,7.034438378875351727e-01,6.506083274538056183e-02,4.086782408719775161e-01,2.770212191978692062e-01,3.310685808566249388e-01,5.281530503061677706e-01,6.657100026603852694e-01,2.756372635203404031e-01,1.893675129358556308e-01,3.586696066901866042e-01,4.189796554102825366e-01,5.246810172443229225e-01
9.829402181865869448e-01,9.250637791062686910e-01,1.056704276099166145e-01,6.533877670849032315e-02,9.778824795329305042e-02,2.106542544547730378e-01,6.483703125686580693e-01,9.436713222634467504e-03,2.460440606740955938e-01,3.344605696463116562e-01,2.813054805751802889e-01,1.776552132649517612e-01,5.801754025299060702e-01,1.935700808035762110e-01,1.447425949775125731e-01,3.458302501190422262e-01,2.190552578374141968e-01,3.666803843282611108e-01
9.885488562303001991e-01,3.138779542800493316e-01,1.822534405449853789e-01,3.249625158966308880e-01,7.684187400251794031e-01,5.065111743391612631e-01,4.901038559731255018e-01,7.102033504640952177e-01,6.536228743477862091e-01,6.035891514877940178e-01,5.777727648633536051e-01,5.940197044950651373e-01,6.680931604880824271e-01,3.760238943323537253e-01,5.407894155205499320e-01,3.217492166964254219e-01,4.695174846299559057e-01,8.564186514417604368e-01
9.726419626794325923e-01,8.217989350444395713e-01,5.100055387249151639e-01,3.469678012959181296e-02,6.971038109402083460e-02,2.068469234637076715e-01,1.785448214232184527e-01,2.383521984982808484e-01,2.236547240012189408e-01,6.456834158301431037e-01,5.210102725143357372e-01,7.952845638977724674e-01,5.773145094550296008e-01,4.748204914260399645e-02,2.916135280893519255e-01,3.402732744449192270e-01,4.110636616536263443e-01,3.909203186109205252e-01
9.787186505812546233e-01,1.745429306656301749e-01,1.364107818972001840e-01,8.361804272880899447e-01,8.948847815802877248e-01,7.732974371785501511e-01,6.571104452099452153e-01,6.624703277712556959e-01,7.548493704895764544e-01,2.594497195212956686e-02,2.090965820828773192e-01,2.555490419298356297e-01,4.907313629272896938e-01,4.456232209638753550e-01,5.154387384867274990e-01,4.505743014957285242e-01,1.325297808094833829e-01,3.084012122987598303e-01
9.684519977672348956e-01,6.363755661002401531e-01,4.896818407743263046e-01,1.779822231843249461e-02,1.924483685998418792e-01,1.112993526770579000e-01,4.539138015467499010e-02,2.731250642019752983e-01,1.230662276265046540e-01,2.260906750564064260e-01,7.918010238150711977e-02,5.604659536570495426e-01,7.428160470726760112e-01,3.706893228114478966e-01,8.802862798411414946e-03,4.958302357632657364e-01,6.756416178987450193e-03,6.898879617960178567e-01
9.871326175906812717e-01,9.248223877663882542e-01,8.494684565343862959e-01,3.956378083066505180e-01,1.990413701856589834e-01,2.381072271274846941e-01,1.722395624832372407e-01,3.712326743228425152e-01,1.873661735519157046e-01,3.815736412418178625e-01,5.905244620501848285e-01,4.958011098707553743e-01,6.844136043269866132e-02,5.147813968178905908e-01,3.458692061803764206e-01,7.121024372049068463e-01,7.397639972052642010e-01,6.734630370094478735e-01
9.601749174867013625e-01,2.899347596009258510e-01,7.341802755540175474e-01,2.063927382607339545e-01,1.627718675213789615e-02,1.800213298141147555e-01,7.456478180585119908e-01,9.960349529909036381e-02,1.036571066168132244e-01,2.035333168832093031e-02,8.412556457361164419e-02,4.421116167586283674e-02,1.949976794754749998e-01,3.657683457705562802e-01,1.372908806151196537e-01,1.173912055749193190e-01,7.347950325153543849e-01,3.799037800747236404e-01
9.672775345961198701e-01,8.632281908771972656e-01,1.781737125655881715e-01,3.317957127494277070e-01,3.969160489894402177e-01,6.672272970545325421e-01,7.704951024849924224e-01,7.735406138189928615e-01,5.545069962549007414e-01,2.909913806007898285e-01,1.990137090396044972e-02,2.846056468669756478e-01,3.386107062576853566e-01,5.283679445004098030e-01,1.721334991566106087e-01,4.898910266156574211e-01,4.708047289610453046e-01,8.591688199654052838e-01
9.463232510640260386e-01,8.622656692673794643e-01,8.160345155444891363e-01,8.177389548689969478e-01,5.907270020008887901e-01,6.026880205098924526e-01,1.645999384654292796e-01,3.032065761671656201e-01,6.676603262628924562e-02,1.148776158125842939e-01,8.823430455327548397e-03,2.117840699309010352e-02,6.856755579997243499e-01,5.473983005335086860e-01,6.671810969838057881e-01,3.141367392378128232e-01,1.103250084086067513e-02,5.859639389711280844e-01
9.596658274092024765e-01,9.372218316279241623e-01,9.218305140084338545e-01,4.464647059598938483e-01,7.126728781367190901e-01,5.264408342510121797e-01,6.088226325126049748e-02,5.390969439356192439e-01,3.735240808162566539e-01,5.858307525553464457e-01,5.018602779256087221e-01,2.986260017879642237e-01,8.654067631069114475e-01,1.129551411312586101e-01,2.328600225565003456e-01,1.322242194923745617e-01,6.597952756319097611e-01,7.816689275749838517e-01
9.890659913691474125e-01,7.577311846655991889e-01,5.636411757669094191e-01,7.887939962892548396e-01,8.021849345192487712e-01,6.576697569054748005e-01,7.062350697564656610e-01,2.813350933764627304e-01,2.755440985340277815e-01,4.710477625729617701e-01,2.858111779428240129e-01,3.491476659654756953e-01,5.268353642675571713e-01,1.655286560621949676e-01,2.462237462182269021e-01,8.026843395426638827e-02,4.170052327765260136e-01,7.795694889348073753e-01
9.727541501605804219e-01,3.559985118932985082e-01,3.097543844588018791e-01,1.426750219501945194e-01,4.391282924689142164e-01,9.797482270437610826e-04,6.720278578113985102e-01,4.714337334634041699e-03,4.627799071972111822e-01,3.907871592389439153e-01,2.056710992983237507e-01,9.548061652197831206e-02,4.248061224663761126e-01,4.010596690858490021e-01,2.930749805659514928e-01,9.523961198427750852e-02,3.607559239310101917e-01,8.686522652223239715e-01
9.413291456507143495e-01,7.373397375351746774e-01,9.386009274906033095e-01,2.681038920126441183e-01,8.513414772558554056e-01,6.346912129845132533e-01,4.278010309146179635e-01,5.828320446041371783e-01,1.851897687580653651e-01,2.304320566055348130e-01,5.982930503827083024e-01,7.007322413993354315e-01,7.649879629718659979e-01,6.528387858911083308e-02,5.853708474534314449e-02,3.650746699427170339e-01,3.313063422397755642e-01,4.675753855045299279e-01
9.760422333178064846e-01,1.497626894299335931e-01,1.954487070694626016e-01,1.815343021922715405e-01,3.533239319971254178e-01,7.240203594251647112e-02,1.608481882141807040e-01,2.830982822592988390e-01,2.320153263666222265e-01,5.156989074619316993e-01,1.263859866450773306e-01,1.152749066886531865e-01,1.349059824429033327e-01,1.599198878489886955e-01,6.959572294793401337e-01,5.625692900144892983e-01,5.953952188744657814e-01,9.408374515773488822e-01
9.814682854784932964e-01,3.381895324870615727e-01,9.860604924481930489e-02,1.962207035674400080e-01,2.631586788326023552e-01,5.297898377930715386e-01,3.789987978669376312e-01,8.889658620294876856e-02,2.533620922711808388e-01,6.914684055074996616e-01,4.940833856688990888e-01,2.821149339485181651e-01,3.267126585637977199e-01,5.954465218853655095e-01,3.045486124774728354e-01,2.263182698380755975e-01,3.759515198735556285e-01,4.834666231646020385e-01
9.839316413406179462e-01,5.050888344529066432e-01,7.827954431522906598e-01,4.231123461430417731e-01,6.396109087442514163e-01,1.734405566175349286e-02,2.123855919315142116e-01,5.836544832794060556e-01,5.529805334151919327e-01,7.796559718069281386e-01,6.806751373425083962e-01,5.609401163314422512e-01,1.403489688949006442e-01,3.439258697340404070e-02,3.296016154524972208e-01,6.070862530339853347e-01,6.297503438908126361e-01,5.326726864020263630e-01
9.869156573339230576e-01,3.643112304835237625e-01,3.946807944963822146e-01,4.201305974940796051e-01,3.220017645162325248e-01,7.915695494160692736e-01,5.213149774515268842e-01,4.862232407680442958e-01,2.229864070352474137e-01,4.686612782669556387e-01,3.527862101114102589e-01,5.485030823414068779e-01,5.944992178686979711e-01,1.301976036190725106e-01,7.419353927192647857e-01,3.947428078061878537e-02,6.756363841020236460e-01,8.173093936893752742e-01
8.473749064787950980e-01,8.856064971289410170e-01,9.098692319430062847e-01,4.359041305793347476e-01,4.319865212914239527e-01,1.982447665036256024e-01,1.047566703576547908e-01,2.857310386559870977e-02,8.328694659219371133e-02,3.146112338201244030e-01,4.626763228642056247e-01,1.259649961782774163e-01,3.011918476518551380e-01,6.657054301252927908e-02,5.194071509259391428e-01,7.621418317988560842e-01,1.813851659456853782e-01,3.624365450895847274e-01
9.456424605397867333e-01,8.992378751385028401e-01,7.431113869357149904e-01,7.401447934509792770e-01,6.979962783479033706e-02,1.524055779398579002e-01,1.794507091200158930e-02,3.780739998965580995e-01,7.352168649301522585e-01,3.914650417005833827e-01,2.095088512690012339e-01,3.242447462481233278e-01,2.939761656477004048e-01,9.317883079118127743e-02,4.302865614152885931e-01,1.500469734242708582e-02,3.173499921537637491e-01,1.325549128701284940e-01
9.097035675174708347e-01,8.926401956798417636e-01,7.870944064705622800e-01,7.812389339222732820e-01,8.948357529621476791e-01,7.475328922368366102e-01,2.238051299208553002e-01,1.386169794095267471e-01,3.570934436206704438e-03,1.993634417660272162e-01,4.341442692579927098e-01,1.824759487705429895e-01,4.671023708032142063e-01,3.989417502770801205e-01,4.909016754639208280e-01,3.781532817844759364e-01,3.755338279041035010e-01,4.283527213460440186e-01
9.706478653872738782e-01,4.973278711648776995e-01,5.942848592422422804e-01,6.233754515299401167e-01,3.783962790113144792e-02,3.612879040633932282e-01,1.553542878336339750e-01,2.959611470721765919e-02,2.290885302766719200e-01,4.662277962278552068e-01,7.409566151319504357e-01,5.372796226600630165e-01,2.083254760223790525e-02,5.780848492514270021e-01,4.623602012821913521e-01,1.085256639059741929e-01,7.795008472786388865e-01,8.131996958665770325e-01
9.861285105861563594e-01,9.007409261093755060e-01,8.981803100422309782e-01,1.269287963799363428e-01,4.175034462680354830e-01,1.665059621931908318e-01,5.788322786940582887e-01,3.911842497803950103e-01,4.785372479640958576e-01,3.583516489589288478e-01,1.477232769787133471e-01,5.003848156019814475e-01,7.028691390222602253e-01,1.238916078381564062e-01,4.160494871651683191e-01,8.908034680435789054e-02,3.515715299081584866e-01,9.140345813868119285e-01
9.870371747135395779e-01,9.421689608923434767e-01,9.109517703656013765e-01,7.924390595807705162e-02,3.022610616006310424e-02,5.645238869117464864e-01,5.946107084765291928e-01,6.618895316008148733e-01,7.821897598460362255e-01,5.063439175990521735e-01,1.338086706300108120e-01,4.700261232915848852e-01,2.497995850788723160e-01,2.807479677607135349e-01,7.530190393983732244e-02,1.169690518229301451e-01,8.170122384144162808e-01,8.173549776054277460e-01
9.688882778080950553e-01,5.088502108636383525e-01,2.020155392229441571e-01,9.070788919549440665e-01,8.152202284528540233e-01,6.629078483407039313e-01,4.662180837155305291e-01,2.907780514436293998e-02,4.643676703628498159e-01,5.031238676412126409e-01,2.964609857533230253e-01,5.173914973168904918e-01,4.919454697459822445e-01,5.894804061562441966e-02,5.189983765582084629e-01,4.931145184652144242e-01,3.515565820849857470e-01,9.288822419372124717e-01
9.497412264166033014e-01,7.817934167530005141e-01,8.182669101037929327e-01,6.041545495862922222e-01,8.412028335410531854e-01,8.324853354322233612e-01,5.004441110321271591e-01,6.803677533142049594e-01,6.563824165900535856e-01,8.504127649568600233e-01,5.648770012880726110e-01,8.263879976545648320e-01,7.495644783395152277e-01,1.526830081763365932e-01,2.822380380371424247e-01,3.616037858260734428e-01,4.004532409570151219e-01,5.289558851933366945e-01
9.760297129381785286e-01,2.076801450557322903e-01,2.585068543490102178e-01,1.053695456287365162e-01,5.253828489199940943e-01,4.422675504691476744e-01,1.767332112684646961e-01,4.110822554891285230e-01,5.703233657674621204e-01,5.545946692418936008e-01,6.340890076584415613e-01,4.260356316145005873e-01,7.129775294768639915e-01,3.873400740770408524e-01,8.145499081448045464e-01,5.721056020190525837e-01,7.795056015053054566e-01,8.046406057715757010e-01
9.669062096647987881e-01,9.382505434560798330e-01,1.346520744369871792e-01,3.556728160952195572e-01,2.173950629367578657e-01,1.315193007413304471e-01,6.937393998112278970e-02,6.451898117715736403e-01,2.310601824677161187e-01,9.016411946678181133e-01,4.977221225145573857e-01,3.251002855119412005e-01,6.195947339033165413e-01,3.808442806243342998e-02,8.248587978129386933e-01,6.402415569743964419e-01,2.530631219675619215e-01,5.362737371386062657e-01
9.847093517108281846e-01,7.392701430363319837e-01,7.753528794253555789e-01,9.914032448047735771e-03,2.341388325815465243e-01,4.196372562469826706e-01,2.842309384844433559e-02,5.528366998175799907e-01,2.630235802047473787e-02,8.728560146767906647e-02,3.076363595718518140e-01,1.044058751517357685e-02,4.771975296039510095e-02,2.315406549341595122e-01,5.739349656741302708e-01,9.473078075884510119e-01,8.204705219133309191e-01,5.906880796931775202e-02
9.591048298653542803e-01,8.494785459173589404e-01,5.561540550798316218e-01,7.242778928386605086e-01,1.637620500047790584e-01,3.232053433704879519e-01,8.285170065179323085e-02,2.585370831779119638e-01,2.289053580444056213e-01,6.171775702560061694e-01,4.625292356535128380e-01,3.029699147521379698e-01,9.710666187096855806e-02,2.427613814569445083e-01,8.039096203945496066e-01,1.572284237319037103e-01,4.347812810123329319e-01,7.673036685650165278e-01
9.594780763198527129e-01,8.121672924011968941e-01,7.882939963137359785e-01,4.376285137239026013e-01,6.689983284564987587e-01,1.064047024138594505e-02,2.399187553344815302e-02,5.022777915827215667e-01,2.782268693826551731e-01,5.987059860798403799e-01,4.594111108201330840e-01,3.621996279028054100e-01,3.263334434605814072e-01,8.342983327645409064e-02,2.696518038190922062e-01,4.378608093170891988e-03,6.547495636245488360e-01,6.731142798948904771e-01
9.812116027075590274e-01,8.442571591607195280e-01,9.389799703356647986e-02,4.045348726086377827e-02,4.628697010343202356e-01,5.622796585447111806e-01,5.942349413436430750e-01,6.146928791100547684e-01,6.931187263980678193e-01,5.875856579280894915e-02,1.511556541245718810e-01,6.485804904275327409e-01,3.431392906149436928e-01,1.136261290972188781e-01,3.576842868235150658e-02,1.144032196738456880e-01,1.245351999312934999e-01,9.492236469778134178e-02
9.628189687623464055e-01,8.978428405538694257e-01,6.786016948320046094e-01,1.017353325776706729e-01,5.889413289726677103e-01,3.888613230841622692e-02,8.125150253407409373e-01,1.718577923015856823e-01,4.342718167005139157e-02,5.488812019778762652e-01,6.609206479719144378e-02,3.824808823155955162e-01,1.052004857250931069e-01,7.114109398874363110e-01,1.889554052860316080e-01,2.522741778604429830e-01,5.783201410741545256e-01,6.222012559948706389e-01
9.886926541089140485e-01,5.391808169823971708e-01,6.272445603414666948e-01,7.749110381687566163e-01,5.601822152314238634e-01,6.337492746202777472e-01,3.796931785373185431e-01,2.933362428812276712e-01,7.579373502419388398e-02,4.889896882186200999e-01,4.588342023466827624e-01,4.353716205666736117e-01,6.027055729980734800e-01,2.127059289080908133e-01,1.634429190396835818e-01,2.273051317295047002e-01,2.157915419751261707e-02,3.924115980776413104e-02
9.778785062449779630e-01,6.457024147569629946e-01,6.669746201510918793e-01,7.619349323177707634e-01,6.505047476317635802e-01,8.713672052855612193e-01,5.296202161208205667e-02,5.749175809479077914e-01,3.523305385112958099e-01,8.756076730823231236e-02,1.321922710651314836e-01,4.022430582163994406e-01,1.245962484719978225e-01,1.851161629030686484e-01,8.361900369370155461e-01,2.788878154769509066e-01,1.275665951798901909e-01,8.995327029347593983e-01
9.770528379709046973e-01,8.402978393771792787e-01,9.496960400963693205e-01,7.044756552009432404e-01,3.441142445857102716e-01,4.493024462863276502e-01,5.933599972563142755e-01,3.037448022040846116e-02,6.848365963637313980e-01,8.520310704447496830e-01,8.393159079030827474e-01,1.430912883131018887e-01,7.419838966796549196e-01,3.944372643385664623e-01,3.440694630108780405e-01,2.037027406159291620e-01,5.864471372025671370e-01,7.244006798570086225e-01
9.723044954735794443e-01,9.270047827778736815e-01,7.148386592888309465e-01,1.483818476060453917e-01,3.500361198544394425e-01,1.618830795226970098e-01,4.959129664550870897e-01,3.839384385957977375e-01,4.405888958313655124e-01,5.612479043241250798e-01,7.876354096707002261e-01,7.915684497772599304e-01,5.069776071591836075e-01,3.636082016847998200e-02,1.120386520593640023e-01,3.053556634129571679e-01,4.459202233136333460e-01,8.410226071981663498e-02
9.821538426547928857e-01,8.353520756777139677e-01,8.342573767973098242e-01,9.220890914602649646e-01,4.255635621519995304e-01,5.998370556590196800e-01,8.420618277112389138e-02,2.219730957798960180e-01,5.773582247279096524e-01,4.552157969040163121e-01,6.533918336378242708e-01,7.028519628685965526e-02,2.288513689300889498e-01,3.231500890177706475e-01,2.044396271116386554e-01,5.820674704839129410e-01,1.674907656672144640e-01,3.546950948868669018e-01
9.787307252077538378e-01,5.354632962141033792e-01,2.663251207036550494e-01,8.182061438485221938e-02,2.701488695524930650e-01,7.119958664476735422e-01,3.820221110780163687e-01,3.306921591764873103e-01,8.891588822448849572e-02,8.174912890510169783e-01,2.177338623403962670e-01,4.627997699975993084e-01,1.251760594247453284e-01,5.477602881174863797e-02,8.553149551818866048e-01,1.834614381699854191e-01,3.462906027853039359e-01,1.721394041377012907e-01
9.461259895082846372e-01,8.361285699042048103e-01,6.561675083822192667e-01,3.936912760063562278e-01,7.312719601362236421e-01,5.141815559466396124e-01,2.832972329002640954e-01,2.418734194671197935e-01,3.072349876892496723e-01,8.381276627232129295e-01,6.947357440685101304e-01,5.357952053561740868e-01,4.848890703278176117e-02,3.392071009574901819e-01,4.061444257864199048e-01,7.538219379752481020e-01,4.192500262518950582e-01,5.158718599350219369e-01
9.764032811370761955e-01,6.303725014684349315e-01,4.073622102644768317e-01,5.742750353567769306e-01,6.242552682861338686e-01,1.111038763559685644e-01,9.247626708234073234e-02,3.724694480509078698e-01,6.436755680345448982e-03,3.896134804628365034e-01,6.216191267240721574e-01,4.647873734749434216e-01,5.101760782548647732e-01,2.436044818275600876e-01,1.611948883163156765e-01,6.720442837153486337e-01,1.716507245631968270e-01,3.478947772439932029e-01
9.793368447677811561e-01,7.798146309533037224e-01,8.535927821966178275e-01,6.285114193522365333e-01,4.882083998359098564e-01,7.248039125746359723e-02,3.141668569441132264e-01,4.993786578745791904e-01,4.840354201967996817e-01,7.044386154589143967e-01,6.852604068288568051e-01,4.498406723548996622e-01,7.141145706135874072e-01,3.553490747956993823e-01,5.256056956307173511e-01,5.616801097058850001e-01,5.903502952030900142e-01,6.664158196013842961e-01
9.746146574676534113e-01,7.584355771354196474e-01,7.392866084415524730e-01,7.839980690777031969e-01,8.307645877741527407e-01,3.530215355882233008e-01,1.669053876614406962e-01,8.235180426699504341e-01,5.276372008233911615e-01,2.658940999280746120e-01,5.919497285088742844e-01,2.925033629695374393e-01,2.059078891408562192e-02,3.985406894003966638e-01,1.288006004086292566e-01,8.554135903108571470e-02,5.356616515815918467e-01,6.846698747782939964e-01
9.822057254747919020e-01,8.656048544716661297e-01,8.926899772731674565e-01,5.343836730794913059e-01,2.754503647113203946e-01,2.127358469112994865e-01,4.394199384900752681e-01,7.290396520184898588e-01,3.496046757957817497e-01,9.050917828452489933e-02,4.046911600635825224e-01,1.126390340281777508e-01,1.468924170968206599e-01,1.305763184677264516e-02,6.419357677081415081e-02,2.862008629686345618e-01,4.704032826404029866e-01,6.041317521533154933e-01
9.705839633579707026e-01,8.962883568518130728e-01,9.127426585167742745e-01,8.409977283340084320e-01,6.867082843292622307e-01,1.296914550537353605e-01,3.914147077325580981e-01,6.262290939108948740e-01,5.688732530106714591e-02,1.716236503785399659e-01,5.146353144677896507e-01,1.127735749951389553e-02,1.829796681357520952e-02,1.640245606849463078e-01,4.438434035586290571e-01,4.215888560463368351e-02,1.022063727032587466e-01,6.980441332465564530e-02
9.373203497801825268e-01,4.657679715853682567e-02,2.879041763774718710e-02,1.339335427117453736e-01,7.080253636204447698e-01,8.265105953811239248e-01,6.233208804941477998e-01,5.951375208590374832e-01,3.490980128227275658e-01,6.581196193732170574e-01,4.011558759527331097e-01,9.089863073210266431e-02,1.482455407911071332e-01,7.509009774404641624e-02,2.354967391542644728e-01,4.156100443222432439e-02,3.758133801334789803e-01,1.918906843079815350e-01
9.387005947858805266e-01,8.985570975002727945e-01,8.220344602770054410e-01,7.769474274385226309e-01,2.986377553518448566e-02,1.470863426435881915e-01,5.901543935378736894e-01,6.248213950605058242e-01,5.508781986238540096e-01,6.041987217257599463e-01,7.911999459288838743e-01,7.187824974680286916e-01,7.998592020589571083e-01,8.744593671170473037e-01,1.738497527807601056e-02,1.354502646890162754e-01,1.813537836126089264e-01,2.859194527575016354e-01
9.633706509800110673e-01,8.897119262674254569e-01,5.028137504012720749e-01,2.290022484627395327e-01,2.806794937755671127e-01,4.873880033306026149e-01,7.250959096099567347e-01,4.118806206742063325e-01,7.446404067431992013e-01,4.337126749456651220e-01,6.939868127152840627e-01,2.294412383659814592e-01,2.147964766977973339e-01,3.484007710554928305e-01,3.406155357197427347e-01,2.305870958732622877e-01,2.164362321769014164e-01,2.648405045193774621e-01
9.719655603333161586e-01,2.641848399089570809e-01,3.541632412257598173e-01,2.414540256122914286e-02,1.766295479306645710e-01,7.519322524524670037e-02,3.586183444545152921e-01,1.928961501052789407e-01,3.258476562748524041e-01,4.824106883105755417e-01,1.981034422263806272e-01,1.648253765280301153e-01,1.897449754018594170e-01,1.152339560461936308e-01,6.809715152727620069e-01,4.104990694604552237e-01,2.984377360790403944e-01,7.160933851124482441e-01
9.344130587473985505e-01,5.133776102800277075e-01,4.069753460553607871e-01,4.910758597801484493e-01,7.870926094070598844e-02,7.675692663617250666e-01,6.217248092349849653e-01,9.151386194458227541e-01,9.225074728619660214e-02,3.932417405427336421e-01,4.099880593704852139e-01,8.968900388429666692e-02,5.497733283618947420e-01,2.634064587392972445e-01,4.747097714854286443e-01,6.437184375897022637e-01,2.197104178811597475e-01,6.313458893713116415e-01
9.619734221028932719e-01,8.270713658079222874e-01,5.877280174913227517e-01,7.137607511768195856e-02,5.137811332864506975e-01,1.239063848677856572e-01,2.651949201113887877e-01,1.396564491001527630e-01,1.841531838973400614e-01,2.988996068397619440e-03,8.282348322357161452e-01,8.752083788905926642e-01,6.029486672872178543e-01,3.703518236670525487e-01,5.051813489443683913e-01,4.939875464533884375e-01,4.092668764798911840e-01,7.656016442225614949e-01
9.207021350413856497e-01,9.009218942084162851e-01,6.522997829097817446e-01,1.585605717842249185e-01,2.544836051789211018e-01,7.773837854798292257e-01,5.153482851159544298e-01,5.521399391260612965e-01,3.589572428902274570e-01,4.731581050105759800e-01,9.376475319717851586e-02,3.726887084645772591e-02,5.673707238651268803e-01,2.182928975959230744e-01,5.850705574405091758e-01,7.850847855177123247e-01,5.612798476746456711e-01,9.205420360631256793e-01
9.573084088361482058e-01,2.890728335003370786e-01,8.416952486841859649e-02,4.094799799044827604e-01,2.844420843456610948e-01,7.242221125747833055e-01,5.395956955438389047e-01,2.919591143892188434e-01,5.778135554052233891e-01,6.933174156880959060e-01,6.939253938932750110e-01,5.388511664613886420e-01,2.683594766994805147e-01,4.086985495356075804e-01,1.008677626158012569e-01,5.625488669843072831e-01,4.770027446891931810e-01,8.149400234118310271e-01
9.834482885547658482e-01,9.084678558590686404e-01,7.151669311372599314e-01,5.542585312053548430e-01,7.889658331830768923e-01,7.004022121306543447e-01,5.645747424153545468e-01,5.582027726795769640e-01,8.419021159645905250e-01,3.897333103714726299e-01,3.262160842973097635e-03,1.915862801136652138e-01,4.835702694537674651e-02,2.119294987662820040e-01,5.246283103870365006e-01,2.597060311365952945e-01,2.021415745831887101e-01,7.238094252282883945e-01
9.680442754340227163e-01,3.506726389474554284e-01,2.127220670814446157e-01,5.250504410119183341e-01,7.262683114640053894e-01,3.001831653627798357e-01,3.320114899288552079e-01,8.417439762501703893e-01,2.224072809728550593e-01,7.133407145027816920e-01,5.008041296629236333e-02,1.577412048747119100e-01,3.243632012803226994e-01,7.308858541102589701e-01,4.375689284720983285e-01,1.297057387274250517e-01,7.676058554280605906e-01,5.131394075329035465e-01
9.675465671313188132e-01,9.113288010824733831e-01,3.962518450113636792e-01,2.996548626821080030e-02,4.162849835741130877e-01,2.675830317885717902e-01,2.760146099998049274e-01,2.913583321463287037e-02,9.416922053915559310e-02,2.981395638527348790e-01,4.025743236493270483e-01,8.945312472991827357e-02,5.046372806619343621e-01,4.726152913352072993e-01,5.765447280913634787e-01,2.146671386178115593e-01,5.483458697096691425e-01,2.324192378053923647e-01
9.700324058549385509e-01,7.171109171372359592e-01,2.576969169796490804e-03,4.355533833743953365e-02,6.271262417043578230e-01,1.242959879963673048e-01,4.003847617371193990e-01,2.031856766185890506e-01,1.288453493745085610e-01,5.503442083294947211e-03,6.418937666820960786e-01,3.849869199076725867e-01,1.243068196026914513e-01,4.844489456204388866e-01,3.316681907892328196e-01,1.448470588891027054e-02,7.726503925292489694e-02,7.016724414047870173e-01
9.777900774886665314e-01,6.618644229931345269e-01,5.814524594884348252e-01,6.137973224567873087e-01,1.656378829354943905e-01,1.289200534151206667e-02,5.529141229333510710e-01,4.405977006721141231e-01,1.140967934535462719e-01,3.323619919138481871e-01,2.326305488915432762e-01,3.539138776368825345e-01,5.584048548376470134e-01,5.664389692460189973e-01,5.150297759655109164e-01,5.390160516257335166e-01,8.293348025826068060e-02,4.419627460409161213e-01
9.815560254604008827e-01,1.214820040292523273e-01,2.792853994213050361e-01,1.072533528820382859e-01,2.635591797807594339e-01,5.218050956971878040e-01,8.958289359633202220e-02,5.667694627767340121e-01,4.852865229644190426e-01,7.610507331615343762e-01,8.968615644667862208e-01,9.827284238683470230e-02,4.478006555535609529e-02,2.326391119406520658e-01,7.806874688438245613e-01,1.142655959852126174e-01,4.514948512964124805e-01,7.576567444678437013e-01
9.830889284647125193e-01,8.327808926490345431e-01,8.405343309791600825e-01,7.438255039131007607e-01,5.767831715099963619e-01,7.674864517868678071e-01,1.342546571887239804e-01,2.783233437035770863e-01,5.324520779234785950e-01,4.681314719892062381e-01,3.539497756306319576e-01,4.112678085022270502e-01,3.154920910789137389e-01,6.055575477627779257e-01,2.627265146134093454e-01,5.609916139683505248e-02,8.626891268282432801e-01,6.458854363981977320e-01
9.273135125726431616e-01,4.574523993412712430e-01,5.808957086367182443e-01,3.468647651815678357e-01,7.889591926082692441e-02,6.611283503031019082e-01,7.457698644509962449e-01,6.680931891063756067e-01,5.015521807669554022e-01,3.842591658876210459e-01,5.747305551635868426e-01,7.548869360800748440e-01,5.111128365398780460e-01,3.167528985583845658e-01,7.184672373775471965e-02,6.754757384563876421e-01,1.807568383999594575e-01,3.687802919325806617e-01
9.791478022427845262e-01,7.600589191105014963e-01,9.254945662623779157e-01,6.455946016484090944e-01,4.550535837965599129e-01,6.372332219763169325e-01,6.411318524639210148e-01,1.069912891342201244e-01,1.809661104708347457e-02,7.833811520186676480e-01,8.203459388052830592e-01,5.349938734434972476e-01,1.068291917641372123e-02,1.132496056383683197e-01,3.907400992223021841e-01,6.270512764019376961e-01,2.501332008027268849e-01,3.596426668489441925e-01
9.629174505682016605e-01,7.466041937387294380e-01,6.186781307156900001e-01,5.346297736625253982e-01,1.891790830387019839e-01,3.767991429068075493e-01,5.304357450606489444e-01,5.991581191190298306e-01,3.643577657234186584e-01,1.511728279814209819e-01,1.542393420825169115e-01,1.666203925876019731e-01,2.456429746841793660e-01,3.346806049256423332e-01,3.534271337355922027e-01,4.310444011585295998e-01,6.029801277247242020e-01,4.831918358724296425e-01
9.802208058940272695e-01,8.902770368207409968e-01,6.674073123020030085e-01,1.141709907844501992e-01,1.346460891589763287e-01,2.473460860317186483e-02,6.682385732507856169e-01,5.000383807651482826e-01,1.750857720590875133e-01,6.077571962596487465e-01,3.165004512429559491e-01,4.619475443757480870e-01,2.396590440086544260e-01,1.239300778862790081e-01,7.245082945614335079e-01,4.132924949858645114e-01,2.308663925437531850e-01,1.235818426160046335e-01
9.662087760649519241e-01,8.499068871518921098e-01,8.300511114197834939e-01,7.100220087116538847e-01,5.008269622927136178e-01,1.155924679859863941e-01,4.320613645445231521e-01,3.494530398749904343e-01,1.313978151169223341e-01,3.300293629718416000e-01,2.363851011546759806e-01,3.205663491972217116e-01,1.907299612833402436e-01,2.805983327106666425e-01,7.112572749783471204e-01,2.260662654720255460e-01,2.491748483242281487e-01,5.146313149633346962e-01
9.108268492565232410e-01,8.631740032001565810e-01,3.490726480255504360e-01,8.899464304524895564e-02,3.722092371210881101e-01,1.493565149842056294e-01,9.616814427215583660e-02,1.924527786391886652e-01,7.701931435801505355e-02,4.806924076584521144e-01,2.715864496721978605e-01,4.546253391717506309e-01,6.491921798682437350e-02,3.775349390368123448e-01,5.823667725804974049e-01,6.731068834094048325e-01,6.894621672128461443e-01,7.267121596663811411e-01
9.871044349483585334e-01,1.336242647544377826e-01,1.618295675041224457e-02,3.783648509053270659e-01,2.465718423005442417e-01,4.745967242046210122e-01,4.883630152132197866e-01,9.199676804669933983e-01,5.289987325562013343e-01,2.375109797164350611e-01,8.204886573583622944e-01,2.815614878421191514e-01,3.538239059349948534e-01,3.724086564084939099e-01,6.695209063755203083e-01,6.163285203644401911e-01,5.908386852238228792e-01,7.782335991743066783e-01
9.753564700044512481e-01,5.958403888198599008e-01,1.352622970770046285e-01,2.704078447238144611e-01,5.867978271808280688e-01,6.019617566986859014e-01,7.417193094725275937e-02,2.645918246327055856e-01,2.929140752748866650e-01,5.417363195995136271e-01,6.397826405870923328e-01,3.705946002640243542e-01,1.984377044875683394e-01,4.582655231831824771e-01,7.308682415714221614e-01,3.820232434018568379e-01,2.846750970976324666e-02,3.343710828035668658e-01
9.806465667990483803e-01,8.832833977443100837e-01,7.357768139119655881e-01,6.965362675402759773e-01,8.722206553105914251e-02,5.126445320263316452e-01,3.101883363912362745e-01,5.789375444177570218e-01,6.361480513013249016e-01,3.503046527682620037e-01,2.678733820335472693e-01,3.217046569741478512e-01,5.263391901634206782e-01,7.422152800006449613e-01,4.763945832762487842e-01,3.083489543385953824e-01,5.765733336417151467e-01,6.671068928399820352e-01
9.703890158726897752e-01,6.671347428100982135e-01,6.653035777770901493e-01,5.000754720278671739e-01,7.422253459119008967e-02,1.898173019397723579e-02,4.966869136813074626e-01,5.134475074502086178e-01,1.026827420045980238e-01,6.243809719799588327e-03,7.485958919155208946e-01,5.303741227895092392e-01,2.935526323942894700e-01,4.199898775167424936e-01,4.461162565982745853e-01,5.544812516937648317e-01,6.180400677062771742e-01,7.845580382416601495e-01
9.791583577661683302e-01,2.125760845827240619e-01,4.373269924093109995e-01,5.093314288246080235e-01,3.339703818535060820e-01,2.546631360516897202e-01,3.601501926412760124e-01,5.614910742814586131e-01,6.050194246688181954e-01,6.447820245690720764e-01,6.329987983104300442e-01,2.402093745967100180e-01,2.774174879399673443e-01,7.944076681160258668e-02,5.855141128576245579e-01,6.987716641203559065e-02,2.080028841604633638e-01,7.138620863184770293e-01
9.922432988448793845e-01,6.316848937005596909e-01,6.630452951421105245e-01,5.282211025252702141e-01,2.263863022874551267e-01,6.238963524466620836e-01,1.883688043867940698e-01,7.328879107885234723e-02,6.814859030758843028e-01,6.984447134057588658e-01,5.510287187014368815e-01,6.379239753303653782e-01,7.123956559293451729e-01,1.288278670102279422e-01,4.193425806452034665e-01,1.208337630458253681e-01,1.227064534550512259e-01,5.529867058513514566e-01
9.723389859471019969e-01,8.425366277881065624e-01,7.805570436910277410e-01,7.754434759041725078e-01,1.976942061873560863e-01,2.068732608557607433e-01,5.000964655016479909e-01,2.307661833588740552e-01,1.260121882894096323e-01,3.188088141558736988e-02,9.316701456750771035e-03,4.586500803490888289e-01,5.293593105455665082e-01,5.182177152530657027e-01,5.248917156138667162e-01,1.060062323017281344e-01,3.768093442192333442e-01,8.440708594530815789e-01
9.846109814380801240e-01,8.302811733595927279e-01,8.463778314771392974e-01,7.476231726804954958e-01,4.758119624825705718e-01,4.966449754787872206e-01,3.235267332352755321e-01,6.081986515577398889e-01,1.272313318473048960e-01,1.144926915451551369e-01,1.379198207142223742e-01,3.018072627238769234e-01,5.827119702229077713e-01,1.773916434512153029e-01,5.494241094857339469e-01,1.028772068424229635e-01,5.448199564796567529e-01,2.209540752300240551e-01
9.868947428522356624e-01,6.669212186037876133e-01,2.480047027916286173e-01,2.834264941274212135e-01,4.711019331662401055e-01,3.151425303704800673e-01,1.704665028833091955e-01,5.616554754095374330e-02,1.241028995183311584e-01,8.825697484266099568e-01,4.887208345647060526e-01,6.076848080776243305e-02,7.670651929883218201e-02,2.968678000716660215e-01,2.539128970750977321e-01,5.433866152754284196e-01,7.156812684113857959e-01,4.586552869701364665e-01
9.777963679134511477e-01,8.062364400927664043e-01,5.839465471403088026e-01,1.472209766521495877e-01,6.683777406799085163e-01,3.921019143461227374e-01,4.946592105655717164e-01,6.632904655746983957e-01,2.090975816781991126e-01,7.307790340853374811e-02,9.164029753728451799e-02,3.147292350120319271e-01,3.420580949316591179e-01,3.493010057774118549e-01,5.993573073889300051e-01,8.764698650638892696e-02,3.086249670016050217e-02,1.796768344363628978e-01
9.649934794613458378e-01,7.787290373068155303e-01,8.371207083240804758e-01,3.637058211837486121e-01,1.309100804800755746e-01,7.587760312192255441e-01,3.081692765265965916e-01,6.186696684801303026e-02,1.936914510856777849e-01,2.779819432880143992e-01,6.106134203331051863e-02,6.984827759950625048e-02,4.844684026657237741e-01,3.233152464242561863e-01,7.109094750504760807e-01,7.413420249058226830e-01,6.822079317683872324e-01,7.340214793832584572e-01
9.610470668075551393e-01,5.473683471608006279e-01,6.074231283476250187e-01,8.216742896690667486e-01,2.394950719279527462e-01,4.970394688487439483e-01,1.068414055904360616e-01,4.053210969636310557e-01,1.163648784776591810e-01,2.690326143580901164e-01,3.512129382586902104e-01,6.574361643774396802e-01,1.315942842885502173e-01,1.107484100865140236e-01,4.441837490294458513e-01,4.616137061935242092e-01,5.754886484058369805e-02,2.480221049880561995e-02
9.668391072137425546e-01,7.462158713290765188e-01,6.040338191458528572e-01,7.105650100342780773e-01,3.313085198930776909e-01,6.790104287734415323e-01,4.341601928030352497e-01,5.489634544703301255e-01,4.425457763610916029e-01,2.077823656961919341e-01,3.768707031885495384e-01,5.233461828000568472e-01,5.405210616210751606e-01,3.002532934847257362e-01,4.821895468120087069e-01,1.076127319115213199e-01,4.256478297323201820e-01,3.888961331872544669e-01
9.680167390718225073e-01,9.497789970188939002e-01,8.477792488368096624e-01,9.457037339946440246e-01,5.761086105667382329e-01,2.834961102918394094e-01,5.786879395027875184e-01,4.347401905884019230e-02,3.950944961245466680e-01,8.179447055116024767e-01,3.133400469496535057e-01,4.775970141666131541e-01,4.459177488711660864e-01,1.855377560635136647e-01,1.500161075926366092e-02,2.210675951525359895e-01,5.943095633865390359e-02,6.306272499868692538e-01
9.687018283715261857e-01,4.709869284397111278e-01,4.627850546390389064e-01,4.013961869319875309e-01,3.142307550580399900e-01,8.237675347829969547e-03,7.059590537199766924e-01,8.396456764808878370e-01,6.510038164920811665e-01,3.037078031533840261e-01,4.687058062174999651e-01,2.510246079949202125e-01,4.418197258555388585e-01,6.208473547420189087e-01,6.535226627664408872e-02,2.566592037122797931e-01,2.510012547620792470e-02,7.458214917809753430e-01
9.692166161607639330e-01,7.811393909402065683e-01,5.252352525304417874e-01,1.712171567983551690e-01,7.096463076731960307e-01,7.201466714296076432e-01,3.669079354133900767e-02,4.920135934125717259e-01,3.284502049620355302e-01,1.796066886827688835e-01,3.347714895598225548e-01,9.957408004454280925e-02,3.135047313990847739e-02,3.174912954935712461e-01,2.155927357166138036e-01,3.422977282903886254e-01,3.747332002083257341e-01,8.874368398883906162e-01
9.791038055743535029e-01,5.504087665922493544e-01,2.055634537895347225e-01,3.454433150670665476e-01,2.251675883812441770e-01,4.517907760162797604e-01,2.440367830532312043e-01,3.141604105039776385e-01,3.313577381858562321e-01,4.269514655084232224e-01,3.780362839096838845e-02,3.524549921485710391e-02,6.150276257877462793e-01,7.507931320059889613e-01,5.407981556437910786e-01,1.127079289513486203e-02,3.554574248181858187e-01,7.646438175347921584e-01
9.897126686352839542e-01,7.513684307538803786e-01,7.467038459144557105e-01,6.857367227862921633e-01,4.031171563379011280e-01,3.667747942389502080e-01,1.850687671329910300e-01,4.508364043063819299e-02,6.953747058319540431e-01,7.262745617516824792e-01,4.819710786666230318e-01,1.917470551628932818e-01,5.073727878067375574e-01,3.931045405939533333e-01,4.986647332730443916e-01,4.531617130232610258e-01,5.442780535096245487e-01,6.745883791928305451e-01
9.607732107504011188e-01,7.759823687176966578e-01,6.932208732836050435e-01,4.931192341388857675e-02,1.048516175473066941e-01,1.888430907889983301e-01,4.420523052194000324e-01,4.173332166816857702e-01,8.222645140496065430e-01,5.568472817493520521e-01,6.852803431078324792e-01,4.462072853162510344e-01,2.894882392692891826e-01,1.141864016776578117e-01,9.382566649447003915e-01,9.789970369403365458e-02,7.569292264442482043e-01,8.225535274174964329e-01
9.910216997123526550e-01,7.045577752535443494e-01,4.297997000636006315e-01,7.096179469453335331e-01,2.683150703786827407e-01,5.819271514682515800e-01,4.806017390232960040e-01,4.277909692590529944e-02,2.482058419490026646e-01,3.619628804433568381e-01,4.285526698977887294e-01,2.810451520456211383e-01,4.825228839504742129e-01,9.343921664731452692e-02,2.044084275196954847e-01,1.412552709932611283e-01,2.808427027141818244e-01,3.976396403903493804e-01
9.762655118220044947e-01,5.505999464504818253e-01,5.532929420073926519e-01,1.962651955066303799e-01,1.511169754886615701e-01,3.536303638142884176e-01,4.792113577912904265e-01,2.350761734126612656e-01,4.227259592467068616e-01,7.226623766561395268e-01,7.639809155443302302e-01,1.785720505115659384e-01,1.900948050517368426e-01,6.503700424155823834e-01,8.334784409515509640e-02,2.421429686763881262e-01,1.625102951508520521e-01,4.357548618912472360e-01
9.630719922953885348e-01,8.928180508149515804e-01,7.270529900960709391e-01,2.261537031261050268e-01,3.774199566678088091e-01,8.359389734357337565e-01,7.675772111292642474e-01,5.885823127402945998e-01,6.616837771376615773e-01,2.550229112042514124e-01,4.985876458531980915e-01,4.479725314064088582e-01,5.708275529050155228e-01,3.316331912668566417e-01,3.990063084199403365e-01,4.103149673641576234e-01,1.443141638644698244e-01,3.875644768838064635e-01
9.871431956766599791e-01,9.435397887529580752e-01,7.084211858806642725e-01,8.177331480494497151e-02,1.259137519970913999e-01,7.371270221030201686e-01,6.792428517759060425e-01,6.501927186910483325e-01,4.498436931716676135e-01,4.465581255196583998e-01,5.270838037031100320e-01,2.674931908168395878e-01,9.533909700621229222e-02,1.714363129844323208e-01,2.082506910866543381e-01,3.360101798259727546e-01,2.819079953806368777e-01,8.572436257955241487e-03
9.745869844370683710e-01,5.759341837377555118e-01,1.745418869245288912e-02,7.198101562548778753e-01,5.409964102316111578e-01,6.885343597745656741e-01,4.912314308459568291e-01,3.689959401668924110e-01,4.967539991321690690e-02,7.480599756642775100e-01,3.111628042584030918e-01,5.271279026747420771e-01,4.105250995073360665e-01,5.986136769860647133e-01,3.418624095726292555e-01,5.801472735026556166e-02,1.050618488280694318e-01,6.943066792996985814e-01
9.923355569795258013e-01,9.546787016832468664e-01,7.180345429479717545e-01,8.216351120934657359e-01,2.191399742955758845e-01,5.762327035582668344e-01,9.974941504664240621e-02,1.914274879181946387e-01,3.735455744930299415e-01,7.018697443221089127e-01,7.160971893943774980e-01,3.093533836849451379e-01,8.425820518929151570e-02,5.141349987636480989e-01,7.233595571943652880e-01,6.638105974640328144e-01,6.737360515726421584e-01,8.430581634291882676e-01
9.514406392130198009e-01,2.478682460404298959e-01,7.672510074645064182e-02,4.187285071095502853e-01,5.479732013924544232e-01,7.445895027484880080e-01,7.136991236349121692e-01,4.694524534758227063e-01,7.229003567408903708e-01,2.099648028005635658e-01,1.403049133787815927e-01,7.002879371275112508e-01,1.236597614299948938e-01,3.660295028156317076e-02,3.323700869568598226e-01,5.123652759845290783e-01,2.788942214251869944e-01,3.786314247032083191e-01
9.811754440050528547e-01,9.004137539617267372e-01,8.120619742049322021e-01,7.157457650062613030e-01,7.795954467593492199e-01,7.618594713406914298e-01,5.033882400747039521e-01,2.578003568377542631e-01,5.364837834309099662e-02,2.000120276035650679e-01,5.804025501396905540e-01,1.578074094416373752e-01,5.297590565798905304e-01,6.546051043195290874e-03,1.874988031601615424e-01,2.933565418188077145e-01,6.254045601039843749e-01,7.666661231306958202e-01
9.735424116226042424e-01,8.666209184467770221e-01,8.753071672398716752e-01,1.685333714374090686e-01,5.341669866104540795e-03,5.240917657213093328e-01,1.082689647454140869e-01,4.932925013404573233e-01,5.437654009810233280e-01,1.650436415835877801e-01,1.455036193423422941e-01,9.055928421290708463e-02,3.884232765823820988e-02,9.545030228119795457e-02,2.169878301747010241e-01,2.113717479209270556e-01,1.737548848012777924e-01,1.413324461924036490e-01
9.639421835735608735e-01,4.331496693747604598e-01,4.090272049086757927e-02,5.805357995522518744e-01,1.658498788165915505e-01,2.845363801053826247e-01,5.221820691133484127e-01,6.167463642226677090e-01,2.235004631688717880e-01,5.011293520095788656e-01,1.980387831143171073e-01,1.184406470656007224e-02,5.076603945181595856e-01,5.035517426364476412e-01,1.586718865124124578e-01,4.900177816904044414e-01,3.429066731981172400e-01,4.787232726809327876e-01
9.483002228734651595e-01,5.690370164245569518e-01,5.041501089824927950e-01,3.939669203757780180e-01,3.048550807358094139e-01,5.181564039401943544e-01,3.466047616681487420e-01,2.465847818449306006e-01,4.797467890519568345e-01,3.201743957408439978e-01,2.460406383224306437e-01,5.666397984757360895e-01,6.370992975661921021e-01,8.049006416048322121e-01,3.650983491701331740e-01,3.317580602329782136e-01,7.004409727248759321e-01,7.907183952723561005e-01
9.725909021727051629e-01,2.807713902682545948e-01,4.673832341784053823e-01,2.724649631947526074e-01,4.070771121942749482e-01,8.987282250493278113e-01,7.254090077434203199e-01,4.396316838314233144e-01,6.623883357590062415e-01,6.186805309003244879e-01,6.028267087941276969e-01,3.338606729710212884e-01,3.990955752442282845e-01,1.825223868501932301e-01,3.343397943912856940e-01,3.496348557451555150e-01,2.866426154786331226e-01,2.191691800247986543e-01
9.836390347825674230e-01,4.456675366185547937e-01,3.077207547891298023e-01,5.230322202385160324e-01,6.700619370368296468e-02,3.468557457102549590e-01,4.198107822326478389e-01,5.182534967051706243e-01,2.653378005075865964e-01,9.280985928770057666e-03,1.163629547009703141e-01,5.477139676412009495e-01,2.766211936272007232e-01,7.783857995820628872e-01,7.840248659188703284e-02,2.116071654959801873e-01,6.075473677512689408e-01,8.309365406624319439e-01
9.848437075507447958e-01,9.542441024595325061e-01,8.198743855373404887e-01,4.382475542676674829e-01,7.395355664945801877e-02,6.099209110786647514e-01,1.527749091571692641e-01,7.502500114513750706e-02,4.432252200309524937e-02,6.130896933703983143e-01,5.111243696202888431e-01,3.018703782201049846e-01,3.390353410738584095e-01,4.104942275970041576e-01,6.330547780478000819e-01,4.782865963375519391e-01,4.323028918532347276e-01,8.748158541574113656e-01
9.839910860295529860e-01,7.785205694407988375e-01,4.914011043156734093e-01,4.948853157136573477e-01,5.899464633616353648e-01,4.558378092954084027e-01,2.592370422959526799e-01,3.285149679649553844e-01,8.339790692376843062e-02,2.602698889331553911e-01,1.215428671198935801e-01,7.704203220929536911e-02,1.499514107593529280e-02,2.537243619594858890e-01,6.915475667191959275e-01,3.870282991908532977e-01,6.149793755769358272e-01,5.434805029951060851e-01
9.713282665350967404e-01,7.583646354731196082e-01,2.968844191028853843e-02,2.635930188162470822e-01,5.305796092674791575e-01,7.249347809434719681e-01,3.859902716832392389e-01,5.932013716744894971e-01,2.192227458090720560e-01,3.686170163098401731e-01,6.892300143820649927e-01,1.277879246873384333e-01,3.848642933769471086e-01,1.156964570149538948e-02,2.656965428529673989e-01,7.489510075975748249e-01,9.016499526656175378e-01,5.175115798456676464e-01
9.753308498771600110e-01,3.246000017788529951e-02,1.983475098544503490e-01,8.397971269076358602e-01,4.061348260915292330e-01,3.888612660922577957e-01,5.332706373186335558e-03,1.606958865418191829e-01,4.445981291260019397e-01,5.060223208694173413e-01,8.568454251809096700e-01,4.868616710029518568e-01,8.234336907914693304e-01,8.040165212502187186e-02,4.828806784723785883e-01,3.943320433910268118e-03,2.985988514418875805e-01,8.476084487590126448e-01
9.945259229992661210e-01,2.138676390703284358e-01,7.591830523712604917e-01,3.074490033610174367e-01,5.861329082306308003e-01,2.474859388974264551e-01,2.776740891577675896e-01,6.959102727812346845e-02,5.430267634565751900e-01,5.562605007230637666e-01,1.017497615385620363e-01,5.023986001320882577e-01,1.074472348317263293e-01,3.813045633792479516e-01,2.667893719092828131e-01,5.485257630307101007e-01,4.677221821512999034e-01,5.138405537719687999e-01
9.917203556305452805e-01,9.031110004434383942e-01,9.516415914028256706e-01,5.618649468951341097e-01,4.129094544316054272e-01,6.533938212395830059e-01,4.812102231733845215e-01,4.429431241071768999e-01,1.192207159382340925e-01,2.422413834602921492e-02,1.807156893055660296e-01,7.337690359213424607e-01,7.506224192676073104e-01,6.006745321816923111e-01,4.374007117356006336e-01,3.585045802687920613e-01,5.947194670183325593e-01,7.729017582072916781e-01
9.535002625525818010e-01,8.899604364555410152e-01,6.034281541995311082e-01,5.730462605636753581e-01,1.507431179467189630e-01,9.935626568333565112e-02,1.802988042861218831e-01,8.917439031638327851e-01,1.919202747486155047e-01,8.089762664061856956e-01,7.964902620650747833e-01,4.083665961249066112e-01,4.075674957660850861e-01,3.910409264865081225e-01,1.763328322144453938e-02,1.161352886712947591e-01,4.249721451666511052e-01,8.400575897157664951e-01
9.744247635013184583e-01,9.620085147346950638e-01,2.297772053661013558e-01,6.181031926720087499e-01,5.910936154457286928e-01,2.972630143254115787e-01,5.720985240876737266e-02,1.115309008670712781e-01,2.968136002657085701e-02,4.276204927548269419e-01,5.152168377148161893e-01,6.396519533771921617e-02,2.469167826038219382e-01,3.319825622433413281e-01,4.090213410720240639e-02,6.303487352063244509e-02,5.343528764102030149e-01,8.254072101423642893e-01
9.960489208725809007e-01,9.022548647484281981e-01,5.433268854357302668e-01,6.124834063701040804e-02,6.497088136857666341e-02,3.690995542600292167e-01,6.445839482302433143e-02,4.458431543800145946e-01,5.973274229601599483e-01,4.241763808464523722e-01,6.042632384474662111e-01,3.655542880535183614e-01,8.853967675434405438e-01,3.945559731359858935e-01,2.786960071753081802e-01,4.497057069303510013e-01,3.581275002888885672e-01,5.898311064896284428e-01
9.845344219664690089e-01,9.676840560675741276e-01,8.246315671008105364e-01,5.674403344812174732e-02,2.519734081677302284e-01,3.977766977725943343e-01,2.933475611987977349e-01,1.590727026667047850e-02,2.889909069707468636e-01,1.071294765145871242e-01,3.820360038019413040e-01,3.406978365235788231e-01,6.303785356201925261e-01,4.824153878813333129e-01,4.919517950507767967e-01,3.362463116924775397e-01,2.945502884281701594e-01,8.542701776878910414e-01
9.942352652749691932e-01,4.996270200803811790e-01,6.503358879684693027e-03,7.960979587177697825e-01,2.965181254467248451e-01,5.949462019916316180e-01,2.650541695544006426e-01,7.068192474877096343e-01,4.721601119405550717e-01,3.283028302866663473e-01,4.525271286092105161e-01,4.205318422297309455e-01,3.309287386556405419e-01,3.260287691115404951e-01,1.737197693041408753e-01,3.579447968436882954e-01,2.181707900471494266e-01,2.872735139386934922e-01
9.696845948674136517e-01,7.806512728811443314e-01,6.421083440636610185e-01,7.163482913901146887e-01,5.171011036507654479e-01,5.725396697578880589e-01,4.100324155314450519e-02,1.663614531762554194e-01,4.825179359072439000e-01,7.157061133569223577e-01,3.727106302928556159e-01,1.404966763958934439e-01,6.037360659951983982e-02,5.016148692515596252e-01,6.250327422383470388e-01,3.431186127735781910e-01,5.631163905786923385e-01,8.212309599416113270e-01
9.771365278453195691e-01,2.041159014453628184e-01,3.784853587165098454e-01,1.363320405727248275e-01,3.057064853333411603e-01,5.068952376965021323e-01,6.333270826107041396e-01,6.236733074616724881e-01,1.122019853875347861e-01,1.000016122455231471e-01,2.437557666197924522e-01,2.425515972363040951e-01,1.373230022013447738e-01,2.026098434508483426e-01,4.492040077704255729e-01,2.530999905444590303e-01,3.676211967459137031e-01,6.386996561986449938e-01
9.532332718027368701e-01,9.267646621665016626e-01,7.693089764742598868e-01,3.916988473652335823e-01,7.100607979842765705e-01,1.681486311665193745e-01,6.577299460160895839e-01,3.263026612642332402e-01,6.448261653828829543e-01,5.154580634318778332e-01,3.946031222991662202e-01,1.225022174971788641e-01,3.168543204802585778e-01,7.794570476954298943e-02,4.479129143983922590e-01,1.879550402079428473e-01,5.408088067344729577e-01,6.535397376825181626e-01
8.771900332730230287e-01,8.332768544797140020e-01,3.340186841877826329e-02,2.013317545893446026e-01,1.728417078285987007e-01,5.061315346164780848e-01,4.345248724199749502e-01,5.952631315385027433e-01,1.401472150407960804e-01,3.703703823477786511e-02,2.290083838874485550e-02,4.515455245505419213e-01,1.519977545872141719e-02,3.206962810149485699e-01,4.263835198382115443e-01,2.952146036585536759e-01,4.812515787544656143e-01,6.257305740722246545e-01
9.602781754314085871e-01,3.840576701519893277e-01,2.348612535946203311e-02,2.162843792905577434e-01,6.732116752689523143e-01,5.692748408572593233e-01,5.665731931390117770e-01,7.590545911726213901e-02,1.539136073560832541e-01,3.459267026982868476e-01,3.432038016866980068e-01,7.853355822873395731e-01,7.205341778796116037e-01,8.306001057823514389e-01,5.051350106159528952e-01,4.190996704714413656e-01,8.000794440273756303e-02,6.176808722437338028e-01
9.597354224932900246e-01,9.278448046600344945e-01,1.951316189535157175e-01,1.123170904438385853e-01,3.093393531378105799e-01,4.014568500401061169e-01,4.065351310903757009e-01,1.567997372139983969e-01,1.537416701615058057e-01,7.029056806632705268e-01,4.235401137247655767e-01,2.728422970791367086e-01,7.323823086845923092e-01,2.503493095304362703e-01,7.184465241916990763e-01,6.020074937025988726e-01,6.969580306631089073e-01,8.328554870167762525e-01
9.608967059355838503e-01,8.261442129156900682e-01,7.985783926721652382e-01,7.008986410455352312e-01,2.419466770700538505e-01,7.111157735850320849e-01,4.390504078535195642e-03,3.929541640165913896e-01,3.010853823243774818e-01,6.830527207735729300e-01,1.294020046106111599e-01,2.326884473234090700e-01,6.320591440156684282e-01,2.874592754854703447e-01,2.781184270978672157e-01,3.356770369509945451e-01,3.374847658863873723e-01,9.279481991296342214e-01
9.816849124623308054e-01,8.123395535174676718e-01,6.878417303976853969e-02,1.882076635517341279e-01,5.978225582219506284e-01,4.807135514260136300e-01,5.157800361968081226e-01,6.142157255284805828e-01,4.350415804862226565e-01,8.756012372202379712e-01,4.806571907485989170e-01,7.925582945920993660e-01,7.611995094104538895e-01,3.147538875726657026e-01,5.125133544593354351e-01,6.275297085732285396e-01,8.219305036591272318e-01,7.392758234806136031e-01
9.685679742517026014e-01,7.527069135270388067e-02,6.009474806101709754e-02,2.207846744105489978e-01,1.406893452642961617e-01,5.675719244972919908e-01,1.439101143631379420e-01,5.298755640078814944e-01,2.658207355504166314e-01,3.381370598856345278e-02,1.244518132986286718e-01,5.939362906945895304e-01,8.204527465404167774e-01,3.711844359913039210e-02,1.275558739965867439e-01,4.354559769684728798e-01,2.680780694793040431e-02,6.782589230692190885e-01
9.564540697750737452e-01,7.124178640253345796e-01,4.267309096889613795e-01,5.633871130003418326e-01,7.350155893492729131e-01,5.675915938289438634e-01,3.978273555858856114e-01,7.582423642844646761e-01,2.552240168652045726e-01,1.602443979993529444e-01,2.232350872563832189e-01,2.242595217058576673e-01,1.647336441590345479e-01,1.139659449762159549e-01,5.994124249779943236e-02,1.129446104237404741e-01,6.289007610187341557e-01,7.670365118251180059e-01
9.926200456273708284e-01,7.919064716630256351e-01,5.701937206061900021e-01,8.596757761930533537e-01,1.887237851909559228e-01,2.068582599500340957e-01,4.154239867027392230e-01,4.622300566900333085e-01,8.391250235034970473e-01,2.872385469858749207e-01,3.720985102290508828e-01,6.297405310049969396e-01,6.526258856091763372e-01,5.123653679242780035e-01,7.575377393586729680e-01,7.302276993483195477e-01,2.165383489911490711e-01,2.604370867721605975e-01
9.881009188543721233e-01,9.293382581064143499e-01,8.690369540475550991e-01,8.006417370921236065e-01,6.687260541474596698e-01,9.574818175467205705e-01,3.167638465150654503e-01,2.948673770381792236e-01,3.200306725987174805e-01,8.133350040132644176e-01,6.911082106948115422e-01,4.324492191986595291e-01,4.357072116402997963e-01,6.332858607322119360e-01,3.452290768662464628e-03,8.772332504812598020e-02,2.137131508696854254e-01,3.205851221592417311e-01
9.830665419712836250e-01,7.376669755606911627e-01,1.980003100011045458e-01,2.611243179264661207e-01,2.344544724599723351e-01,3.957933358966675419e-02,3.988642562354437898e-02,5.615858662199235685e-01,2.919822098608598204e-01,1.521576269713317484e-02,1.623192840121015224e-01,7.617824699518534193e-02,2.563363663919845936e-01,3.708359623264417121e-02,1.537443628862307787e-01,6.814166337859685063e-01,4.026784994942683715e-01,5.302686431482471763e-01
9.800102024592509675e-01,3.289465907261395206e-01,4.781041532063538546e-01,2.906476443162452905e-01,5.721216856917219484e-01,4.028144082447024932e-01,4.924386376281104649e-01,8.329590954888667076e-01,5.329057917738057037e-01,5.699255026148690728e-01,2.713309863127735810e-01,5.408781235216392203e-01,5.523464636435164721e-01,1.472883652017600020e-01,3.888118041449731832e-01,8.549681474957936400e-01,4.896449698371408976e-01,8.282127997833986788e-01
9.738327220124880501e-01,6.387832694127384414e-01,7.191623892904683846e-01,4.076256104004194469e-01,3.212278916058531886e-01,4.036371157942969523e-01,6.058921038712085094e-01,1.077234143162760557e-03,5.919446910971143394e-01,2.613895431946139936e-01,3.609117534890917689e-01,3.969263862184150282e-01,6.849727632980601166e-01,3.938384619154465249e-01,7.710465531697346941e-01,9.042091054281473639e-01,3.801154890697764355e-01,4.195708795578277361e-01
9.907252982739636060e-01,7.645637817362901378e-01,8.164083747418782178e-01,6.148324522403409986e-01,5.546735536216446105e-01,4.518227570290871131e-02,3.305922580160265412e-01,6.958725846774185264e-01,6.505976014991524670e-01,4.769142762336173180e-01,6.562304313940848788e-01,4.417177670916156429e-01,3.421316102473707654e-01,3.083903206534596708e-01,3.164762423614531084e-01,1.558260798816815673e-01,3.082827249401103309e-01,4.960347955480545745e-03
9.488492578199021477e-01,9.799210847778880851e-01,8.580694585443385813e-01,4.958569381412251675e-01,2.700240958198932284e-01,8.478064231687422181e-01,1.278319897058665111e-01,3.969567787498175515e-01,4.283079638852941851e-01,7.899131842024017525e-01,1.609793620619059673e-01,7.459772920877971725e-02,2.562762636315739084e-01,5.194450534101959782e-01,4.478179232109101293e-01,8.617796579892370579e-01,3.539266139317312487e-01,3.842604091316083603e-01
9.431322628443897793e-01,9.030256028489306308e-01,8.172045520553005149e-01,6.360757941779754399e-01,3.835504518685520919e-02,1.484129859226105963e-01,2.042960203044922873e-01,2.283706635988645983e-01,1.039487710595586312e-01,1.056124551956309082e-01,4.668199386210275525e-01,3.148817556884047075e-01,1.431559200898210593e-01,2.152225985214850645e-02,5.999118259766990091e-01,4.477293291958200361e-01,4.179875902267287113e-01,7.349558157893080201e-01
9.833893249819382065e-01,8.807896833119782665e-01,6.334780773633873485e-01,5.149164634883901526e-01,2.552857737166513430e-01,2.918643359198465348e-02,5.190839353825065228e-01,1.657050647312911518e-01,5.474449280865388845e-01,3.632702806892278979e-01,7.403894795090729675e-01,7.211895525450033873e-01,5.234889642575999563e-02,1.651508181932573316e-01,5.205814836375879384e-01,3.770358987661839301e-01,2.229305958948566702e-01,9.084829084463641458e-01
9.825349581613430638e-01,6.056569900745224500e-01,7.160896298655149428e-01,4.772909948945174285e-01,2.190125415225019356e-01,4.872479635896676542e-01,1.858218527418349642e-01,5.882056029439077793e-01,5.369319828266563149e-02,2.138257990246779650e-01,6.860706009095883517e-02,6.097848671476249066e-03,4.994641543427104091e-01,1.631498035070641159e-02,2.565653482459340773e-01,7.088922499119670873e-01,2.582480540352574683e-01,5.467962147325378108e-01
9.840623546896315466e-01,7.695010274666286287e-01,6.732672309549014855e-01,4.023428042209343802e-01,7.086161775740273949e-02,2.327483817872078031e-01,1.716483392668481378e-01,1.368717455393480276e-01,2.641645941369323292e-01,2.761703082284437394e-01,5.109839659874803042e-01,7.394370220700116070e-01,2.015270534540380964e-01,3.252448329496113733e-01,8.754647222530301809e-01,5.922557470771878663e-01,3.471611437798459154e-01,2.448476023490555598e-01
9.355600832340386086e-01,6.724139099144106346e-01,2.608699556306292022e-01,8.628807459831508986e-01,3.164080103859034376e-01,5.701684772315509520e-01,8.357179001868817458e-01,8.733612739018569160e-01,2.071865517228609621e-01,6.679995000691852924e-01,5.024785552327189903e-02,4.836091391410725360e-02,6.073859927742583098e-01,6.406310540827272471e-01,2.611132934966702360e-02,5.245132772802628685e-01,3.010630731618732514e-01,4.984739194935045026e-01
9.488600195924637992e-01,8.528853562934215482e-01,9.007528091580339069e-01,7.705880156986378848e-01,5.947904312305416497e-01,6.836782468949382796e-01,6.001368985462689487e-01,1.651598736059223804e-01,3.906857009051744288e-03,6.722391743768055816e-01,3.989233005552626499e-01,4.699859305054764902e-01,4.176435937230014162e-01,6.797666549080482179e-01,4.829929718280882578e-01,4.915777621211156467e-01,5.297606262329704885e-01,9.188516848508515578e-01
9.933865310190732600e-01,8.849445360758783075e-01,8.290569992910454822e-01,2.831043725725908566e-01,1.624831202942866037e-01,8.019390121782959957e-01,6.609911233893599469e-01,5.948121461617548178e-01,5.523064655520024679e-01,5.302417282244757946e-01,4.618107004316126529e-01,7.754455046327616285e-01,6.709945877351691790e-01,2.110298614222787528e-01,7.758320043981755676e-01,4.571762509365267513e-01,8.516308052711938359e-01,6.635768245777169394e-01
9.756786894694919887e-01,7.238951079513561426e-01,3.959975384062807691e-01,3.879860250676130939e-01,9.104988500642891003e-01,8.986924095167760917e-01,6.928425110524328856e-01,7.890630571688849182e-01,5.004588476843101486e-01,2.603370610681889352e-01,4.028091425240843959e-01,2.073404994286834335e-01,2.975022460787543621e-01,6.670035156075013738e-01,7.896864431999650602e-01,8.189059373160729738e-01,3.369397124273472710e-01,4.103097915565003806e-01
9.731918968290466099e-01,7.954217968810455286e-01,4.278532031747457887e-01,6.317358752382267184e-01,1.036960422701928702e-01,2.968280669964865615e-01,7.142084898679840199e-01,3.466425124039011485e-01,2.053644096133039887e-01,4.045453148093869911e-01,2.154512814764165396e-01,1.721614610202588103e-01,5.201659726579854759e-01,3.334963165097976634e-01,1.104044622115230717e-02,4.436526172971233528e-01,6.970909897963109003e-01,7.833039557860723701e-01
9.155689432870490752e-01,8.935960874261380527e-01,7.836419602917307214e-01,4.019769399210444960e-01,7.639866154594014969e-01,1.353949908290435489e-01,1.806659957508867098e-01,3.114582478268488885e-01,1.925438420083122604e-01,2.372341146830277830e-02,1.035843665059940633e-01,4.397219416612257459e-01,6.643055048046679623e-02,1.316774318478352024e-01,6.797493923807893523e-01,3.564434817606235151e-01,5.429365846326929951e-02,4.671199071595271146e-01
9.858400489254693921e-01,9.007099146373761522e-01,7.498214324409681053e-01,4.958427102175076984e-01,5.154069595058210496e-01,1.244312990423760978e-01,1.884168743188309736e-01,1.626611538879876862e-01,4.514254819469120106e-01,3.847271123362207002e-01,5.893937723066557943e-01,8.062321992658962877e-01,5.540842544521896729e-01,4.666250942594641349e-01,1.055452378087616827e-01,3.544194174576181244e-01,4.160672562202321623e-01,5.726184465550203662e-01
9.453728601144827381e-01,7.902871912452607006e-01,8.911558600545796960e-01,7.525103803241171008e-01,7.037099320000826941e-01,3.528447323211433284e-01,2.647486741086983453e-01,1.758704942308501329e-01,2.021967994071100505e-01,7.292068078536396714e-01,6.911099593910174921e-01,3.421190218269030275e-02,1.480121738851177815e-01,4.936147123825327387e-01,1.915468809973848163e-01,2.968648700850133881e-01,5.480075439817946314e-01,4.634525132207115705e-01
9.791830423820038209e-01,4.000550046344585331e-01,6.260711604209371339e-01,3.893053883235590984e-01,6.267277425184447637e-01,1.289302276978527562e-01,2.228044188659291658e-01,4.291648319334258610e-01,6.259622134825176820e-01,1.861887148758750027e-02,2.482930184094927009e-02,2.338735383177389660e-01,2.287788570301327595e-01,2.810625468384461145e-01,5.902974200273523042e-01,1.527556448511929732e-01,2.555809552301874787e-01,5.506952037901821084e-01
9.614128742460408272e-01,6.181899695431265496e-01,2.981980178247551350e-01,4.625340642891209164e-01,3.442186314606938691e-01,7.103743815301943876e-01,8.830067456409985971e-02,6.138517980099915672e-01,2.852573006008776169e-01,9.241166650544896388e-02,3.141678092788261489e-01,2.420537658151354354e-01,5.761370339042959365e-01,5.483372382604822376e-02,1.518880086616512803e-01,4.143741539788785011e-01,4.360902824653229981e-01,9.130838352839611982e-01
9.880536255458901573e-01,8.893063630919016971e-01,8.519933270320589891e-01,3.606332664562637014e-01,3.955203262056932595e-03,3.464907181251977164e-01,5.568280616676548611e-01,2.855277639490821362e-01,3.935562071773209825e-01,5.639993156740995550e-01,4.106213176982402846e-01,3.487431585695452974e-01,1.102056754099661473e-01,7.443138607132417928e-01,7.979534964917899265e-01,5.825886800623240047e-01,5.965286138479314326e-01,9.392780995612520778e-01
9.878297177354320446e-01,1.267665864190240244e-01,2.942450510677714903e-01,6.845091628382867777e-01,6.670252981951849680e-01,4.431790875885064929e-01,2.779372427364743547e-01,6.485446296820523981e-01,9.487753636346614450e-02,2.212336875521425106e-01,5.025365745515216753e-01,3.277723623525691798e-01,3.125568747173939621e-01,2.567536896791686729e-01,6.300284503758308841e-01,7.949139178842339337e-01,7.448300642036703723e-01,7.531409836916065359e-01
9.781030871445552943e-01,7.372619244685593154e-01,3.787797883644934693e-02,1.940759418837382233e-01,1.871734053354113247e-01,1.081494589769498166e-01,6.860881176957692729e-01,7.698743727166150741e-01,2.293312432773793597e-01,3.332561045027578328e-01,7.833469222236313367e-01,5.210790361907843282e-01,7.603562612665094866e-02,1.415469076747606636e-01,4.108150849766820656e-01,2.707548013733891978e-01,5.761721438820880392e-01,8.178802623152903184e-01
9.758193139010552519e-01,2.459520399534983470e-01,2.454346005473062864e-01,2.053261781446759915e-01,3.794423005725526821e-01,4.013973325532865788e-01,3.196889291727718629e-01,2.787264702206104783e-01,8.061807615363967283e-01,7.966394399150698025e-01,6.976290369283358883e-01,3.876605743668133930e-01,6.498042876263288026e-01,1.479051063933485566e-01,3.272313492757858433e-01,2.698257501329570096e-01,3.392754816643121507e-01,1.896287558080475832e-01
9.899505047900566401e-01,7.300402783606184665e-01,7.554270987020650363e-01,2.870748554776079153e-01,4.601232335251573269e-01,6.538782670366093397e-01,4.185477665851224383e-01,4.546485008612181078e-01,7.414829424115423340e-01,5.529887408484129852e-01,6.032881433969321527e-01,2.865088861387142249e-01,1.952682088469249455e-01,6.159661298020063791e-01,3.396155774661704929e-01,4.426930556460325628e-01,4.184232673418727955e-01,1.856282210536174537e-01
9.234850877740573560e-01,8.109794909834390220e-01,5.020178760508928750e-01,3.180486285865829488e-01,7.867887196572642683e-01,5.228448061742647646e-01,1.744306269819118904e-01,5.539255605381797620e-01,2.930594433722946701e-01,1.937159735404416772e-01,2.488195977284128613e-01,8.398811982226445094e-01,4.881298330075197756e-01,6.189672564575185998e-01,5.094256582778275977e-01,5.378875463056504991e-01,6.648704012654157447e-01,7.163945871533632381e-01
9.883974201888714450e-01,9.352144461812845755e-01,9.480697831472577608e-01,6.018913345206280269e-02,1.490352691651918304e-01,6.894677768377893701e-01,8.561384427063889468e-01,8.621194561187809358e-01,7.706473301030524192e-01,2.928071182209102674e-01,3.885474546547165731e-01,4.711345938892781970e-01,4.083005684518982714e-01,2.450329673512220141e-01,2.343684040235321231e-01,6.958443382670893573e-01,2.410442637378563402e-01,8.738645156418282101e-01
9.785930281334983549e-01,6.316061374670575157e-01,4.566969383443182928e-01,3.384617499360744741e-01,2.616722920492607907e-01,2.024099402257465707e-01,4.101693088320714775e-01,2.642176897630809859e-02,7.204201709582710444e-01,6.684631760590259431e-01,7.949020526798468156e-01,5.101976177545358704e-01,3.826063374278207974e-01,1.158552930722392751e-02,2.205592298892202208e-01,1.394892125294626695e-01,3.436612078788874314e-01,2.657526029305514736e-01
9.609498111955082633e-01,8.735656930945104870e-01,3.580169560561564657e-01,4.908770090828397104e-01,4.813799374857521962e-01,4.279093003243471249e-02,4.131262026691901457e-01,2.743996215061673682e-01,3.474822513205431118e-01,9.221297722363123173e-01,7.784619631226057379e-01,2.911551024458961523e-01,5.547022932609534385e-01,2.535684445367345496e-01,1.511633510752038445e-01,9.824074699628661256e-02,5.429260322608474576e-01,2.902018330620625419e-01
9.830736987541283112e-01,1.149410783365448774e-01,2.962555106609746081e-01,7.698546166696228488e-01,7.878154997579025487e-01,9.425223420506301242e-02,2.311946988793247282e-01,3.884084049882705614e-01,7.775461767547936498e-01,8.178581381259198979e-01,7.293163570978098420e-01,2.300516196551056491e-01,1.938361993707320152e-02,3.096508355706764637e-01,4.086751773571483115e-01,5.181357722292359025e-01,8.818711643229949493e-01,9.026145901650612924e-01
9.893624523924744452e-01,9.283231044380604313e-01,7.311615695025038830e-01,2.099202395217004413e-01,7.494600277526192178e-01,2.824084087683565447e-01,2.254881008171754631e-01,5.443898184206601154e-02,5.115814846999313659e-01,2.742584196025210641e-01,9.278045439306971398e-03,6.615510658953023260e-01,1.300082767691799861e-02,2.335992702094017159e-01,9.173966742210317715e-01,6.127467424073747004e-01,3.837984958126937629e-01,4.259300138650509715e-01
9.410274068916262280e-01,8.719360232060498206e-02,3.919125609624713458e-01,4.869208528595027619e-01,1.800606572845499520e-01,2.393874568455319485e-01,2.698292384370800656e-01,7.306769493884741618e-01,1.965363598217611807e-01,8.182765218439618238e-01,6.365124575885909852e-01,3.454928403180371754e-01,4.959412607717043064e-01,4.383032308094409468e-01,3.442036634406739348e-01,7.562178835671773403e-01,5.316594478253013900e-01,6.796334867010931369e-01
9.595590276445646882e-01,7.381895664566426873e-01,2.262925097096884219e-01,6.142375493868723613e-01,3.443867351774550917e-02,5.438181815256544205e-01,7.083660812028046427e-01,4.820310815334634680e-01,5.363188481181851985e-01,3.038844757248711503e-01,4.903022005223728330e-01,5.185382959114416268e-01,2.987880309902101739e-01,2.985712021958314422e-01,1.043003099172339077e-01,5.077333077636934089e-01,4.480829958710456085e-01,3.069585098538120116e-01
9.782803104257019600e-01,9.016759747165237204e-01,6.935396155004549534e-01,5.618867267668042897e-01,3.979981284818037701e-01,5.028085949357448126e-01,1.913107578718649671e-01,5.729152199319730715e-02,4.864028378673088682e-01,5.989840289184880096e-01,2.214057188249237418e-01,2.044313921918511912e-01,7.170390795382102223e-01,4.360883062132751009e-01,1.891922280536321999e-01,1.150597383883343178e-01,2.774757252214078429e-01,7.860636186028580052e-01
9.621052630781816717e-01,5.752619834307765023e-01,3.592931173310635051e-01,4.489324327922946112e-01,8.903192383068314619e-02,5.255559057410225110e-01,1.339624214415910120e-01,6.044559723394278550e-02,5.594057185733739557e-01,5.598565376708101171e-01,4.748290080936449220e-01,2.664065532479730214e-01,4.611274890500841050e-01,2.920752626910746441e-01,9.384293503708158665e-04,5.586223283763590564e-01,7.655568275276237733e-01,7.046004682658940643e-01
9.940254093906629729e-01,1.959908257179636404e-01,2.484333085564033317e-01,1.786124911282405414e-01,1.592456549565461968e-02,5.650232001292239403e-02,9.013105584298834738e-02,3.342692253479533360e-01,5.977878058701753261e-01,8.694337840051363786e-01,6.201674265805864339e-01,2.211284615848652380e-01,2.785132751580946670e-02,4.921404760805400680e-01,2.511880623909117927e-01,8.279320704821378774e-02,8.581599492953517760e-02,6.437747334818768596e-01
9.633586821086044250e-01,5.478962438831433968e-01,4.813322938902985793e-01,7.489157709167947319e-01,8.028594634127196317e-01,8.268651891604001936e-01,7.719590080812427368e-01,5.430064822112459222e-01,4.109735586735289159e-01,3.092250027562947201e-01,4.245782799636667049e-01,8.163223445728509664e-02,4.911099849320014199e-01,3.691436722543503524e-02,2.874245722296286942e-01,5.987179636602106836e-01,6.983349037602133436e-01,7.984023138646513251e-01
9.895402501617112101e-01,7.268584128862650706e-01,8.556220327464538755e-01,1.909989118410805320e-01,1.328893947011760002e-01,8.913873487683326990e-01,3.910657011355971324e-01,2.420438519617504058e-01,6.244330524904357915e-01,8.588099537725937260e-01,7.367269051725942042e-01,8.836196261346050962e-01,6.445329677967635007e-01,3.231464397134606870e-01,6.291736678321616649e-01,3.078511985193116765e-02,6.180443608700002950e-02,6.704840812124206462e-01
9.743785206306636582e-01,9.808933916705872003e-01,8.837348460315849197e-01,3.230821578768955926e-01,2.764492089066010114e-02,5.291297367333297474e-01,2.953195947224916407e-01,3.590882239904713558e-01,1.254514625741382505e-01,2.167581814185800537e-01,4.417787462969033352e-01,6.213433334027403943e-01,5.832148378830399604e-01,3.209570741624830914e-01,2.892394289856383693e-01,3.293800985401798553e-01,7.121364393474597376e-01,7.505366874331435012e-01
9.720310801550446911e-01,7.291607037125332758e-01,5.169637606750612235e-01,2.283152267331820529e-01,3.590667987822215301e-01,1.304941635775156983e-01,4.291399649052081156e-01,4.205350773477280896e-02,9.395001878202433043e-02,7.080198039145143563e-01,7.117845855203528416e-01,4.972106627721015193e-01,1.844725433796028657e-01,1.408327754297366285e-01,5.675286877011133102e-01,1.795487827792671964e-01,6.015941224637761930e-01,2.499635541586763265e-01
9.674668907673061868e-01,1.248806689401129183e-01,3.074854727835827917e-01,4.409500553549224877e-01,6.424843468888329356e-01,6.293746772723280980e-01,2.414230461812646167e-01,2.226456571840460807e-01,1.906028838446885976e-01,9.575169199334097880e-02,3.170402118747288611e-01,1.089458143433556098e-01,2.304028806897354675e-01,3.312115036963082515e-01,5.690278630210653388e-01,4.986792928385941903e-01,5.239767575378886377e-01,7.154263802634277525e-01
9.865113556983361454e-01,9.275945575224318063e-01,8.335408539995937671e-01,3.127838277103998088e-01,6.022357702449224748e-01,4.755278807106138594e-01,2.719414240212218448e-01,2.772530425188892145e-01,4.072121553299107299e-01,5.566165037828781914e-01,4.348917145095292924e-01,5.658159613152566880e-01,6.874461413659793685e-01,4.860543961018974901e-01,9.447478221097370676e-01,1.989947186685660785e-01,1.363202002593502937e-01,3.561435359338746554e-01
9.624189208072616575e-01,7.034266929663426926e-02,1.891340903155389885e-01,7.837521541112095758e-01,6.659209380977706427e-01,9.302802257216242765e-01,2.200121609851858444e-03,2.719172467491923761e-01,3.554238745056944454e-02,5.086302368750716951e-01,5.643213966945097304e-02,1.070998110906047351e-01,4.856663571578468952e-01,3.966173349756254435e-02,9.811820480354262186e-02,2.819708610839586904e-01,3.809824851889550001e-01,3.972534194340055502e-01
9.797997702380825125e-01,1.271370202406765793e-01,3.441108440364982202e-01,1.906082610699149638e-01,5.807665546082186880e-01,1.085819842965086816e-02,6.674145188000993878e-01,6.281871436034774936e-01,3.152663703065107792e-01,4.023639511996186524e-01,4.919956146154628729e-01,7.785553107502587999e-02,1.597522181289973975e-01,1.871699734379813490e-02,3.204476671971909219e-01,3.360192253046431765e-01,4.698449030877591692e-01,5.078715027537952231e-01
9.836308590680901132e-01,8.927763843806579835e-01,8.648492600755199877e-01,2.422853365605806553e-02,4.226578921849909465e-01,1.795379552213972607e-01,6.118416766180748700e-01,3.385440541101121248e-01,4.925175779441631763e-01,8.794548494385228121e-01,4.002511235636387332e-01,7.862925666411691994e-01,4.742666456044980494e-01,5.370887983914324204e-01,5.282248231871550237e-01,2.256034274784176896e-01,7.895183555388466390e-01,7.491735006304618416e-01
9.801479262945037574e-01,2.033495641902873657e-02,3.693576492127234046e-01,4.213710664472066769e-01,9.018273764887989596e-01,8.438766342274601762e-01,3.040882289668309646e-01,1.734427696430075050e-01,7.063431718986745711e-02,8.226030467570292215e-01,2.047034293596349253e-01,8.255656382378719904e-01,7.420009978949536622e-01,2.711466825444285300e-01,8.526920387711588167e-02,6.519661388857896922e-01,3.726935281615926798e-01,4.079424675522518307e-01
9.787690627406790966e-01,2.364103828452077949e-01,4.384853721188074482e-01,6.892012213715925650e-01,7.361797878152063213e-01,5.871892290348835752e-01,4.553303027531097058e-02,2.459060849147566563e-01,5.005107797655289348e-01,1.962364145321261188e-01,6.069160493060568040e-01,3.630688183688330906e-01,7.167798914090964812e-01,1.888184602042519700e-01,3.836867073155983965e-01,5.575817457328980931e-01,2.942943124055890508e-02,3.969674147255961016e-01
9.807062542100321023e-01,9.808719424323572023e-01,7.791929911827701893e-01,3.824000422240089736e-01,7.087189809200734603e-01,3.651662620662610714e-01,2.107728648054090111e-03,2.810786584195849036e-01,5.651502781666796205e-01,9.164260865365200098e-03,1.908917864202330228e-01,3.661632724299337394e-01,2.269444213853817616e-01,1.994125995767944692e-01,5.542313478294617068e-01,2.161594783109324347e-01,5.143596798363333500e-01,7.409812086013902732e-01
9.653328523969113562e-01,7.176719740265877778e-01,4.781522124765519299e-01,6.835778873093145691e-01,5.504757988899090515e-01,2.214884493056127612e-01,2.424537504854373630e-03,7.603310038653106062e-01,4.560558146986122274e-01,3.601125586804403422e-01,1.553530717870000022e-01,1.138414377723860893e-01,1.471740454312775725e-01,2.498856619309413052e-01,2.399800622546800488e-01,1.557151580272125857e-01,8.575371561076552407e-01,8.648765742030929404e-01
8.692510487620674908e-01,8.624635514096272715e-01,6.771995916863847720e-01,3.622413866896019297e-01,3.258540896764965944e-01,8.181405905033819481e-01,4.066643388346692367e-01,6.525932003151675431e-01,7.621377662916219986e-01,5.396860325392953683e-01,9.368758448755849788e-02,3.494744635663727395e-01,2.161852508751498925e-01,3.101345632236094940e-01,2.554612684170767256e-01,9.223644289361172810e-02,5.249730014879727680e-01,7.909304741957577933e-01
9.759571898157350933e-01,7.942071652921678382e-01,6.971885174570241483e-01,1.645929172143733854e-01,5.515489509942537172e-01,1.030443744024389791e-01,6.545710129608901529e-01,3.732464267118737467e-01,8.353585457304157913e-02,2.996415630034652278e-01,1.441855533314740090e-01,2.052880289564465166e-01,2.830576682785852435e-02,5.418718648051820130e-01,3.686126178577176504e-01,3.199191688834429059e-01,7.079320513402534987e-01,8.882722003036017666e-01
9.872817647699630994e-01,4.705505409018666541e-01,4.805364388974809331e-01,7.612221509251375640e-01,6.565929216717953931e-01,7.956952920736172219e-01,7.564232005979898421e-01,5.949660521038987460e-01,3.890652652165317860e-01,6.778450935690663037e-01,2.019277819367417681e-01,4.883696734090564595e-01,5.390165110676915505e-01,2.046447810071618800e-01,5.254546571477206607e-01,8.109560944920088943e-01,2.958187593127620252e-01,8.008874520334773039e-02
9.908822519729582057e-01,9.305763268920242970e-01,7.338280296077233089e-01,4.765708164385183410e-01,5.215221076110669873e-01,4.506509954381114347e-01,4.565998280035768464e-01,1.097071970051980705e-01,4.772703310208372546e-02,4.557188823315957427e-01,7.129125307228051378e-01,4.646780578211944235e-01,2.614182028532271440e-01,7.231304125416324058e-02,3.735308606325867808e-01,3.079056737803789190e-01,3.927567574460007482e-01,6.703429160893482619e-01
9.807551789957943411e-01,6.643504505141883953e-01,7.048579470788877144e-01,6.266674732987550511e-01,3.379163210828132757e-01,8.625903759601954990e-01,1.185096251772967124e-01,1.686069402288548069e-01,3.310342321485422179e-01,4.302599894313540591e-02,3.372879747669711992e-01,5.692201071732354567e-01,4.491202341657393182e-01,9.547126052717767875e-02,1.021634282421838603e-02,1.427472927871569208e-01,4.666062962640234457e-01,5.363333714234295169e-01
9.376745927019176641e-01,5.506288413000954840e-01,8.254805529444332324e-01,2.495447942811441500e-01,2.691291083425726982e-01,6.714311360803789652e-01,2.433967042963649796e-01,1.711031541409817336e-01,1.572878476061641273e-01,2.178296806704177191e-01,8.586999737241758357e-01,8.247518700178875228e-01,8.287418416211834726e-01,2.689683563434618341e-01,6.387178278689522593e-01,1.720113679574350463e-01,6.884881327094078962e-01,8.050682943134641611e-01
9.729587114769859824e-01,7.488058337626882777e-01,7.927470211452731785e-01,6.795855473339208475e-01,5.394449367872452550e-01,1.121401096177821466e-01,1.895679854611347914e-01,4.077295668474610890e-01,3.713705612927239996e-01,7.654264367802676716e-01,6.286678193055549313e-01,6.285985140165123441e-01,6.569037426158700343e-01,5.552088886215372776e-01,3.747188632155452892e-02,3.504873132851275552e-01,3.939453977547708319e-01,5.132125575528455608e-01
9.706837201593049302e-01,9.354408633949685692e-01,7.074814284637429562e-01,8.689701079534347672e-01,4.546260324182797019e-01,5.586673292757965426e-01,3.906891172873265261e-01,8.462722133897669641e-02,3.738821245882007482e-01,3.180609267656823724e-01,4.454713076968237484e-01,5.445715052911702658e-01,2.039480691126867584e-01,8.269856102292858502e-01,5.463830995761460585e-01,4.688705955513823853e-01,1.117110277671603258e-01,2.320755125379912187e-01
9.679627861454117577e-01,5.542976664004518605e-01,6.263305817912591111e-01,8.032785355401452776e-01,7.830303366673931897e-01,6.872169987633655053e-01,3.214806508342828439e-01,1.788046524260866466e-01,8.575042763261842005e-01,2.104504655465363194e-01,1.559635922251547679e-01,2.559941339536914162e-01,1.721363774391373447e-01,2.171265724477704773e-01,3.682045032477037488e-02,5.912759268789838929e-01,2.269083239177000777e-01,7.615309174623209332e-01
9.892752437678375976e-01,4.464980345065991396e-01,6.596344134154592531e-01,9.320565578655415351e-01,6.423463989068469715e-01,7.017435770486564195e-01,5.688763070394332599e-01,4.449775195819827833e-01,7.036917419522257244e-01,5.755884163942069920e-01,6.497235631587339189e-01,4.440848065254086596e-01,4.484526968104453615e-01,7.833714654473512562e-01,9.193701111012166083e-02,1.925049169232632695e-01,7.937377001296110068e-02,4.092340546505223164e-01
9.829694383121325707e-01,9.260246279822483828e-01,5.765061770091267634e-01,5.854139159636090328e-01,5.335039375521344329e-01,4.822919304275364860e-01,2.093501673697030219e-01,1.383579574333368145e-01,6.947299874288446198e-01,4.684795119262264995e-01,2.139198625133181819e-01,1.055540526001955137e-01,3.391850950903853579e-01,2.997967294986680353e-01,2.386492249843084612e-01,1.521578273308395353e-02,3.499627795868548441e-01,5.165193057832622170e-01
9.729311861835483466e-01,3.787088912360369042e-01,1.466679450280091168e-01,1.373866628397659440e-01,8.698174860102614314e-01,7.286248957427108319e-01,7.144728245664493382e-01,6.103850502174992254e-01,6.328185356347002521e-01,4.480652600263600460e-01,3.767108699170763630e-01,3.227636702146388092e-01,3.546169085430302959e-01,7.981006844787209564e-01,6.830015577941618288e-01,8.969599815467714787e-01,6.328920070731551828e-01,9.860375356302231165e-01
9.883877204282530693e-01,4.188381241327665538e-01,4.344911110223917960e-01,4.037246259360912082e-01,1.402313411963422851e-01,1.192467274495262464e-01,6.842916584634761712e-01,8.433551112808176375e-01,7.791472720874039748e-01,7.405825469679746531e-01,3.997105355773227231e-01,2.510931122173246655e-01,3.155755869279793790e-01,6.395460546562656279e-02,3.915435385652954459e-01,4.181720266555120635e-01,7.853534526387510040e-01,5.762019567873225556e-01
9.799627543965353516e-01,8.386940851305753064e-01,4.999797337009067588e-01,2.717816725703330327e-01,5.220471633814677270e-01,8.764817357696002009e-01,6.836143015715148707e-02,5.220094753213988525e-02,8.989271483626054549e-01,5.655534042228860248e-01,6.259859187849025064e-01,6.888568260850580494e-02,1.550304296887489719e-01,4.706655905693487574e-01,2.102142473255562416e-01,6.652149900148170147e-02,2.466559298649070586e-01,7.388625757774019975e-01
9.763446293597293213e-01,8.672006878483800030e-01,8.163830132581509913e-01,3.602556776988747322e-01,3.479808504374971023e-01,4.864068968168247520e-01,1.163023763711454328e-01,9.226080298285528614e-02,2.594316697817804496e-01,7.993952195282043593e-01,5.332664778830917829e-01,3.519379910585920257e-01,5.258845919625788623e-01,3.438261238650542895e-01,2.598091139566210961e-01,2.655266360551220006e-01,2.642508281246154223e-01,3.799140307802268413e-01
9.653917612994978859e-01,9.392334037234030264e-01,3.836340760445818288e-01,1.608815060568262196e-03,6.073127780731661929e-01,4.242693712796461458e-01,5.702558833165314311e-01,2.229605152604847151e-01,9.338909087193765501e-02,4.045906234381251299e-01,3.684641489069829801e-01,5.340397253839647140e-01,9.253113258140180375e-02,2.550694649303437700e-01,7.636050211604208382e-01,1.991415430474793857e-01,6.454695435066300224e-02,5.273749119516317752e-01
9.705081992294538606e-01,7.091509171530816502e-01,6.406921419281611518e-01,4.671305129444623394e-01,5.589926587762062971e-01,7.419958009648556230e-01,5.680440934438756306e-01,2.942294669553016662e-01,5.652397540355427186e-01,6.375422156448556921e-02,1.964972938035610406e-01,6.591585544330437196e-01,6.440464259901220734e-01,8.060278631262947358e-02,4.109338895099920452e-01,7.545831536738045742e-01,3.039210189456330036e-01,8.553521064003202223e-01
9.440910951015389907e-01,3.448235075545945105e-01,2.983038395582495936e-02,2.249326552776898525e-01,5.979671172939970969e-01,2.346451616089197945e-01,1.377857008147932716e-01,7.067895831620293889e-02,5.066908032355096347e-01,1.085243732309513764e-01,9.459501852444868186e-02,3.053702700594519981e-01,1.888343730081964156e-01,2.301489543906517499e-01,2.987285651017300703e-01,1.451521515153258828e-02,1.701463751467027496e-01,3.344514060296334135e-01
9.791532444556610981e-01,7.948114560736350143e-01,7.600785607582379866e-01,7.982554071147041075e-01,2.910952415355783085e-01,7.471605456261655454e-02,2.781405210086750346e-01,6.325990870820195552e-03,2.025383249423676757e-01,7.400771187067902712e-01,8.216194161750121072e-01,1.214569506511583574e-01,4.295403722092962506e-01,5.054370741884144369e-01,4.603329380756307487e-02,2.787507710062593347e-01,2.372586271398140212e-01,1.074744494233223491e-01
9.616870685942001673e-01,6.268382547176478692e-01,5.917035409198458107e-02,3.032746406516867999e-01,4.691271932434066816e-01,3.298484895376958548e-01,3.043702730132820666e-01,3.805697594307055898e-01,1.510391881561976846e-01,4.681111548546057488e-01,2.631131874972123530e-01,3.839975570448401210e-01,5.706151364493512457e-01,2.391458073316608535e-01,6.836560058459747458e-01,5.185904469634676772e-01,7.831397248180835824e-01,7.506403830478980410e-01
9.860239101267501693e-01,9.243875711012269347e-01,7.677765900953715805e-01,5.421625443887039264e-01,8.331936185220790714e-01,4.809123688077768244e-01,4.117474426465825843e-01,2.783244879770022107e-01,4.999950695842949600e-01,2.588969557347761130e-01,1.572099563572340250e-02,4.621680328180217123e-01,3.009355520249220595e-01,4.096320137442357456e-01,6.867296792499303359e-01,4.090941842926470312e-02,4.416827609911938013e-01,3.694775643211347105e-01
9.704931136743341069e-01,8.957156193487387785e-01,9.210121233384673811e-01,6.353263573577657697e-01,8.093886067848481414e-01,7.289160131819463206e-01,1.674754396185578476e-01,8.936199034636354011e-01,7.648579081685286107e-01,3.492172340261070485e-01,3.716300713479864237e-01,7.622946816956716054e-02,1.319099615235653777e-01,4.196644764142938300e-01,3.048405124703998381e-01,3.302262503115243608e-01,6.665897386622658960e-01,4.137526104637000435e-01
9.651973516107714701e-01,9.201134616879288464e-01,5.929911659116409162e-01,3.747744166672123400e-01,5.723612685547270207e-01,8.280304699599060347e-01,7.237963704976331236e-01,1.239823846248441913e-01,7.973576499303013376e-01,5.465244776340137944e-01,2.377514506274753525e-01,6.843225212493742049e-02,4.384727233317036732e-01,1.067969933249489911e-01,5.010169157755416380e-01,6.345014708810937654e-01,1.770756674697186173e-01,8.849453167560783484e-01
9.645268042843955225e-01,3.241742131289006568e-01,1.095469410634072535e-02,7.517857527101879933e-01,2.145439689621869983e-01,4.005564515844082796e-01,3.359007770913331470e-01,6.210045038581675225e-01,6.081375370015970061e-01,5.160704430454315927e-01,4.962412559119004918e-01,4.316877274325269243e-01,2.669970969031968955e-01,3.716222462462212550e-02,1.168264852200251031e-01,2.748188153569531833e-01,1.257378939331928736e-01,3.951935598685610840e-01
9.800620705380819198e-01,9.336853754910910963e-01,3.012694797111864151e-02,4.619961940583060533e-01,6.073931072419205268e-01,7.713586416560234138e-01,2.325742320545717279e-01,4.170390721360622832e-01,1.465772839476053579e-01,5.879344036548361796e-01,6.896714445150154971e-01,7.915095308626204362e-01,3.627416680383278025e-01,2.429715579510342838e-01,1.054372954113227956e-01,1.724825914535020321e-01,1.299770751049900974e-01,1.176379333559136042e-01
9.637836051296609918e-01,6.533757966306279474e-01,7.510254315684510296e-01,8.459234054796402891e-01,5.063615616329329994e-01,5.156642875859548392e-01,3.501911048706928264e-01,9.244534261262088437e-02,3.552982887916237287e-01,4.375111755871680108e-01,4.473008227666427916e-01,5.202307119122792090e-01,4.875802516903897099e-01,2.201401437029382180e-01,1.469229436704201919e-01,4.804344539085126375e-01,5.946065404977785018e-01,6.805721795411547870e-01
9.919039170205595779e-01,9.701047994519224060e-01,9.183737368726927475e-01,3.470191206980201559e-01,1.563282492667684986e-02,1.882483888326908980e-02,7.504418892296367549e-02,1.590836490322626862e-01,5.222476568931690988e-01,6.431888822312412657e-01,5.638624539403438440e-01,8.439023128096935222e-01,7.973664086020519903e-01,1.833282208984216965e-03,2.726780927596337278e-01,2.180190596322555685e-01,2.088817085613090818e-01,4.708234006857501264e-01
9.746123808163460467e-01,8.246255065280776453e-01,6.604110131014718776e-01,4.421713061933371103e-01,6.650129998262902520e-01,4.535895895400298694e-01,1.784629738617212191e-01,5.945303461387821953e-01,4.381881864330313681e-01,8.393920919657011925e-01,8.262470210600963982e-01,5.696259599205893975e-01,4.915102893501322456e-01,2.470397775331148182e-01,5.420110853501945991e-01,1.319988158204852269e-01,3.288946180816484932e-01,8.797433522216647761e-01
9.790631163081450206e-01,5.634070619224568199e-01,6.282830110550733371e-01,5.445945510186666061e-01,8.767970223368606320e-01,6.283088895590064338e-01,8.402383227999841997e-02,9.972864577495409166e-02,3.418654994491625021e-01,5.110747903237713302e-02,4.748778901944305207e-03,3.874044445240996115e-01,7.005111482577777160e-01,7.122565755827418021e-01,7.298008577324964774e-01,2.883756311879299705e-01,6.287230134541553772e-01,8.598569629859580399e-01
9.572545721792411477e-01,9.683339945288739203e-01,9.769003388917015807e-01,8.717013259363945998e-01,9.187214394573082199e-01,7.409605463320174668e-01,5.541044800473140519e-01,5.975026216715875194e-01,3.521955162069980716e-01,4.878182025176308056e-01,3.003789881822182747e-02,4.063261611316284494e-01,6.953123790052845310e-01,5.510058600914753690e-03,5.388524885310828072e-01,3.936857835237955044e-02,2.328523972474969284e-01,6.050746967228116668e-01
9.910782701269906791e-01,5.428493359194321022e-02,4.507646776099881458e-02,6.579253482933708486e-02,1.320910514576547623e-01,1.697601952162255401e-01,2.611586930210343382e-01,2.693293411407806648e-01,1.209151020365098472e-01,5.758946219717590020e-01,6.167343464359298366e-01,5.045566662086040655e-01,1.354263042016876778e-02,2.454257881828676713e-01,1.773458355896182226e-01,3.691300032871586145e-01,5.430587503487045442e-01,2.424178688932167591e-01
9.733794967968343315e-01,7.388702767057737653e-01,6.223060191270530783e-01,6.813511836832892854e-01,7.341421926043535384e-01,3.250347647970032450e-02,3.139640529095898414e-01,4.305703788648951313e-01,4.156943127662263149e-01,5.331806709534960831e-01,2.745013122587895982e-01,3.980014159916792083e-01,3.266535679500709444e-01,7.690543441992627738e-01,8.155565713659888027e-01,2.918429662142608613e-02,4.669917015489553624e-01,6.273545488449340235e-01
9.776862410245141799e-01,9.210662201189064868e-01,4.046930340815614313e-01,3.913245789502485805e-01,6.489115099436106870e-01,3.189085068849335514e-01,1.879909958174831239e-02,5.711625702376863511e-01,1.975960501748434961e-01,2.985065727740984776e-01,2.764491668860699081e-01,4.637280446525674504e-01,2.705308123585941638e-01,6.970174017691892487e-01,3.939485479553245795e-01,3.231746400196326974e-01,5.258836249987532963e-01,4.994722864975059129e-01
9.609946910169223644e-01,5.295066677980622138e-01,3.627797285398666749e-01,8.791525084409378410e-01,1.360765788143008526e-01,2.155299855213662352e-01,4.998129566506280819e-01,5.547779052720003268e-01,2.932916480354301747e-01,2.170622595534087429e-01,3.054211989564246110e-01,5.207448887222396183e-02,2.627698586054259544e-01,1.408783132012726425e-01,3.518176215144071944e-02,5.408773392544330427e-01,1.245425399642206138e-01,8.592203701618956746e-01
9.878453473271929797e-01,7.624958612523941026e-01,3.653871330552701524e-01,4.060428734385903016e-01,7.718661211644312070e-01,7.741258516340966400e-01,2.946278623910490030e-02,1.954339820150518825e-01,2.087494292939851559e-01,3.354984431236959219e-01,5.738154348835245999e-01,2.053729401290877998e-01,4.210979142599575176e-01,3.630935537032313754e-01,7.388282800707313136e-01,3.950367741536652266e-01,7.256248960850683050e-01,7.750084136213094554e-01
9.817349183220792641e-01,9.412225483190800324e-01,5.799440159821314111e-01,4.833419178516022985e-01,5.520597687314909158e-02,6.494045784751670825e-01,8.521503475070707490e-01,4.456215490966344839e-01,2.071179675056220026e-01,5.289635139815662690e-01,6.431720431833694018e-01,3.896488516135043767e-01,6.873422512053165567e-01,5.825564038236448194e-01,4.421792875658877436e-02,5.240635084488645679e-02,4.267457342871504300e-02,6.699097695194420332e-01
9.315397470702946325e-01,8.691899502856998971e-01,8.445358695598115251e-01,5.763588933903152078e-02,1.345119132588329658e-01,7.913509270836370790e-01,4.642224974556519723e-01,8.079892585761719870e-01,1.089892324191908818e-01,2.477847639554912329e-01,4.421654545188898333e-01,3.330280872446250151e-01,8.406102843132330638e-02,1.152831343153158522e-01,3.902175963647252499e-01,4.751128870806683446e-01,6.901582984782154151e-01,9.140648667153863371e-01
9.730391819267399933e-01,5.756254551331099201e-01,1.751087219172431653e-01,5.942018392543305799e-02,3.691979505503177883e-01,6.307585997070093153e-01,4.269781798566897879e-01,2.506063311766257851e-01,3.795065594474990589e-01,7.262022308383612179e-01,9.804065124353986138e-02,2.801640169207063602e-01,2.158276760667172944e-01,5.590022836949521956e-01,3.480852171877343304e-01,1.647105215358323493e-01,4.888929921401458101e-01,7.580114755173360530e-01
9.794804477172743828e-01,9.555786266241730331e-01,8.436730270157787315e-01,4.997305156455290887e-02,4.677579166755265749e-01,1.824442095507619876e-01,2.990221799372579439e-02,1.911323000720151211e-01,3.609883454351878879e-02,1.852516838441170544e-01,1.006480390099426803e-01,5.345501917084803933e-01,4.003446362536451919e-01,5.054633449259905431e-01,1.121868754764785217e-02,3.236346484092497144e-01,5.118845850178872503e-01,7.830356950577026520e-01
9.545664655337813276e-01,8.155682794868164276e-01,7.524435212799591710e-01,5.861561954018391640e-01,9.209790904244209431e-01,4.823281551663273770e-01,1.351385628137798944e-01,4.033459724125538770e-01,2.703197767997088108e-01,2.639718303180459413e-01,6.928564448140829279e-01,4.778197570806260175e-01,5.457545187513328511e-01,4.876861882720830155e-02,5.764374605366553439e-01,5.683476553952232502e-01,6.278754562031457764e-01,6.270333228375694068e-01
9.659540232942361859e-01,8.519788318975001218e-01,7.805106878618512933e-01,4.787053272221775124e-02,1.031824392464438245e-01,1.678840326044017672e-01,1.455431539600997304e-01,5.157067894164818478e-01,7.255072760394171150e-01,5.462194883704563075e-01,2.523023574630713431e-02,6.951602861151380264e-01,3.248873907580313025e-02,4.586674846086341573e-01,6.302091771550184518e-01,5.158094889828234164e-01,2.762293280119728633e-01,6.878624807827692089e-02
9.741658966786614915e-01,9.278857668104816270e-01,6.439663207214659790e-01,4.428736805077834043e-02,6.107690725365672035e-01,3.650187540300015576e-01,7.646249936296277416e-02,2.651063361603470808e-02,3.807345846062696326e-01,5.159487140381027181e-01,6.660816877282689230e-01,5.600946424891694031e-01,6.756511536001448270e-01,3.853873987021651515e-01,3.324049115046189273e-01,5.470120460424646724e-01,7.893484834728002886e-01,9.157842718306368202e-01
9.699867170848811559e-01,8.845535539497699773e-01,2.187171707218527605e-01,3.042059675369637173e-01,3.804856387280006746e-01,4.226602428667561862e-01,1.901944642007719066e-01,7.389699430891347176e-02,5.196954933951273281e-01,7.431284141389574716e-01,7.816731918703084814e-01,4.348598174576764341e-01,4.928891088969755141e-01,6.582838067223657497e-01,7.871226810349791769e-01,3.208582625296572122e-01,2.005918108893380014e-01,7.313861120742520816e-01
9.927810383351809431e-01,9.598976117148201315e-01,7.815783973086164460e-01,6.616395403760937377e-01,6.971788052641099132e-01,4.666829646081980254e-01,4.234699298266147438e-01,6.799861876115985693e-01,7.132948759567805386e-01,2.331209013062929269e-01,4.957634325793354724e-01,8.186804808144990675e-01,5.013353665921408409e-01,3.193427823724541703e-01,2.983053786112804806e-01,3.294636328785127688e-01,5.669028145224795923e-01,8.573465514381344299e-01
