9.836197270256561431e-01,8.300580563295912873e-01,7.072326722531063758e-01,6.734527269906035452e-01,6.647316814251068573e-01,5.800773389680017322e-01,6.501643012397888555e-01,1.441059844142401347e-01,2.166988096157961008e-02,1.890758555117227069e-01,3.240098840205196118e-01,3.280477451378983056e-01,4.657958977898306041e-01,2.652973998158877911e-01,3.496883139412266250e-01,7.511996530080863876e-02,2.882669494343261252e-01,9.058902345709457515e-01
8.976964908173709068e-01,3.340727773442547788e-01,5.525733676986123166e-01,6.135679940597015269e-01,4.861916371715867546e-01,7.812497556227008255e-01,6.518159554621107965e-01,6.743580666288486736e-01,7.871225944337952862e-01,5.174600394132912173e-01,6.426083733512564233e-01,8.094137418112245727e-03,5.803151865550979505e-01,1.436527102459654315e-01,2.840451040665917803e-01,6.827589099546471640e-02,5.858459032083649376e-01,7.539368698984897366e-01
9.793705619918494643e-01,9.240466103280674526e-01,2.059685769086215812e-01,9.702703543892340909e-02,4.713379550750250169e-01,1.832871556759000375e-01,3.268897820265829202e-01,5.159032127683109703e-01,1.868594729382909436e-01,1.612805429320070261e-01,1.324468006174470691e-01,4.684486409418746056e-01,5.292699120647148536e-01,1.397228405958685360e-01,3.030695343314092696e-02,7.172387613469050072e-01,1.528890247981035122e-01,6.138551753956814627e-01
9.641293154708169277e-01,9.107628464848679384e-01,7.743776149049192981e-01,6.831243804651343510e-01,7.594312884325193913e-01,2.888325427242964261e-01,9.509675661730236998e-03,2.078213164750734587e-01,6.490879967459428634e-01,5.692385036762308975e-02,1.596197566185678929e-01,8.812684946598005054e-01,9.127389223548471042e-01,4.506242103049402647e-01,4.582928523122077880e-01,5.461011734416102437e-01,6.604929325803872153e-01,7.610661043602877651e-01
9.684194856432554177e-01,9.790809623625557068e-01,6.278409314332280555e-01,2.480658370153010148e-02,4.660538226162137532e-01,6.284343844941815416e-01,5.969134288960628032e-01,2.700764137438901313e-01,3.586721903876405881e-01,3.742936164972141544e-01,6.060782472087005157e-01,5.340297937402410655e-01,4.928244342633293917e-01,3.571904215332848964e-01,7.744332813050130992e-01,9.775168687871749196e-02,3.859868866569173690e-02,3.802763811368580771e-01
9.493042692721403997e-01,4.409525086936421645e-01,3.541749487223747606e-01,6.009214007292870141e-01,1.648669947221396426e-01,3.986800445474258936e-01,4.645248952949587035e-02,8.669898797393092993e-01,1.066658197391217866e-01,6.482844387420274579e-01,4.332966736679287889e-01,6.497023784135309565e-01,1.451673796740337585e-01,7.201697671144345891e-01,2.353284450516110182e-01,7.717262988797399803e-01,7.056831481040765075e-01,9.305057870729871450e-01
8.514935127301809237e-01,5.178321211331956553e-01,5.750096689713274367e-01,1.247402024714458629e-01,4.853597080392576396e-02,8.676076939208471339e-01,3.662460010519612008e-01,6.720377281956857463e-01,3.195590354279355116e-01,4.863978998889987859e-01,1.629344697627701935e-03,9.251554711334718240e-02,2.445085298210459002e-01,2.302348361609015959e-01,7.651117456537333272e-02,5.644592694965789859e-01,4.782443515069370599e-01,8.975008138100878385e-01
9.715407062124741255e-01,4.678268125315200310e-01,2.636232002765134461e-02,6.792423238239506667e-01,8.315466394977438780e-01,6.864430799002513295e-01,3.382448648739219133e-01,3.524219964638600766e-01,6.750087375100780607e-01,2.008170004816502707e-01,2.268296708225078229e-01,5.314928678896412295e-01,4.122645600061208282e-01,5.058274100187982736e-01,2.650789182023843837e-02,4.318922981382931625e-01,7.805514611532228253e-01,6.349903080624266227e-01
9.806691615367905124e-01,7.939650470905821322e-01,7.767398271778322982e-01,5.651927584848585040e-01,4.253972013589025353e-02,2.621550561879007479e-01,1.606696298790048771e-01,2.474885988856936336e-01,2.318329402377663356e-02,1.593483353102799482e-01,2.395868222948333848e-01,2.448857859252297209e-01,9.094109979548455069e-02,5.503569413078722716e-01,3.805166009219836387e-01,5.620080472154301843e-01,5.877192665623546253e-01,8.411233519215103316e-01
9.673491160444698256e-01,3.630253688662992695e-01,2.903963252303080056e-01,7.261675025012435114e-01,3.826552823108524404e-01,2.124909977069459194e-02,2.876207813301152605e-01,6.870559275495687901e-01,3.015448148791157745e-01,4.932315728546167732e-01,1.825071842344291317e-01,7.719807419897654066e-01,7.842226422361911475e-02,1.709391757670551126e-01,4.259859405115364872e-01,3.994295819347236376e-02,2.761389892439061189e-01,9.222930930252840609e-01
9.855290278519278635e-01,7.560875383229773705e-01,7.922739614448804923e-01,6.253775287508024361e-01,3.434150771460497964e-01,3.153398876986544530e-01,3.410333644885863436e-01,1.807903779404602951e-01,1.017609439107386854e-01,5.658759018977954636e-01,3.530833092089926128e-01,5.569667736941519287e-01,1.994053362491762793e-01,3.895251370933513479e-01,1.825784064267305384e-01,2.191278217051396415e-01,7.249542785049787330e-01,5.839142981955450784e-01
9.858933761930246398e-01,9.339473064935348567e-01,8.639568207633478991e-01,6.565698386722046420e-01,3.252182771660918070e-01,4.655623879200543880e-01,2.990112594020365444e-01,4.662224941349154550e-01,8.205797788084899791e-01,9.037782334950171803e-01,5.393400598590618600e-01,5.988546646442730742e-02,8.091629594860444419e-01,5.865014756067417068e-01,1.245238481475064302e-01,6.322326004316612957e-01,3.219043962917219615e-01,6.840397344566977456e-01
9.729372955647732635e-01,9.364798544218805310e-01,4.908476141801240145e-01,1.120687693313432154e-01,6.275162085673854362e-01,7.384130015998162655e-01,6.642747775727791959e-01,8.085300672767667951e-01,7.698945458430959121e-01,2.591149568301662209e-01,1.693361752523290520e-01,6.193473976611935106e-01,5.088897196312662796e-01,1.730633926478941098e-01,5.795733584370317271e-01,1.339661467187425459e-01,5.712806056465637994e-01,7.514545309921334404e-01
9.619700260463160957e-01,2.031805672550941466e-01,9.708986260818795733e-02,3.262057723269643633e-02,4.463875244026889177e-01,5.534654010121446976e-01,7.898243483914181295e-01,7.963157562577068971e-01,5.992482695017787853e-01,1.341995844143736016e-01,2.668549828968523330e-01,8.350995456977585718e-01,7.576906139238731575e-01,7.510698975910440334e-01,8.277146765870334599e-01,1.261860996960403325e-01,9.460268425849514828e-02,8.178413358890863627e-01
9.587265202948025422e-01,1.173893410089852235e-01,1.412855948019035857e-01,1.093249544239647819e-01,7.266006048402151585e-01,7.788860833820096530e-02,4.609185946235725417e-01,4.504592363045838432e-01,3.760384782934533265e-01,4.991270623681300367e-01,2.762260660255080880e-01,3.142761018303577014e-01,2.103804042543292729e-01,9.324254351856131606e-02,5.083425942313396506e-01,4.001975720833133576e-01,5.779019804291649631e-01,7.209294409611314292e-01
9.865786654236188280e-01,8.947131458732581200e-01,7.254991781147398511e-01,1.671715039194451302e-01,1.681092625430996301e-01,3.790277068014009099e-01,3.380036251190726704e-01,2.590376064512374676e-01,6.461578742415243770e-01,2.946240827915290184e-01,6.135983648347809877e-02,3.642291748826089748e-01,2.014308013808080444e-01,2.311203178270619663e-01,4.209172645532366364e-01,4.689629386616472884e-01,6.586293139915825323e-01,6.509697998058375790e-01
9.840061253844688549e-01,8.663878183804878397e-01,6.643199627700243637e-01,4.042283874001260102e-01,3.694383111276607345e-01,8.206358230370907059e-01,1.250288099493842287e-01,5.566039324984669578e-01,2.146982516680317338e-02,5.222846800495335451e-01,1.180111033886068785e-02,7.138709534452017391e-02,6.456078015249786528e-01,3.942333365887077945e-01,1.549238257050440382e-01,4.248755013444326933e-01,1.138528498919591653e-01,6.880477924633259246e-01
9.666124930403896531e-01,2.464138142754902228e-01,2.295197147362994239e-02,9.577919026686702864e-02,4.619292076273937564e-01,6.053651654381448921e-01,1.001833381848188653e-01,3.929345383041404904e-01,4.397933126837100803e-01,4.848866550648585072e-01,6.057015366314238980e-01,4.962894954060508845e-01,9.765095148791666513e-02,2.346632767861751567e-01,1.816109888464940703e-01,4.706970267584985601e-01,9.486758053794348555e-01,6.612899942580525714e-01
9.785688247126373973e-01,4.943292400235725914e-01,3.125674049068876692e-01,5.424140365960473664e-01,5.587283135178691129e-01,8.168152220937854313e-01,5.219047027987658849e-01,2.054336883414414894e-02,7.231449247270144501e-03,2.393814735153130535e-01,6.177787564597904124e-01,3.569536281002955169e-01,3.570388609554420861e-02,2.989858324954696722e-01,1.263227079069818848e-01,2.465921006681532357e-01,6.673107839761097115e-02,5.035258637494544054e-01
9.760463511397491354e-01,6.004444794290925147e-01,7.353991663571127768e-01,5.422665573202826161e-01,3.923401447008644793e-01,3.177271903679715903e-01,2.612044308454184449e-01,1.323155377841035985e-01,3.857922959900321191e-01,2.977324497494676647e-02,8.397171362961600161e-02,4.797187385419349193e-01,2.685436307533219380e-01,2.270835691031497516e-01,8.527503808971883537e-01,3.803721422431628474e-01,2.796363895297533930e-01,2.338589510886109890e-01
9.912376110086502656e-01,7.986192375013294598e-01,7.788616043091830532e-01,2.675943740098395973e-01,5.945510695412562496e-01,2.302032262738202273e-01,6.870019234083661885e-01,7.754356615390238794e-01,7.305591164299377605e-01,6.652587350026603064e-01,4.346498860034879175e-01,4.857812376386400760e-02,4.877252205441480193e-01,4.329860932336110357e-01,7.036955360773935464e-01,2.328042030828754091e-02,1.877403748603441447e-02,8.022677026936100297e-01
9.599982263114305026e-01,8.788059197017867863e-01,6.152998816363430823e-01,7.213798330675877946e-01,4.086961109867939812e-01,1.351301048757301559e-02,5.544535065043945110e-01,2.695840318551414594e-01,1.283043207002706465e-01,3.286239808166322440e-01,5.436357297776934772e-01,5.897322070336333821e-01,5.564422674030933269e-01,6.331863740374427119e-01,4.701875877645463331e-01,3.712776276925210395e-01,5.850008864924481911e-01,9.498694972708462414e-01
9.514729840102900127e-01,2.020275585622946790e-01,4.482667994740256456e-01,7.163798255109730950e-02,3.835731090531535603e-01,3.962079235677770650e-01,2.485324122853108941e-01,3.284371494404236258e-01,5.737839740702411762e-01,8.184472472078253569e-01,3.193111174385712125e-01,2.813607605111138610e-01,3.539956157043341878e-01,2.163970831055105626e-01,2.109424884550662460e-01,5.479280573466882576e-01,2.083849339739150541e-01,7.872208998190574070e-01
9.862903524939583555e-01,9.057569246154142384e-01,4.221384010574819046e-01,5.044905423228580599e-01,2.244922907780266819e-01,2.467980499431015121e-02,1.107453280357829362e-01,5.601031702647980559e-01,3.037458068465035410e-01,7.954556237783377837e-01,8.028344818964399110e-01,2.473406607621820089e-02,4.481159901513703248e-01,3.610181566878724602e-01,5.642378302797209644e-01,8.734356387499894181e-01,3.184864102419566745e-01,4.273266244018444349e-01
9.095657361511545469e-01,8.706448472171944841e-01,8.471162183257811007e-01,4.976729585791528909e-01,7.767098904380387303e-01,5.474395924960685500e-01,1.005170483177397593e-02,2.615668958092544627e-01,1.745696870349391083e-01,2.739104291605997110e-01,7.703420526087521036e-01,3.952415121265927533e-01,8.459819016042984252e-01,2.425022619617613062e-01,1.565904821171946737e-01,3.347130891119735607e-01,8.566876490984480785e-01,9.069620427006754859e-01
9.485105788250999259e-01,5.734955995563957298e-01,9.625816300776468548e-02,4.041520514475193532e-02,9.610524433018452495e-02,1.215416425972840921e-02,4.580154157427020478e-01,7.757446123391434911e-01,5.806332364866628737e-01,5.937646313684269428e-01,2.883105593600055472e-01,2.174667584386197894e-01,1.057071551142783339e-01,4.872958163929538844e-02,3.165386344477346126e-01,4.384045133224900304e-01,4.748168307155420376e-01,7.586517655311336705e-01
9.865377335047388341e-01,9.527557359419475125e-01,4.860153396864080322e-01,1.410899986816207818e-01,2.853435336274400269e-01,6.762510834100484702e-01,3.900184172827218521e-01,5.134493284339366470e-01,3.466832840881552413e-01,1.003169464395246291e-01,2.628681822282498692e-01,4.960540602853136249e-01,4.410463872821603348e-01,3.884527727884954929e-01,2.014642184137630798e-01,8.718385969285677439e-02,6.885770381736847079e-02,4.631459534810697942e-01
9.828807481010110036e-01,9.273349357181887020e-01,7.934557750582135194e-01,5.299831825968951554e-02,4.285831787361734091e-01,9.453073289040835325e-01,5.612422948022192104e-01,6.651287590132288763e-01,4.491948745390005326e-01,4.944216653158824415e-01,5.424784621163954990e-01,1.618700325855439714e-01,3.403538755475241651e-01,3.061501273625078512e-01,1.982611492980754786e-01,3.026630006433364203e-02,4.540415682215804827e-01,9.244326029976664971e-01
8.871710190241901550e-01,8.294419375322806820e-01,6.128658838072537085e-01,4.583115405409214360e-01,5.069978789600589897e-01,5.702817280172889358e-01,2.456687536193611632e-01,1.052568293266717969e-01,5.706769972032255112e-01,8.127111647932776517e-01,2.445953274812228684e-01,7.665592732814381360e-01,3.096184003434365173e-01,5.289747679553180593e-01,3.439624468699306603e-02,2.128690966866679524e-01,3.711823411591181898e-01,3.516033597838604807e-01
9.620186158636937490e-01,8.860201827689930809e-01,8.132448499192221902e-01,5.677835707918361258e-02,3.658632086083514201e-01,6.410705440531968557e-01,1.377732384469099736e-01,2.444547207040730086e-01,5.490395023464309521e-01,5.027435249167397924e-01,4.392272478849860162e-01,5.143930274076419229e-01,4.908422963066041422e-01,3.313550596105855339e-01,3.201163563540603274e-01,2.116536988931767560e-01,6.755461477861632869e-01,4.692936170378694816e-01
8.652442118722400988e-01,8.108363898829443750e-01,6.654155950035544054e-01,1.905857914061367397e-01,1.230440555042455752e-01,5.800492322707323511e-01,3.096844180663338997e-01,1.580765361854749307e-01,2.734051415351607117e-01,1.841399588687231414e-01,1.668024961721326638e-01,1.680440454894887581e-01,7.070205724613648490e-01,5.781221231502197133e-01,8.624428460614366188e-01,7.869184185072923554e-02,7.677098382292359968e-01,2.672595762169533429e-01
9.498990671607185909e-01,6.751281305639483810e-01,5.753346808661309320e-01,1.820263500124471440e-02,2.742924110889404243e-01,4.034491792149013101e-01,6.378348924309247270e-01,7.494787811488980989e-01,6.474506402846639253e-01,8.189423944349445428e-01,7.673613989200246399e-01,4.536451109686616134e-01,4.594767482746398013e-01,1.498623407471401381e-01,2.722882836219178010e-02,6.018332235732756219e-01,1.101058848141645286e-01,8.163611249112733281e-01
9.514966020284558734e-01,7.595367629164687662e-01,4.469355184336455400e-01,8.068222280424457438e-01,7.832841505337570509e-02,7.686143406386209964e-01,4.602149252008320146e-01,6.308909885890030544e-01,5.873780884667201274e-01,5.574380274516536060e-01,3.698406548259086657e-01,7.542491827769660651e-01,7.219861549265131906e-01,1.094063791610729447e-01,3.858891421961109791e-01,4.349694115925133858e-02,2.235868645677286382e-01,3.966453415860450860e-01
9.888349830748345282e-01,7.255852678473063699e-01,7.447427551328806850e-01,1.090177760693000208e-01,4.293792886292506217e-01,6.408434894169110496e-01,3.043387301029834013e-01,2.257686368247441566e-01,1.273799726936589993e-01,2.293477485266926796e-01,1.326563136658608644e-01,6.080521156236737834e-01,7.571477223606436491e-01,2.807448718906312979e-01,3.389961489751329438e-02,8.317432704915563024e-02,4.827659448965730959e-01,7.837255011565228413e-01
9.642432505361273609e-01,8.522816100121016758e-01,3.469201012769085324e-01,3.336327658829562059e-01,2.062116553186990886e-01,3.278414594872311461e-01,6.603288834956058118e-01,3.265363392025232847e-01,2.800409171985003831e-01,1.388248891554239584e-01,2.580055668444863337e-01,7.045168859222357416e-03,4.233020712703041144e-01,1.084569263153191410e-01,2.616726980751659104e-01,6.254511804055032931e-01,5.273866993084460608e-01,7.659159987962262939e-01
9.491756329198380859e-01,4.104044436297035747e-01,4.649823730239950881e-01,4.877002613822645771e-01,9.125326552139399749e-02,9.986310413966789645e-02,7.979003780489166697e-01,6.025794578833530979e-01,3.824319911168103103e-01,5.688753420004896144e-01,8.680353654155906762e-01,3.958829740511214390e-01,5.167290266814968946e-01,7.528730645254421150e-01,8.289965746726971618e-01,6.073226235503529358e-01,8.073456046049571899e-01,5.545644871624294536e-01
9.806718126810916036e-01,8.803208688944192950e-01,4.091843373984234145e-01,2.623024322985582635e-01,4.368202912926071879e-01,3.134604522150306605e-01,2.849119698978249682e-01,6.937274573782409304e-02,2.371428327624443277e-01,2.013501000998746127e-01,2.387580004001185474e-01,7.462242911582238347e-02,7.401165428316467398e-01,2.968847496241242001e-01,1.582419165140335621e-02,3.960676978958174721e-01,3.830551258435924145e-01,6.949609269044264570e-01
9.514850713393613324e-01,9.115366273915656015e-01,7.479875697364588572e-01,3.420386191804700160e-01,6.281132850046980964e-01,6.649010491734309580e-01,5.626909697082052020e-01,3.838245887884701446e-01,7.323588612517719643e-01,3.159698448186155639e-01,4.559738220962459287e-01,3.353286455479100314e-01,7.130150276246584040e-01,6.716631979495514548e-02,2.690779436814611514e-01,5.614392254320070830e-01,5.029906689018307508e-01,5.364809994518280334e-01
9.747275044356229490e-01,4.499366562427385974e-01,5.052107608933706917e-01,6.889491086760983762e-01,5.787309333403869438e-01,6.443783569516289278e-01,4.890430066929395136e-02,1.321493376977529444e-01,3.696672012217092074e-01,2.581297987496838572e-02,5.926113839545200240e-02,6.260998314772445728e-01,3.922323324628544383e-01,2.829898490117953025e-01,7.886545946390868811e-02,3.834305011839891919e-01,6.830828693649151351e-01,4.770137825552822064e-01
9.794512516368844013e-01,9.107316072089850501e-01,7.856118207841777945e-01,6.545946329548805176e-01,1.343940950190583294e-01,5.533161887579098881e-01,1.048990022265246375e-01,1.621946951479151175e-02,2.784468073742189520e-01,7.108939400919743745e-01,9.181902118972300186e-02,3.829412255831746714e-01,5.803050941019745057e-01,3.800172858189421743e-01,1.164583680385829073e-01,4.943273527344094753e-01,3.889323284246905266e-02,8.168555460653517120e-01
9.690376039931057894e-01,7.382774266425982113e-01,8.561138431222529155e-01,2.665907296580071750e-01,1.626811767670132136e-01,5.676657169457244301e-02,6.535764714800450237e-02,1.663891319780746170e-01,1.870531397271468430e-02,3.823431080391025416e-01,3.994255547930383177e-01,5.949942308614000058e-02,5.061624821178924982e-01,3.505848588282080014e-01,2.598756379501874700e-02,3.082659471245428051e-01,1.955227580636030305e-01,2.500348404980149430e-01
9.894362021351396086e-01,2.033426809457246354e-01,3.424982532269979420e-03,7.196972572185200701e-01,5.386037009298237921e-01,7.835713803377274411e-01,3.099088993481548537e-01,3.502881491230653288e-01,7.324370154559576296e-01,8.496085942274985703e-01,7.737997429807275118e-01,4.789535248445514481e-01,3.700873223417273095e-01,1.619482143733904089e-01,6.508778403395105716e-01,2.146537964812724464e-01,2.637120162580901539e-01,1.741900345938948436e-01
9.660476933752989437e-01,8.233590630140364963e-01,6.135689293031103553e-01,3.923920109788532895e-01,3.764804432400276069e-01,3.266076399231288008e-01,2.229174198558478981e-01,3.843721992528792430e-02,2.960156479335105187e-02,3.951956330394535422e-01,7.851576388463979428e-02,1.610210863483366867e-02,4.199127983209079429e-01,2.619522346754094566e-01,7.886859995738874085e-01,1.491769300553059951e-01,5.253389371965818538e-02,2.847294446570377002e-01
9.533422337953020298e-01,5.574564511613639972e-01,4.117632370751967974e-01,2.547899040377595292e-01,6.244019120625123875e-01,5.698564896998999929e-01,5.940071991002179308e-01,1.289877021780491684e-01,4.187407308583796506e-01,8.033000206647086250e-01,7.035459313830231265e-01,6.117332883991372094e-01,3.613752148848700108e-01,7.376144195385422320e-01,6.763686394640070487e-01,8.071725863349384911e-01,6.156837798836169995e-01,6.001756500581296727e-01
9.843195443458510052e-01,7.676202289595767114e-01,6.482578293006361347e-01,5.366984503843934551e-01,7.339118742399811657e-01,5.173272706741153248e-01,5.218176887437009359e-01,3.898865713004527889e-01,5.847251220311047160e-01,6.843909815429858323e-01,8.135382093605731946e-01,7.187460543226934506e-01,7.794646262594377983e-01,3.991289860752664231e-01,2.340244508269423152e-01,1.262886551051177753e-01,3.904157536661050365e-01,1.914536650626691427e-01
9.625474861641387658e-01,4.143088852782323556e-02,2.359358782165450197e-01,1.845435103368369134e-01,4.286061923319451905e-01,5.743568404513609282e-01,3.276627016224907263e-01,3.626670076139071330e-01,7.299335058309786017e-01,7.828208174205267822e-01,7.829799865586208885e-01,4.006522506867560840e-01,8.995181195655947703e-02,4.899456186025507587e-01,4.004156553793681295e-01,7.274179812486166741e-01,7.036156089635230149e-02,9.917139426492809981e-03
9.631036002503440274e-01,8.385867427632516247e-01,7.639694653582334016e-01,3.908724550647277307e-01,3.980624314156447352e-02,3.863467903549603344e-01,2.106854194909215383e-01,1.481596083746060909e-02,5.755271211183371483e-01,8.204211556907924086e-02,4.993224202116909316e-01,2.270593061370252130e-01,1.974801983011174877e-01,2.645901165260837740e-01,9.832545665935824020e-02,2.362545529823840140e-01,1.328296745533187884e-01,8.377282191399801903e-01
9.829915487300406873e-01,6.770117374397540688e-01,7.329613109868114984e-01,8.061531130916773646e-01,6.894639570102831794e-01,8.658000694839714795e-01,2.988097249161753011e-01,3.813681578006818118e-02,2.365468887789775043e-01,2.290369204416933813e-02,1.104243615580844107e-01,3.265047137881286199e-01,7.585810231491187938e-01,4.325470600003090277e-02,1.825234489945816718e-01,4.692193424938967405e-01,3.242270675305144456e-01,6.655757752664053228e-01
9.772371968060811209e-01,8.065400438768178804e-01,7.669527179010978690e-01,8.800544005301503825e-01,2.605562683028870841e-01,1.297121158733469948e-01,3.855260617851549165e-01,2.654344216254396760e-01,9.184940191279118427e-01,5.405183849666306273e-01,6.682917008737153663e-01,6.029251096173965374e-01,8.698317889410879244e-01,3.382968305095984674e-01,2.543106082996107187e-01,3.957151679770166963e-02,2.234339029715854130e-01,1.598983798835468262e-01
9.887047953235377218e-01,2.397292275340076328e-01,2.428987236720085707e-02,4.628378028621474849e-01,4.893596530814841583e-01,5.443170515935401577e-01,2.971513682060971662e-01,2.416558258919314361e-01,2.151313400465724168e-01,1.708183030207114511e-02,2.200123045341436934e-01,2.988306763130538918e-02,1.834044150505139137e-01,1.716986745126628244e-01,1.326291028939014238e-01,7.066778027256942485e-02,5.591243083007938486e-01,8.251372786921516989e-01
9.746760277159389751e-01,9.308081171385594876e-01,8.021931212681481238e-01,1.561746068835319912e-01,5.738538953157356487e-02,7.483531094962830865e-01,2.270311687795067701e-01,1.497778713534508310e-01,2.315817038953987828e-01,5.292693959900373057e-01,5.732479646311239296e-01,3.930899480469887686e-01,8.973431324863507808e-01,2.128713128624978024e-01,5.286573495677715506e-01,4.087766775175964984e-01,8.696210441481535547e-01,4.516450613111505641e-01
9.757282962185509501e-01,8.289865068823901728e-01,7.936267246778504481e-01,8.750934043192251099e-01,3.766978013451337537e-01,3.217451975344122195e-01,1.392926616436414577e-01,3.959620317818288160e-01,2.146849739169607862e-01,9.717530226789350412e-02,6.465220173254737634e-01,1.381740301176234975e-01,6.160031004120782860e-01,2.089461721097118641e-01,2.816181046092516294e-01,4.122400277550263281e-01,6.308660124438937589e-02,6.444093874273008060e-01
8.397824796171564632e-01,8.287723640712727491e-01,8.183355675349743841e-01,7.273942383249968335e-01,4.448195929992750375e-01,5.563707813536786784e-01,4.052155056302263469e-01,1.676206570367058390e-01,2.897325186055518809e-01,5.825971788429638032e-01,3.835840515442951459e-01,6.156684062772977972e-01,6.448566711982934851e-01,4.890224594489025467e-01,7.315395731553973047e-01,1.312191356657295242e-02,2.645110449380014273e-01,6.063312879579134673e-01
9.835660085537413222e-01,7.961379187983557149e-01,2.250939529216485716e-03,2.030106581986848568e-01,6.076878689555033075e-01,8.756787307220841310e-01,3.282966084279573260e-01,1.402725128482923585e-02,4.724479943048472963e-01,4.990355719978060989e-02,1.711777639282573982e-01,5.213785097534121560e-01,4.721369164185716949e-01,5.928548371301377296e-02,1.199253424196970730e-01,4.008529699990839856e-01,3.262221680315784411e-01,4.126356041165230720e-02
9.620428614834135583e-01,4.428285741309495038e-01,3.085814637003647665e-01,4.146977370671330876e-01,5.901459219496231201e-01,3.712302484103122135e-01,3.881139322928847668e-01,1.748051093236138373e-02,8.498801683944116059e-01,6.478061517381211720e-01,4.835865926259889647e-01,3.872500684109169700e-01,5.660776415514565674e-01,3.641579573334552400e-01,8.110898490769526958e-01,4.988434647252638077e-01,5.784056165330767607e-01,8.461308944482783811e-01
9.766164612081366103e-01,8.884732137318119838e-01,6.907778561511563886e-01,1.997031223993320781e-01,4.432907702093242808e-01,3.367100094303132618e-01,4.370062724851332958e-01,3.000871695695789265e-01,5.369333380296306135e-01,2.091352089233994016e-01,6.625381724029063557e-01,5.775265217911236260e-01,3.423564907751269204e-01,2.038740975342626383e-01,4.320037925255666017e-02,8.754245302607072121e-03,5.400605249784847794e-01,3.061866610008280865e-01
9.746101104769628876e-01,8.353169317944276751e-01,7.800270854484937511e-01,5.405587348289071503e-01,6.999321240182755366e-01,8.035599638263514199e-01,2.526181669422273846e-01,4.254395412688826150e-01,3.923231048434898116e-01,8.085522120875172636e-01,1.719998092385464361e-01,2.165850203566083987e-01,2.058388279241558649e-01,2.228194445885660693e-02,7.856414435820691100e-01,3.401701451926646413e-01,5.443002303170140221e-01,9.215236547900372832e-01
9.903860590025795885e-01,8.373618998211442843e-01,8.142253105821475323e-01,7.742878211915695807e-01,4.312399495111878256e-01,4.868606946841018135e-01,2.029587220568923323e-01,3.556963838477065765e-01,1.127417590298789851e-01,5.877330800127349431e-01,5.878560487135275903e-01,3.572965913408258087e-01,6.929482140771896503e-01,4.570458770598722076e-01,6.490860286986963601e-01,4.231641443423720395e-01,5.868676089064895907e-01,5.742497691622229228e-01
9.821378698289209286e-01,7.446964056535378962e-01,8.084305383201234596e-01,8.809347036783579110e-01,9.366151954005220992e-02,3.938987444882403599e-01,4.016986483970542143e-01,8.357333836284640549e-01,5.784168759072805255e-01,4.947835750008185429e-01,5.952790121029478687e-01,6.043880988036961499e-01,3.614561999710194651e-01,7.917416083844480701e-01,8.276152100929998201e-02,2.542845351905465012e-01,1.801943859714929264e-01,7.404090580890476669e-01
9.885711844476554599e-01,8.857065039773195370e-01,9.141887629591411990e-01,1.808960025374272695e-01,3.349458087869323086e-01,1.280942756546730732e-01,4.418049488218549481e-01,5.398102943912687079e-01,5.716518016852386586e-01,3.764958008992987937e-01,6.378096073653164444e-01,7.371070155214909381e-01,3.787114155662728299e-02,2.180742038155617790e-01,6.089556685592336510e-02,1.771135930893679711e-01,5.076005238698296645e-02,7.196659237077634996e-01
8.969701496407497254e-01,4.030056041547995238e-01,7.270696742848100635e-01,1.461891937378681783e-01,3.944151462549801423e-01,8.593126288432757498e-01,1.850598817088893733e-01,4.739007257839916165e-01,2.346171968991321855e-01,3.290879162021719817e-01,2.706709594213945747e-01,1.195537704881045743e-01,2.348482125673382812e-02,4.955602102398016795e-01,1.730243208977896574e-01,1.958958167346905310e-01,1.220118596424192223e-02,4.260454984893959351e-01
9.695270821400446826e-01,8.294985764137216000e-01,6.520741774354974485e-01,5.269257144272569970e-01,5.101859579184626625e-01,4.074911672557863240e-01,5.183545259596402666e-01,1.952401062988022851e-01,7.973677585062525219e-01,3.384036596732252211e-01,1.990172617344539707e-01,3.787191532611721145e-01,4.339480307102983048e-01,5.636998462855623560e-01,7.375732405959194438e-01,4.731559451034813568e-01,3.770019411082271010e-01,3.769567652198118485e-02
9.713976246492010969e-01,9.290080282142173518e-01,7.189833706710255790e-01,3.902123781752544485e-01,7.213579466398227780e-01,4.016073134656329979e-01,6.583302397196190148e-01,4.575528684546980585e-01,6.154442160998806199e-02,3.371157394965692000e-01,3.039522166083457599e-01,1.984294784295128067e-01,6.538861650294082173e-01,3.050938672191939038e-01,5.788830727239725471e-01,4.882771060131005370e-01,5.654041812439953851e-01,8.312434129489613133e-01
9.727621710524096965e-01,6.396244781234569077e-01,3.912286692070879313e-01,4.970519775726445211e-01,7.994990261557277655e-01,5.926353530307904016e-01,8.360223405003101016e-01,5.049152415774605940e-01,3.034017900317895755e-01,3.833418396068962730e-01,4.396177665803914780e-01,3.943840320476711958e-01,6.476968578034050794e-02,3.666149706498672001e-01,2.777769193933267780e-02,5.718747699233371895e-01,5.645758306451003072e-01,8.224333406897467169e-01
9.766057082905202913e-01,5.270909903192749768e-01,5.697191640795561396e-01,3.404083766101180797e-01,6.333945217927057225e-01,5.093388315734469485e-01,1.381770012663977032e-01,6.447559407450526026e-02,5.810652213232767593e-01,3.343798613646124102e-02,4.095965948724646921e-01,6.322643252845111528e-01,7.743091726681591846e-02,1.895139279117087905e-01,3.382550093670358970e-01,9.608638298628763286e-03,6.671717137325097191e-01,3.892874091509036516e-01
9.803037158794249972e-01,7.541738620652245206e-01,7.193858149137570823e-01,1.079390018125802632e-02,3.223192250861694474e-01,4.869835917356799548e-01,5.048782234956935566e-01,4.662676562725882046e-01,7.078805299343688961e-01,6.951370571264747777e-01,5.589956067004039353e-01,2.127401684473872734e-01,8.849845219337801328e-02,1.384843739609423752e-01,5.865549350281836771e-01,1.100023056208697114e-01,5.437387175822806784e-02,8.413052963198605072e-01
9.706062699999092880e-01,7.969421538690403262e-01,5.082231837043130751e-01,3.484614954279617316e-01,6.239874142305794624e-01,3.417580253069154028e-01,2.119581841311765080e-01,2.903675896633942100e-01,3.225177697068429272e-01,4.384012103763662571e-01,3.578256344450821413e-01,7.944300702994517849e-01,2.207101209536339592e-01,2.020828795320694926e-01,1.843819484010626730e-01,2.247585084870676875e-01,7.205379516175994814e-01,8.281779497108999744e-01
9.479042260435665002e-01,2.096650041808594267e-01,3.669570626463214968e-01,2.524737840078487006e-01,4.141394864849207158e-01,5.714885322336875628e-01,2.470507994662460294e-01,5.560155513201547883e-01,8.361039369679347244e-01,8.098099771611277919e-01,5.495832278218126810e-01,2.969747499283563181e-04,3.870253014261386126e-01,5.248781764434690134e-01,6.520596513270232597e-01,8.514971535734412733e-02,3.422886212292510638e-02,8.687897536757985817e-01
9.876336204056838097e-01,2.574863111372619265e-02,3.522118881445341909e-01,1.798607977227607013e-01,2.574013890361434020e-01,7.786620376879803684e-01,3.865260739507505039e-01,3.526239043668444317e-01,5.134100443445508422e-01,4.996950940838295607e-01,2.824752133412788968e-01,9.762210081815157758e-02,7.121276241244568483e-01,5.947398851315575108e-01,8.231746432597099039e-01,5.348360755881278461e-01,8.828383784943185653e-01,6.791800188759556933e-01
9.199313041504254551e-01,6.492903973350370173e-01,6.383309827383579771e-01,7.070159564367261007e-01,3.155119586325101366e-01,3.417045140115452795e-01,2.554416347487230565e-01,2.303613844402417343e-01,3.438510710341149412e-01,7.035444612543564347e-01,5.173600493194855376e-01,5.541643297882444807e-01,6.192398365274620620e-01,3.532906773609729156e-01,1.604391225529787912e-01,2.875168999427201166e-01,4.964199479851468810e-01,4.328538928677109765e-01
9.835199446398792400e-01,8.637604234292419747e-01,8.125127071572123549e-01,4.478853451874124647e-01,5.331276392803757647e-01,4.967903409559081829e-01,6.508968953087783671e-01,4.572124306632631141e-01,6.886928787194090962e-02,8.998600604285343640e-02,7.080396002397076893e-01,4.437376669825848219e-01,2.178036652726850556e-02,3.536471910359453852e-01,2.151716461558067783e-01,6.705900140921651487e-02,2.062945167193634133e-01,8.803148025243485719e-01
9.756867884266280377e-01,7.930725936601343840e-01,7.829664007479629761e-01,2.938978065405344897e-01,8.112310875013832578e-02,7.276936081187920791e-02,7.309105016400410104e-01,5.491747992742952722e-02,2.822188110044874798e-01,8.537358652337651010e-01,9.952027770191804873e-03,2.729890897506530578e-01,6.161864817795601468e-01,9.664932643776452670e-02,1.659000558927907210e-01,4.916917086759848288e-01,4.960634016001692070e-01,6.839931574414129800e-01
9.808526434009452455e-01,7.582934783382022648e-01,7.436878307448309133e-01,3.412260156535603522e-02,1.515480324690042235e-01,5.784687126770030607e-01,3.654589532140880559e-01,2.646153278498167630e-02,3.509507766163266762e-01,5.054633004249627914e-01,1.204368150308741114e-01,8.497327424770896587e-02,3.267148516627731147e-02,7.183188312389627850e-01,5.161881269819522666e-01,2.685907861479467917e-01,1.125922527341782359e-01,5.182195898610936213e-01
9.631184294986724348e-01,9.031955930949280287e-01,8.570160250963370085e-01,5.983687890956875810e-01,1.833528543516859191e-02,4.715507360526132244e-03,4.779630796684782301e-01,4.380393327829544825e-01,5.164328041365463529e-01,4.980810700354182385e-01,1.729642307723742445e-01,1.308522319207348350e-01,2.922082829412488425e-01,6.646529615303350784e-03,1.935021755104077423e-01,2.668457933713961894e-01,7.022016281126177706e-01,4.563315881487634007e-01
9.828855498280767433e-01,9.544107111893417317e-01,6.646164880608000924e-01,1.271472553857141141e-01,2.936747669109499720e-02,6.167408940564143016e-01,1.572594045122883699e-01,1.389775727007924178e-01,3.140577641829521705e-01,5.335853771202724305e-01,4.613472255057035620e-01,8.883274357072708238e-02,3.771171989928692736e-01,4.948217875151565415e-01,5.009114703160114784e-02,2.079776949753716145e-02,8.069633079917179486e-02,4.617194461930879679e-01
9.922858092434606592e-01,9.552713218443239507e-01,5.639052742089769588e-01,2.070159721917228524e-01,1.952358797037948013e-01,8.556874060387620329e-01,4.752836710217527884e-03,3.420139774666430821e-02,6.799547755802054505e-01,5.426104103061876183e-01,2.235036131691655464e-02,7.901073248650523906e-02,1.760172604802524160e-02,1.435157188915446025e-01,6.238519086433446520e-02,5.128827543762632946e-01,4.707925061805224437e-02,3.872302407372371080e-01
9.469423898755666702e-01,3.773694992530728931e-01,6.125154600186772935e-01,4.720567584959898810e-01,6.818625024258010425e-01,8.178557049489173503e-01,6.053665875688912790e-01,5.506038637424461868e-01,8.498810372925236223e-01,9.519182351520671936e-02,1.469150083493796499e-01,6.463416197724161094e-01,6.303868404307531037e-01,2.961694885101712194e-01,1.377992700908969581e-01,2.347572681420071472e-01,1.910466196007455930e-01,5.629299631407826965e-01
9.632730370950268739e-01,1.000592562124106438e-02,7.009979966770889526e-01,3.594785363597083339e-01,4.974307605475045135e-01,5.639219911709895117e-01,7.714094509617802631e-01,6.591031137403853268e-01,5.560097021511074544e-01,5.790435758801718569e-01,6.119721670599648222e-01,7.695915409507977367e-01,9.171878722640436354e-02,5.831402613156023707e-01,3.425697133153091656e-01,5.682531149418806882e-01,6.923519935785030777e-01,5.508350987495995721e-01
9.700002265979729144e-01,9.181804400399586896e-01,7.324396298829518592e-01,1.211122737263859855e-01,4.475658980703918488e-02,1.699855697596833748e-01,5.423741557428830573e-01,8.459326345530474578e-01,1.742291379674929530e-01,2.285183472765647816e-02,2.130507825769361596e-01,6.052590707486990018e-01,6.792804532181874189e-01,6.930578074871708294e-01,6.720634502550213440e-01,8.301031247880881481e-02,4.131196710390956928e-01,7.260112080129127454e-01
9.814099596830001548e-01,9.252808831452570271e-01,7.192036828152135186e-01,6.207064061282543399e-01,7.510935881162180694e-01,7.641324931757096373e-01,5.834809757212084946e-01,7.595681750388696418e-01,4.631245913447841756e-01,1.958592475291761614e-01,2.552800145638552398e-01,6.359520885744923691e-01,5.986586169714515071e-01,7.442498283841865181e-01,6.619354865776329311e-02,2.286617510892693383e-01,4.427899405565683955e-01,6.376210960892993995e-01
9.801253898165381839e-01,8.970710347252732753e-01,7.754229990420683505e-01,2.569723168316526141e-01,7.054144475176006290e-01,5.385165739708286381e-01,2.933985042162164936e-01,5.382433553716876873e-02,6.683392437602082570e-01,2.656225171457823331e-01,1.551011740398601235e-01,2.832898772871819421e-03,2.612601403574905667e-01,2.360327087519487055e-01,8.080733582012196159e-01,1.992242410825763865e-01,7.384732499570807462e-01,7.470326257300813344e-01
9.784124651814019025e-01,8.712553779776517349e-01,6.949568815266651267e-01,6.684850714377870151e-01,1.343236773337408430e-01,5.827265879768034340e-02,8.433171336466469548e-01,3.431596123262273812e-01,3.690100107764334725e-01,4.012791657034358028e-01,5.147322713670379191e-01,6.960228884941755956e-01,7.070474742561819737e-01,3.435390986856237672e-01,8.600602008425991540e-01,6.689527965333526283e-02,7.957578382274984596e-01,8.498677038693971397e-01
9.810311810729139825e-01,9.255872871093921983e-01,7.213683806492248163e-01,6.983764195651341877e-01,4.641522776768005065e-01,7.631099518617002753e-01,5.045128272252922264e-01,5.141863030262436851e-01,4.421895702695529673e-01,6.897402819456069922e-01,4.603438040316318869e-01,5.750381420791033094e-01,1.731655953130725387e-02,2.357708935986834453e-01,4.990135561980214574e-01,2.214168829594959642e-01,8.782305807475220272e-01,7.175258766935640464e-01
9.802724309740460384e-01,2.253124081733409168e-01,6.123296615667809251e-01,7.061441081748994764e-01,4.774433790166611180e-01,7.600733894517822664e-01,4.724329764935226716e-01,2.441747355592446544e-01,7.542265206435816438e-01,1.870261549566767934e-01,4.183682716034926585e-01,6.764181221482863382e-01,3.984151764091657388e-01,3.648257609374564447e-01,4.758498451084062220e-01,6.960161166522191856e-01,1.371692097056982640e-01,1.246259410225479536e-01
9.692164267034709679e-01,6.221809600871078816e-01,2.989413764265840268e-01,1.225388052283729601e-01,7.144666680724962582e-01,1.835732124844284274e-01,2.126924701692050473e-02,7.174394234859805541e-01,5.585128176317676330e-01,3.966960989833407392e-01,1.618137343544738815e-01,5.598864647849999265e-01,1.619676938532037536e-01,1.323043220422842337e-01,1.649560696299421925e-01,1.066740434352043687e-01,5.504257072251820260e-01,7.931098552836899351e-01
9.826499580591244731e-01,7.288172916090447373e-01,4.198301324704689641e-01,6.297391814026161994e-01,6.916096517969401170e-01,6.970684606162489416e-01,7.544995972028541997e-01,5.831101654625494568e-01,6.690283945270265598e-01,5.537012941283372403e-01,3.887342094610543031e-01,1.975027039342377722e-01,2.107526915203317419e-01,7.549694025389085406e-01,5.488440583922716831e-01,3.886248253554592802e-01,4.562160802607022059e-01,7.482190200774370137e-01
9.442527991199656245e-01,7.355619739112353450e-01,5.269323119733736460e-01,2.508576799375184310e-02,5.502333483047464613e-01,7.919733553619033861e-01,2.998235049927606699e-01,2.334851863532854399e-01,7.751677558041224492e-01,4.048730132922360170e-01,2.202164187879120105e-02,3.068824726581522166e-01,4.043410028255763344e-01,2.038536834657674879e-01,3.625115428747833213e-01,6.901781066810555032e-01,4.013195018432655359e-01,6.790460502674885435e-01
9.683661821591527108e-01,9.032827750157215729e-02,3.132195863552609261e-01,6.882308378751315070e-01,8.362240885167521176e-01,4.870992179561356439e-01,6.197931056252475868e-01,4.210050697624928007e-01,3.959138209620732263e-01,3.850640133226428952e-01,3.020422610671649188e-01,5.688253872944896150e-01,4.741440369608977967e-01,1.722043527626130055e-01,5.582832836649461727e-01,2.914262813978618083e-01,1.067800465550420158e-01,5.130429115787721317e-01
9.900521163189227591e-01,7.229582645601297930e-01,4.566157863153617047e-01,3.003058454436721009e-02,7.959130989367586562e-01,5.844889185123396391e-01,7.743570230677061517e-01,8.426329160984405986e-01,8.090934001979560586e-01,1.281139520092905160e-01,2.868666178481046880e-01,4.369294163162514011e-02,6.799107571342382084e-01,4.808286792189876424e-01,6.921186809277561913e-01,7.397777974804679024e-01,8.669427113522379935e-01,8.252459695897609304e-01
9.668656584956358824e-01,1.226116023423228646e-01,1.141756136105621100e-01,5.113226109001088870e-01,4.852886163355683569e-01,8.200596438942368005e-01,8.062854436920792178e-01,6.074975630838523877e-01,5.011597730961080410e-01,3.298069998047957196e-01,1.711101521310556262e-01,5.402588623603510332e-02,4.307847433471435894e-02,5.331886284223984890e-02,1.171751319102484062e-02,4.215188090894460976e-02,4.411393219605056620e-02,8.924765996069325968e-01
9.788054057394988128e-01,5.628083156953710420e-01,1.502852021672698157e-01,1.914608857907883210e-02,1.655626490984006827e-01,3.913026038224176051e-01,8.485469695083988628e-02,2.985826938779232442e-01,5.355254835337288633e-01,3.078529255171904011e-01,5.060622158157256356e-01,7.899575802947973457e-01,9.250813975694551772e-01,6.243665254472388071e-01,1.420389677581334331e-01,3.632581361913748141e-01,3.280778183472456422e-01,9.058857508706574801e-01
9.776450648207661853e-01,9.236980739913419614e-01,3.204439900035702810e-02,4.630095507842378333e-01,7.327403858528450664e-01,1.533512696373056095e-01,3.687435931286889845e-01,6.167406464405370548e-01,7.311669189628611232e-01,1.707711933701022422e-01,7.176039421974512132e-03,4.599265062387160596e-01,4.358698209188306971e-01,1.192649883288722651e-01,4.250204751406272963e-01,5.032716446031297863e-01,7.061811404841207285e-01,7.727255963303586439e-01
9.580441487574452575e-01,4.950280723883973555e-01,6.358084939278546566e-01,2.702467233528431101e-01,4.580998722097481268e-01,8.237884123462514419e-01,3.050131208768318003e-01,3.448121474491391836e-01,8.662589629354183751e-01,4.934497944135023406e-01,3.788244367566772075e-01,8.398419020597244211e-01,6.647039262059877274e-01,4.064076683210621765e-01,2.175202145022863964e-01,4.983553341484253107e-01,3.117527939195881004e-01,2.246467589387951547e-01
9.489103683661135324e-01,4.629662457767214634e-01,6.455306179260968946e-01,3.245143181727651038e-01,4.006394337827472452e-01,2.545593731357292944e-01,5.304057531510043555e-01,5.056075120675398438e-01,1.673265521753515006e-01,2.261040431895724456e-01,3.063613781187384810e-01,5.783338269091679029e-01,6.761357161987241460e-01,1.156313652594107705e-01,6.274063141310406433e-01,6.814009542007034570e-01,5.489039734342675558e-01,6.784471977347945604e-01
9.872340492717363025e-01,8.618089258384071805e-01,8.401681420334667916e-01,8.566431797015071625e-01,5.083724388957220341e-01,1.223441054299010539e-02,2.136030136374365007e-01,4.252084507930588564e-01,4.824081239951989453e-01,4.590851325567052998e-01,4.067075926889254234e-01,4.898292296861339601e-01,8.212802353128710875e-01,3.341099079581942299e-01,6.387940177753893556e-01,6.315642887237592484e-01,1.287087008049082534e-02,3.873820464711696943e-01
9.852560993106934673e-01,8.530316855440993606e-01,1.694076228553954289e-01,3.019683232872928391e-01,7.942765596457656008e-01,4.322273135819908463e-01,2.606497595766623654e-01,1.955363333685873894e-01,6.510700164955772751e-01,5.500514852205650174e-01,3.528368771133201798e-01,3.249632124516134146e-01,4.425037281908285047e-01,7.520610480607344828e-01,5.876776112861785695e-01,3.564379193958207015e-01,4.592664766628180018e-01,9.441167786076384294e-01
9.812336738263698344e-01,8.961736480055779719e-01,7.259520516136044321e-01,4.817994314962274482e-01,6.513915367131823952e-01,3.995959909382627573e-01,9.631607313151749339e-02,3.645491949628206774e-01,5.325804185712091909e-01,3.843812004305340868e-01,1.694704988669289980e-01,7.300595598088277516e-02,6.336014998154350097e-01,1.275704823815527848e-02,5.387082258912246902e-01,4.282512630989088742e-01,4.820231717482914013e-01,8.749135535718874923e-01
9.883444417628387546e-01,4.878970796747669758e-01,7.488299113261955020e-02,1.288220161657261352e-02,5.923988591047331109e-01,3.005181605197816963e-01,3.127684499840550220e-02,3.909017044009296948e-01,4.771758496862836818e-01,7.894113335656895991e-01,4.256484851881269238e-01,5.898385855626037122e-01,6.580712878200665195e-01,2.221980909803677462e-01,6.379486590299154880e-02,5.192971999637677749e-01,4.306841402403773778e-01,7.433135582606493763e-01
9.943064938562529154e-01,9.450875118575612355e-01,8.072675353670715204e-01,2.163346679812074846e-01,1.942611403961619909e-01,4.325512110978312896e-01,3.497725942418414280e-01,3.502725748996454169e-01,2.021978048769297043e-01,8.441771410636735862e-01,4.436677080568232623e-01,6.589483021589632727e-01,7.179801455746552818e-01,6.935670374333395838e-01,6.949664404290738229e-02,9.339179631756401589e-02,6.975865649391848056e-01,7.482770900060015107e-01
9.763579394376310505e-01,5.141641727440243725e-01,5.874366390579712771e-01,8.103664176603912750e-02,3.012972717536495648e-01,8.020681109567819878e-01,3.734869484425777375e-01,7.465091743312123329e-01,6.218549393686680915e-01,4.908545485904441397e-01,2.779439105740716953e-01,1.668389894053076417e-01,2.462109000512463508e-01,4.448035914800826940e-01,2.259374065898269723e-01,4.861376884773698226e-01,1.946723044061661745e-01,2.156191403495979209e-01
9.023319730901111502e-01,5.063814663098034075e-01,6.703576331606637684e-01,4.690732610917303647e-01,5.482323021217335723e-01,3.912601669746987310e-02,3.007716522435890591e-02,1.569273513285498467e-01,1.073248061863191494e-01,5.924672266032895429e-01,7.857391984091278703e-01,3.488065690920835182e-01,2.305967721028140682e-01,3.491278554184362726e-01,1.817516413783332174e-01,9.597233478071216795e-02,3.922415513185290581e-01,7.741176489188384968e-01
9.879550302741275658e-01,3.159219341847058216e-01,5.380354822077104693e-02,2.715104788096111554e-01,5.766018063471802790e-01,1.160282140004404161e-01,1.770707584172120097e-01,4.817045838000001412e-01,4.855795270609009617e-01,8.078657391135447563e-01,8.324148493532942394e-01,3.575363746958848399e-01,3.431292879987988265e-01,1.784829309444735390e-01,1.753868813504738389e-01,4.860625296937731710e-01,4.691852366095634053e-01,3.255469238271097021e-01
9.672076070165246398e-01,9.031031457262506112e-01,6.670919410925578719e-01,6.103274715532536199e-02,7.155447707907509614e-01,2.449525826656391292e-01,5.934364574620277777e-01,1.171953738193226707e-01,7.752908020213600260e-01,2.920277198005444830e-01,1.581749814132458187e-01,7.675708596496866321e-01,1.437290597990272811e-01,2.070109601474248995e-01,5.283171263770929382e-01,3.203808507760326774e-01,8.387072906700909769e-01,6.797974008317652084e-01
9.613399925461088014e-01,8.364725046380603324e-01,9.174830000100517857e-01,7.965909042924117500e-01,6.062575018558211681e-01,4.934622323452719783e-01,8.475774880666259170e-01,3.181921800678935708e-01,3.185333281486755208e-01,4.573155395410729573e-01,1.932616124895737142e-01,6.371458775464312885e-02,4.177645930020421616e-01,5.187684009254166506e-01,5.271436279457265561e-01,6.358063497273322984e-01,8.833119073488223671e-01,8.515687584623947703e-01
9.633166508941977124e-01,6.266685115885857194e-01,3.287407708288099251e-01,2.609731280963836220e-01,2.132878075936399109e-01,4.866371278883978024e-01,3.348126108371623499e-01,2.231539407134276454e-01,2.681075356079972716e-01,3.708933964140760375e-01,3.337577516212594242e-01,1.868956826429503115e-01,1.156232134529863211e-02,1.082459505856008392e-01,5.639230741617481391e-01,5.438917065543995566e-01,3.663420332758576814e-01,7.834513158058219462e-01
9.707692567028541886e-01,9.227416569838445826e-01,4.120404990215014163e-01,3.090740696510962948e-01,8.216039293887907047e-02,8.382647534824415603e-01,5.604084866818237476e-01,2.315669652437180870e-01,4.058462292080187994e-02,7.694173131396679910e-01,6.068865307296932299e-01,2.766659013355548535e-01,7.432222671626977084e-02,2.941760636914703131e-01,2.906354959728916776e-01,2.502616079104742486e-01,1.652438021249269529e-01,5.151436899789888502e-01
9.924357360126889738e-01,5.732992651837465203e-02,1.251347506271243415e-01,8.127714182617835625e-01,7.102615258437664503e-01,7.405906284371518433e-01,8.287641907383710427e-01,5.350749826400394982e-01,6.367445347546526468e-01,4.739750068486734413e-01,6.642087624279996438e-02,4.293776275441862911e-01,6.921686438950157561e-01,4.847127362971914710e-01,9.641758463801265722e-02,6.544422376306111566e-01,1.786207147302751597e-01,3.648475307358838293e-01
9.621053990609609308e-01,8.824287294951554950e-01,7.088999344827751070e-01,7.468418329231855113e-01,4.019556985816397643e-01,7.765715425744484923e-01,1.638034990004406666e-01,8.058641661089627206e-02,5.569721322412038989e-01,8.246529842340274419e-01,8.669542085259256403e-01,3.572933787439505626e-01,4.237678989778227434e-01,4.985614365533930226e-02,3.809878224876292463e-01,6.387982610136649919e-01,1.247181335838222632e-01,7.111079356553215991e-01
9.695795492853812592e-01,9.511256650801094281e-01,8.518445802118961296e-01,7.616626748524969910e-03,3.206079803549517493e-01,4.905919684232621925e-01,3.614330021966984940e-01,3.007586082336205502e-01,1.344195137290810638e-01,5.437830576932762838e-01,4.071505329935693474e-01,3.441689591937815429e-01,1.496718441199179628e-01,1.209385701311369021e-02,7.540619689018543403e-02,1.791865107070423346e-01,9.935632862158408352e-02,8.689789631276050308e-01
9.583041294051921621e-01,1.581775941767000204e-01,5.365859163986631541e-01,6.325820405677071712e-01,8.568095921247775859e-01,7.787738284283980406e-01,6.809074091637672410e-01,4.771124773667665964e-01,4.470889111750903644e-01,6.700756227021196221e-01,3.945426694984475735e-01,5.566680412931687694e-02,3.867468535190111689e-01,3.615161954648470899e-01,6.885457273470153572e-01,6.630640827227314293e-01,6.653017240392951059e-01,9.356158906110711992e-01
9.624324495553696623e-01,9.259303650430914523e-01,8.786927373814431563e-01,5.406874534278254263e-01,1.571709828896928896e-01,5.058828485160481170e-02,1.149232836310089823e-01,2.631688090444393446e-01,3.152516159445656330e-01,1.950108628404033928e-01,2.140871531926125670e-01,3.895308579841640362e-01,5.481994766123865492e-01,1.208399597395286643e-02,2.526223649203304666e-01,6.195931100949011450e-01,5.939807575527088490e-01,5.129651608585296119e-01
9.374803287914152961e-01,7.829010773341662510e-01,8.061298113180811464e-01,7.353025852985056732e-01,7.214141171436134758e-01,2.046022817820685458e-01,4.562011600469880607e-02,1.723281176219564892e-01,2.452226729747718770e-01,4.522416281764126689e-01,4.611103651763002187e-01,7.348667339638224050e-01,5.249047712834827850e-01,6.419145954184366509e-01,4.509385880721420992e-01,1.816798810280599585e-01,4.231879737807152098e-01,8.469288609348434305e-01
9.617613490598796444e-01,8.033709815895371253e-01,8.815983655632828597e-01,8.964735025670859114e-01,7.992848562529620837e-01,6.563733620551814862e-01,8.035021662816602683e-01,3.491349060883523481e-01,6.294287396269044876e-01,8.419956042287073394e-01,8.798417885645978265e-01,3.323890713864182112e-01,4.241850649003133800e-01,5.003377312862987703e-01,7.617683153132472906e-01,3.013442528993469094e-01,6.144425534987131288e-01,8.378110727615634135e-01
9.652929691696118253e-01,9.139083624661649141e-01,8.513683274645175159e-01,7.169589221452785655e-01,1.026468980978627044e-01,1.104792315820189996e-01,9.185594186596321986e-01,1.599150016027390819e-01,1.440692637504662477e-01,4.739569853655543064e-01,6.469360407834378046e-01,5.055569769063111840e-01,8.972669238170059014e-01,1.094786271833199376e-01,1.597182533909042787e-02,4.312685442900578980e-01,1.965271018317688856e-01,8.775476121572535204e-01
9.815129062933498627e-01,7.427207131278396046e-01,7.160222239632416663e-01,4.144687005219598874e-01,7.814426820431753795e-02,4.204943025088517944e-02,5.681556351809384786e-01,3.533670953722659602e-01,2.502901372306282068e-01,1.401575082507939551e-01,7.162979519701503373e-01,1.725999567458922912e-01,2.030214357592818875e-01,3.332668742140786344e-01,4.048226125802878994e-01,1.313401129940288403e-01,4.075262798292609845e-01,7.331181444269402325e-01
9.493591979740435560e-01,7.377769999836992776e-01,5.002721002040948495e-01,2.851850107422408409e-01,1.874085549692727781e-02,2.406831355044830312e-01,5.816854081159381074e-02,4.588976711051704349e-01,3.129436109228110885e-01,6.334203375533828950e-01,2.862473469277050375e-01,1.186559430352597810e-01,3.999665381687546595e-01,1.432397269743254098e-01,5.435544074216230870e-01,3.696708423407219501e-01,1.747342523582198492e-01,1.732407210991683821e-01
9.881415647739862917e-01,1.768325311899781316e-01,3.317009555426438019e-04,1.554887069299131230e-01,7.988080073446168772e-02,6.304880572244414561e-01,2.782837351691596073e-01,2.159888217325532656e-02,1.130908072841636941e-01,3.105212838855642143e-01,7.439900188663232106e-01,1.580532736580831932e-01,4.206092285391434538e-01,1.968746764084476630e-01,1.248588097848735978e-01,7.170222385047200220e-01,5.708925200953915979e-01,1.633491697011918709e-01
9.586426942103331017e-01,8.341610934899940100e-01,6.390539533858841104e-01,2.925469252360271000e-01,1.864852162875740571e-01,1.263156699317230514e-01,5.369490351286632102e-01,5.343273473097844839e-01,6.130349413752681498e-01,1.863560027084039672e-01,3.726453479644246669e-01,5.919331266537590786e-01,3.758793065183098359e-02,4.656977392274603278e-01,3.104601282229775827e-01,3.973307151167522755e-01,8.829349259632622848e-01,6.815119975042231992e-01
9.641787543136631777e-01,4.450838253109798970e-01,6.966953828309171426e-01,7.405138503081147849e-01,7.031816768375108717e-01,7.370888214990699572e-01,7.640904262436032379e-01,8.696330843338760941e-01,9.154200459735915008e-01,3.689552994537230735e-01,3.668668016473191629e-01,5.698163153015004673e-02,2.228368782393399805e-01,1.178693742326428762e-01,1.601524059739133088e-02,6.565971793966436376e-01,7.507069248452757915e-02,1.836029657184766462e-01
9.924119562440163467e-01,7.256068556197684538e-01,6.200794813867570587e-01,4.379708652264377444e-01,6.767066746124577037e-01,5.052960913503811158e-01,4.548896276678572326e-01,1.996246699406626062e-03,1.887562367508547057e-01,4.223311914975632075e-01,2.224212528181326518e-02,3.883151224567649162e-01,7.466917147441327618e-01,5.152870947786574174e-01,4.121769045614331883e-01,4.453238096035617710e-01,8.564791250221104324e-01,7.485589101416245672e-01
9.613875226799823981e-01,2.293400950170974839e-01,1.933229811977435139e-02,1.803559898303842834e-01,4.492199176426654450e-01,5.753311346415531657e-01,3.866124539184385978e-02,7.900392305891630607e-02,1.104678461676728979e-01,6.515521780967887810e-01,1.406114875273176135e-01,9.236825795423919683e-01,1.439441836178838828e-02,5.786417563413188275e-02,2.576678426903470376e-01,1.416138964866495891e-03,7.636206741878527604e-02,6.141271603436613269e-01
9.819119421092882272e-01,9.747346769831801705e-01,3.833692043531883309e-01,5.516373386613490082e-01,7.991402708605179761e-01,7.471829847013709003e-01,2.024723045088815954e-01,1.110708979956196857e-01,3.890828621733212755e-01,5.369878394885053696e-01,5.868010696807672844e-01,5.573415985289615904e-01,4.831775570291059752e-01,3.913081902173541904e-01,6.878950324206888345e-01,9.202679432284057714e-01,6.872726617130007210e-01,8.280873434713645898e-01
9.675450840671446784e-01,2.253538425000827794e-01,5.116811438336846818e-01,6.539074748473890919e-01,1.479465008002194340e-02,2.435060643161901517e-02,3.221622342739551836e-01,3.549623943995820485e-01,3.532088141655953528e-01,4.002872140656832944e-01,6.265657105986652819e-01,2.926959640989756917e-01,2.846256202355594289e-01,2.560411666730444957e-01,1.558969116970979063e-01,7.134392513801920410e-01,3.242134170044148611e-01,2.793047788521165753e-01
9.885155268269023576e-01,8.614841769020373796e-01,8.568687420690292988e-01,8.701213094077610011e-01,1.417517280149127590e-01,1.339416018214917570e-01,1.407309924832790271e-01,3.465336987948712255e-01,1.782108358298998552e-01,1.463287473843542519e-01,4.201631113600391432e-01,5.161107772073491029e-01,5.021096970185747743e-01,1.673611797813709112e-01,1.932023488818377377e-01,5.582122859809466459e-02,3.156075569516863522e-01,6.361981536083376465e-01
9.534237504808805719e-01,8.547414150046831471e-01,1.640631261420507359e-01,2.786721221631446310e-01,7.921844250958005595e-01,3.858136617455810990e-02,2.440739972816117764e-01,2.599605449340897101e-01,3.066574967017323683e-01,7.731724584050451154e-01,8.610112103450255905e-01,1.857403398909635850e-01,1.555486353659015220e-01,2.001510295483961144e-01,6.216357658348119486e-01,2.583653312939744318e-01,2.546652962525305375e-01,3.346894464579860951e-01
9.632446491296369206e-01,2.959544114517280722e-01,1.816819133418778598e-01,7.857655514633065108e-01,8.080177856430693639e-01,2.789782485507383281e-01,6.581743159781885399e-01,1.400980601556462701e-01,2.539921047798838344e-02,2.410527141377881433e-01,6.413516396133061015e-01,3.483567176777545571e-01,2.935915422466223723e-01,4.348798356474493226e-03,5.390953840943751157e-02,7.383475243789167086e-02,2.001486617800058154e-01,5.166459039917262741e-01
9.707795469901367991e-01,8.158057926009909533e-01,2.734532558027219507e-01,1.860647876253425093e-01,2.137867911929570985e-01,5.889837460485388698e-01,6.073847676753030278e-01,5.569897738689331135e-01,3.688552336144805821e-01,3.745775109005818337e-01,6.534340493677198713e-01,3.610913667993617682e-01,4.752279892067951539e-01,3.736408895285241449e-01,4.184159799559075688e-01,2.370404130797834907e-01,2.681036093234736017e-01,8.282768489755294450e-01
9.372060941749340568e-01,6.767579280623683413e-01,8.059303854064117090e-01,7.334974181548512551e-01,4.403488784586913618e-01,1.627878413400715429e-01,2.054411673435788468e-02,4.318842326179337943e-01,4.309318502747808144e-01,4.269486796176586441e-01,5.059012204433706028e-01,6.414125814372087508e-02,3.040827752547431775e-02,9.239009371326036002e-02,5.498383650461625971e-02,2.295542943065298491e-01,4.968447222838974220e-01,3.926222764060380843e-01
9.608462282910217311e-01,8.104841665599269440e-01,6.352811219079681493e-01,6.932701021044670453e-01,7.136793997082231389e-01,4.739397326462430060e-01,4.147177840561804274e-01,7.416543026161604990e-01,5.029215805173316012e-01,5.648266318464177926e-01,8.170429381670475388e-01,5.280266447515360451e-01,7.963527301553633420e-01,6.986549802780846891e-03,7.875802677686327691e-01,5.989040373619789470e-01,7.382784591620181747e-01,7.810599847207778668e-01
9.803088533634755075e-01,3.832131084443946567e-01,6.534721087915095206e-01,2.814496175983259227e-02,5.254896459751016990e-02,1.314304486231717972e-01,2.112216299384716278e-01,8.303987565298052154e-01,6.480288091210663071e-01,4.727532051861605966e-01,1.842623340107514551e-01,1.746842339540224665e-01,2.433508661525708994e-01,4.733949017107750290e-01,2.436573440370995713e-01,4.342723967922658135e-01,1.600669738323080155e-02,5.836475037967677748e-01
9.790807647280334036e-01,9.385940567467461193e-01,9.378937182650521898e-01,1.778964618596264868e-01,4.574334586027010707e-01,2.376384547737990516e-01,4.497754435723660960e-01,3.545550383894617297e-01,5.366074266265531412e-01,2.670361114935098090e-01,4.988041255129575524e-01,1.305934974552002692e-01,6.747885898726171394e-01,2.737620013206334413e-01,1.310013302159285242e-01,1.382680385638787070e-02,6.542359315488613936e-01,4.561929661372752798e-01
9.803921261689809707e-01,1.216592104748216163e-01,1.371725996489694677e-01,1.193074922788184451e-02,6.982120481009364277e-02,4.722568152825710186e-01,1.603263007135458107e-01,1.792171818517110105e-01,6.268619030895193900e-01,2.975902895333105702e-01,5.241854037705164782e-01,1.379291374635627787e-01,2.308820209516531663e-01,5.940754868918495246e-01,8.943549208757157754e-01,5.816838791765005512e-01,8.018436831781280416e-01,5.552076822054338168e-01
9.819499966103286681e-01,9.565300123301038182e-01,3.849455077980644124e-01,2.500580778939699433e-01,1.352670139497452462e-01,3.451951320126855904e-01,3.057351147985287176e-01,5.974072725066010836e-01,2.261010736264817966e-02,9.546448755923171714e-02,8.747527123870821320e-02,2.059472761384370521e-01,8.189972653497836763e-01,3.389955886756717551e-01,4.122201981007413973e-01,3.985991891802488918e-01,7.251562849209410855e-01,9.161347658018402784e-01
9.761230334265206254e-01,6.076127163816597010e-01,3.995390187459056941e-01,2.158776273590703731e-01,5.070173949617218234e-01,7.564246910760701326e-01,5.801870256683963056e-01,4.861627123211449408e-01,2.365502865416204969e-01,3.523964876330528684e-01,1.394889518173778875e-01,2.839958760238401117e-02,3.358184266991410816e-01,1.783714413154932343e-01,8.142266339220318727e-01,3.588357932704099307e-01,6.062706439466779562e-01,9.051207729888101072e-01
9.221264131213984250e-01,2.876392500538688113e-01,1.552804970834676668e-01,5.514216400821642106e-01,8.692090774716458856e-01,8.775260981826661366e-01,9.965117469038604903e-02,9.206455742717947754e-02,2.088363072881128102e-01,4.069198091234885739e-01,2.625929767411817606e-01,1.230743989652850062e-01,3.966965160235450677e-02,2.921833074937458807e-01,7.733304261429252424e-01,2.984522160791533429e-01,2.734912479914857752e-01,5.081188154362408643e-02
9.842772549197447152e-01,9.476829161595992090e-01,9.649062977650741946e-01,6.722330258120671198e-01,5.118795968578412348e-01,2.844979264301666921e-01,6.350774345079125693e-02,2.509709057909811913e-01,4.170683820162687794e-02,7.195185421672378734e-01,5.895437175448084988e-01,2.553214186458182544e-01,7.952221086896853475e-01,5.975069861989658060e-01,3.862456458135636872e-01,1.943305070511625321e-01,1.320362037996518911e-01,9.870541261175104497e-02
9.721968918973810103e-01,1.931129248155045719e-01,6.565710063401221375e-02,1.621984541768586585e-01,5.201626816203510639e-01,7.728288386079921191e-01,5.143122770858858939e-01,3.540028789000541076e-01,7.285147534369421640e-01,2.029589894597813304e-01,1.514232619134166513e-01,7.784703159258414829e-01,6.241338380168248712e-01,2.950989937226679641e-02,6.125565335705808190e-01,2.791345467481324283e-01,3.369878397340054232e-01,3.740592412485675977e-01
9.211816643008067240e-01,4.140381762842270108e-01,2.446812905128330218e-01,4.804615903184200620e-01,6.711912671950436282e-01,6.292996562670600813e-01,3.439417478643478909e-01,7.474111578229050146e-01,3.535064084130430384e-01,6.184262737737411531e-01,4.098115546368708006e-01,5.376389586782043262e-02,7.403073380375927437e-01,4.883927242529267354e-01,7.590024937847211772e-01,2.505853185254173776e-01,9.310008672832835452e-02,6.756092395987233212e-01
9.783105846960801211e-01,4.953447230734230322e-01,6.601524386980338610e-01,2.519575749450226332e-01,4.573019264228224134e-01,4.138464910742380987e-01,2.880080769500613647e-01,3.874686176760527845e-01,9.733250755989489300e-02,3.248830457486957535e-01,1.087265480761374081e-01,4.240005698664691680e-01,6.819187538014022110e-01,5.720097412488931443e-01,7.322636479960923372e-01,3.863537193888371135e-01,3.619810830343072050e-01,5.475784505911158728e-01
9.704713502241328893e-01,7.156905164801409258e-01,3.448287441322538394e-01,4.073290556465678502e-01,5.652182734433641720e-01,5.490308007256128331e-02,1.484199821053656110e-01,5.195668696118077579e-01,5.934748670898203349e-01,4.363143790020976853e-01,5.933860759108829930e-01,5.176572911191980042e-01,8.498234200626612056e-01,6.545191886378970425e-02,7.204124975811271314e-01,6.140512134075165607e-01,7.767347086773165321e-01,7.692505259703633635e-01
9.494911682159913324e-01,1.841092611667631274e-01,7.569537273229615115e-02,1.116322479458244088e-01,2.813093567747513846e-01,4.017747141408529177e-01,6.177802467313759927e-01,7.403170720481251355e-01,7.980738476835861350e-01,5.389062114951469473e-01,5.096593439728686059e-01,6.524477400921560033e-01,2.218124129580751613e-01,1.424450668597675163e-01,1.553659734083028543e-01,5.421002228575557691e-01,8.392230851070391351e-01,6.680116651284001561e-01
9.595063461531110338e-01,8.292603565804030907e-01,7.567801766384811835e-01,6.306081311329350125e-01,1.567063144343998349e-01,4.414849683645324929e-01,3.977627963577982095e-01,1.274559706825167393e-01,1.026142353317383155e-01,6.619588066706316720e-01,1.176696441422810241e-01,3.418236870799935545e-01,1.011505410135427191e-01,6.041209346958004850e-02,5.564752362405491759e-01,1.429582503719297459e-01,3.658250148350731812e-01,1.633493596720045626e-01
9.536546453222441988e-01,8.973159556939859227e-01,5.993905213754388006e-01,6.502472761429050063e-01,4.665464825844498620e-01,6.533126487990629228e-01,7.199966227566042543e-01,2.672636134335344971e-01,3.657497498220926846e-01,2.186438688386380114e-01,3.251560812796920330e-01,6.326612441305989876e-01,4.403236086212444778e-01,1.415344158409148900e-01,4.422048496589414679e-02,4.474219211014960895e-01,4.358932061745875441e-01,9.418043100682241819e-01
9.252208171070738230e-01,8.004590457570509576e-01,8.300819789363724777e-01,2.617594636508639994e-01,6.139331228108080990e-02,3.008527416458446901e-01,5.553781402537512069e-01,3.705682608383793070e-02,6.486796628249110741e-01,6.054570671105071744e-01,3.692423440485782526e-01,2.244112568407193864e-01,5.112461316840803960e-01,7.225560997327137303e-01,8.604563098701010215e-01,4.241670773973956199e-01,6.080198142404208417e-01,7.648963199604202901e-01
9.711042042845371425e-01,5.967748269992816379e-01,5.086065614661831047e-01,3.585014104605553364e-01,3.951442219776024611e-01,5.372167398457718956e-01,4.962374784765757885e-01,2.303935375472707936e-01,5.526035027353012330e-01,3.826810397105165351e-02,3.624684516740239726e-01,2.429332976963009122e-02,1.924945665432094000e-01,3.426534202946922014e-01,3.205171858482830372e-01,8.757558791541422138e-01,5.601491864693074196e-02,9.127767904703056878e-01
9.753810667390875322e-01,5.546513811954594253e-01,5.439649337882815905e-01,8.426179902558037504e-01,8.112237633817819260e-01,8.492109274524958229e-01,1.503490418523104055e-01,6.963191616596484668e-01,1.049005472896472613e-01,3.302050101863396314e-01,4.908869804711738505e-01,5.883339325308539758e-01,5.440700083124031528e-01,4.380584086311634096e-01,5.029187343704990543e-01,5.085679763623536243e-01,4.116003083668126616e-01,8.597207342813545372e-01
9.665431198134019075e-01,4.282380929341652598e-01,6.057200421219011144e-01,1.274677075775692281e-01,7.291804632076521742e-01,2.670455187760760185e-01,1.971380144006684432e-01,1.506603661413334072e-01,1.512976312844425686e-01,8.391749346802357401e-01,7.062521255128236808e-01,7.421063876257052438e-01,1.486034592844172331e-01,1.395743560355311441e-01,2.736044786695485120e-01,6.276465229517700362e-01,1.180858482235885021e-01,5.751262963314157650e-01
9.798488746612639133e-01,2.429845898920264188e-02,3.854857126702016662e-02,1.619372154044665113e-01,8.366573318062267006e-01,7.708980333170430965e-01,5.139251666895262582e-01,8.296299179715569405e-01,6.422273333851505894e-01,7.695491017043912807e-01,6.092364558266094576e-01,6.645710675168106096e-01,3.073933708209429169e-02,8.532486128029966033e-02,8.320815299869599446e-02,9.451887015326630725e-02,7.650342414174418071e-01,7.351509664946637157e-01
9.521152254326926689e-01,5.621352328602957638e-01,1.333550937116460833e-01,5.571164398629996350e-01,1.978632886415095105e-01,4.215113489404380132e-01,4.817490532347760701e-01,2.204658441455592532e-01,3.207854347052289667e-01,2.177997150750476951e-01,5.233027044295397445e-01,4.243186885310682582e-02,3.256745360724347393e-01,4.188033372075067318e-01,6.075532211371970082e-01,2.339132991489299429e-01,2.257003210308038410e-01,2.124750062237295289e-01
9.651164949961363870e-01,7.341940468126774144e-01,8.293823903296658751e-01,7.642880408218849508e-01,9.246383082033583500e-01,6.166151668718036216e-01,4.059407746754342128e-01,5.329825629720080782e-01,6.954241642735027318e-01,7.113817127755467373e-01,7.872192334657234225e-01,2.707580873411568056e-01,4.401241184163385278e-01,3.425874945240896530e-01,1.032920714338546042e-01,3.706779454538434992e-02,5.907473881091129808e-01,3.295452322810259460e-01
9.875171190697057400e-01,5.964518190871335168e-01,6.945385165716813081e-01,8.477628818780620357e-01,7.250787185922984435e-01,1.919298838259165529e-01,5.666286131195997777e-01,9.652564266459065512e-02,1.710644689868961177e-01,2.052598979149865555e-01,3.714548160804964083e-01,2.804474239053690865e-01,5.100356349730913452e-01,1.051059284719140369e-01,7.038102462186569541e-01,4.533843235525470416e-01,4.070792397027391263e-01,9.161991762955458141e-01
9.777286744900862692e-01,8.674057711884608501e-01,4.791055125041371876e-01,3.898351227360979943e-01,1.386975825752290170e-01,5.247264932404140103e-02,5.459382220273212294e-01,3.096567464223769495e-01,5.007331826251341100e-01,7.851963128662421409e-01,3.579673736255600813e-01,1.205907859033339691e-01,6.227161123520520425e-01,4.041909294198095526e-01,6.301113993696101367e-01,4.219337116974264390e-01,4.818433498269922288e-01,2.663574668157568381e-01
9.488242704514462389e-01,9.099411139751174549e-01,2.966281529049935028e-01,3.493797582188328255e-01,5.140344794547495599e-01,6.595941273086711742e-01,1.278796954964803723e-01,2.854459285330657181e-01,3.739746189127957643e-01,2.344254190530850879e-01,7.233523466836748739e-01,2.864287061810705248e-01,6.764702847765406979e-01,3.582373352910094289e-01,8.113507274518109158e-01,5.433909031681741775e-01,2.060563920528686033e-01,5.005221967001003414e-01
9.434039382463629275e-01,9.352681926366150922e-01,8.845682655779133485e-01,8.035682078776879012e-01,1.814101868495380243e-01,2.981017894544695790e-01,5.636932203855301582e-01,5.399732015118184902e-01,3.808252838369330373e-01,4.729296381486993717e-01,1.675550827157665790e-01,7.566789404167110211e-01,4.603074986256067702e-01,2.296412613347588103e-02,1.251192659085576253e-01,2.341802068161891737e-01,5.319353557791132170e-01,8.637367288570990675e-01
9.893278562383015506e-01,8.869980394601630902e-01,8.484393684995625851e-01,4.463827916131645757e-01,4.195906742125753430e-01,4.682062225447183174e-02,1.611369394628251461e-01,4.306061141073506127e-01,6.221342672531030571e-01,5.411932449539935686e-01,7.263592504058137278e-01,5.554291380890074015e-01,7.253602962305918389e-01,6.226438841205356178e-01,5.179571842163248618e-01,5.212763534418182187e-01,9.444288395251727863e-02,3.763225625461170121e-01
9.635081737121626855e-01,1.451310872873637636e-01,4.939328714006973042e-01,3.481726650809854884e-01,2.090464755767200700e-01,3.483378566566241452e-01,6.754104533342356609e-01,5.609389427568904907e-01,5.013250864129774609e-01,2.451273352995913257e-01,6.907924326196447362e-01,5.695872776189625508e-01,1.911736320814204915e-01,4.014965456728868398e-01,4.256360015864664448e-02,6.215988397236081875e-01,8.759238232199053620e-01,8.422277789570351558e-01
9.839242192964522404e-01,7.005599238646686988e-01,5.762322563699239231e-01,8.725640566311300139e-01,2.621457771387445401e-01,3.598982219622948175e-01,5.450763832550978849e-01,3.270908462556381541e-02,3.328669546886144359e-01,6.590386336873693685e-01,4.668030819546444832e-01,3.228521564608516914e-01,4.899314779492653926e-01,5.373216900868162116e-02,6.589225103998224142e-01,4.402138832595758333e-01,2.845465141140955390e-01,5.709965961821278357e-01
9.905547238550349576e-01,6.065887339733779804e-01,3.187954345446958881e-01,4.760339293852871023e-01,2.685133274032051598e-01,3.971812931441701666e-01,3.026041775268890621e-01,3.826074613218626297e-01,1.179302545420901210e-01,3.592584329395689946e-01,4.198085283286150937e-01,5.714726248612967963e-01,7.102590636084596953e-01,4.829901785079744880e-01,1.772214441457898304e-01,4.949154352380942812e-01,4.894949992482882650e-01,6.618104123713770548e-01
9.287845846024278540e-01,6.873952824136498885e-01,8.141884191060039244e-01,8.440878105500668749e-01,4.691369762722671921e-01,2.358768969761080442e-02,1.305094002968628687e-02,6.071664907880950368e-01,6.207554123845782090e-01,6.632611976190672110e-01,6.867831960228487631e-01,4.098372259692084074e-01,6.271770249916484019e-01,1.093162674426389064e-01,6.126314849724614348e-02,3.783869967987347205e-01,7.334792297797401717e-02,2.705535492811994014e-01
9.880129922983604818e-01,7.757263356130355003e-01,7.772832436855052762e-01,2.389277967634524935e-01,5.018634957567617016e-01,3.430860538869427989e-01,3.802871199480559877e-02,6.943323412984614418e-01,8.356277077446537527e-02,6.543476125471362481e-01,8.188483754100014944e-02,6.381583533165631483e-02,5.891783378531573190e-01,4.582249853010037510e-01,4.748999642911147512e-01,2.945268991258448987e-01,2.279341957185320733e-01,2.285295101338131740e-01
9.703906702876848867e-01,3.577023026688496143e-01,5.066846970939173911e-01,4.821952100521426643e-01,6.521421410658417850e-01,5.709369911725287183e-01,8.085413016323106383e-01,7.105113108108405129e-01,7.919470921980195088e-01,7.525378634142863010e-01,7.648701806126061431e-01,4.741210987307384328e-01,2.413555731578115315e-01,2.963499977677617747e-01,4.036368613006059008e-02,2.513699491162929012e-01,1.163483561238563314e-02,3.911530432379013433e-01
9.785877026481579755e-01,7.272592575934914150e-01,7.521117416980069859e-01,7.024104584027798248e-01,8.216361072490678819e-01,5.829240681596417062e-01,6.099182529081019766e-01,8.050284041382941291e-01,9.661092765055155629e-02,4.575663689757656916e-01,1.365262507669285086e-01,4.782335393030490711e-01,5.218193403624008520e-01,4.696516286948588803e-01,3.373488738679197296e-01,4.741054760782948962e-01,4.749238415390971135e-01,4.497334211158054429e-01
9.910048200515858552e-01,9.558295444869906454e-01,8.470441247583418987e-01,1.087236365640694979e-01,5.001266266256412241e-01,4.108439213333359707e-01,3.591201727546158851e-01,4.764859280795557539e-01,4.081483852707216697e-01,9.357277481567179145e-02,3.449002821907268257e-01,3.414750124998134351e-01,4.458690030113298675e-01,3.537900282843809419e-01,3.889598602271225891e-01,3.994481463633255403e-01,7.551419611015205424e-01,2.366733435880738201e-01
9.504510808766669649e-01,1.609989720796205226e-01,4.533649371398908445e-01,1.030116317624434064e-01,3.206529095761097570e-01,4.438257861547764693e-01,2.415463478295166444e-01,8.278204331729444032e-01,4.709583882186736958e-01,2.189277751114390713e-01,2.158229185293221719e-01,5.428968259318998069e-01,6.761480121360726736e-01,2.949148414868827395e-01,4.725481866299753864e-01,1.764095943024699686e-01,1.393605626099664145e-02,7.508606487018925080e-01
9.874511704944221036e-01,8.727890645948539472e-01,8.362127265752661298e-01,8.359552621368790959e-01,1.421989384559636804e-01,3.487784758941542967e-02,5.525104522853822864e-02,2.011141620076817293e-01,2.254666151570362265e-01,8.190312234582440842e-01,7.459452601114910930e-01,5.509176287573922526e-01,6.202142681990032713e-01,1.776825381874785337e-01,2.346976463578184235e-01,6.096473409385709807e-01,2.131440909341200118e-01,6.611631057614481000e-01
9.860821048363148655e-01,4.837410824158561717e-01,2.681944057406505100e-01,8.386465072832002265e-01,3.725708423588910967e-02,3.736909546769916907e-02,4.122685367559714709e-01,3.529375472189742041e-02,2.961746622924923966e-02,7.674966621979381065e-01,7.477348723349850346e-01,2.967483690856704270e-01,4.014312534579949077e-01,1.106950777036624645e-01,1.766697172423372653e-01,5.045753010475599598e-03,7.654138692166821967e-01,2.096630908055480413e-01
9.410059855090638914e-01,6.851524749436675998e-01,4.397315639060952464e-01,6.485519893835843819e-01,5.498841638737413939e-01,7.657431105727171561e-01,6.105962419077817227e-01,3.698446633612663681e-01,1.810236616316476532e-01,2.184068949773186330e-01,1.804971656643897804e-01,1.914422858459693400e-01,3.321041855015516298e-01,3.509652583809331761e-01,3.884673262700902296e-02,6.014217386966685952e-01,1.091330143039973416e-01,5.315049876680266738e-01
9.833901225863490581e-01,6.805084129853886665e-01,4.137913808624157364e-01,3.001680002506968981e-01,1.912006287555252093e-01,2.492741430669123959e-01,1.054632088857496847e-01,2.807227893939816532e-01,1.734356811049455882e-01,6.335705859516492788e-01,1.936176809298505164e-01,2.345208553442894861e-01,5.416470930306802600e-01,5.240032462452948181e-01,5.305088342138452040e-01,1.659865355282335586e-01,1.526938577560453814e-01,1.282990289808412232e-01
9.716624125610281437e-01,6.108870368311400956e-01,1.429910879936343443e-02,2.640046545714146431e-01,5.758980134741469720e-02,4.916424527869511230e-01,1.742089683053674454e-01,1.608339570613542546e-01,7.768590311386874836e-01,3.864872671344212751e-01,6.785116961243032874e-01,7.104797741591516447e-01,7.615886979728360151e-01,6.054428321880405139e-01,5.272498712307911450e-01,1.384754580182963046e-01,3.771545028503371644e-02,9.405115814316421519e-01
9.682684296727761541e-01,2.855507295835800208e-01,5.188960250404914820e-01,7.160954181947374320e-01,5.123526602152042031e-01,6.514718169213178367e-01,3.475461922204311493e-01,3.100244498589246334e-01,2.627662895734478310e-01,2.229753083411152859e-01,2.382705558139024404e-01,1.671583828334034516e-01,2.650269070579975295e-01,3.877198270116983814e-01,4.134119108085020367e-01,1.265134812168556555e-01,4.640945074677186866e-01,5.580970359629651156e-01
9.701744004709315083e-01,8.211100156462011190e-01,2.822258561676649347e-01,3.457325516609361937e-01,4.644526944321393236e-01,2.460036296352858254e-01,6.019098114548904199e-01,7.710306795092619625e-02,3.361937507411945081e-01,2.497972752808819696e-01,2.599356557014628200e-01,3.446093180447696303e-01,1.604705268371016680e-01,1.761102367266111912e-01,7.714659114412290020e-01,5.991044333149334600e-01,7.414221343950124776e-01,9.518724718848745603e-01
9.392182873175620728e-01,1.179179701486187531e-01,3.291846943664510361e-01,6.095961134155711975e-02,8.142665492415266382e-01,6.073107911034818507e-01,5.794650569596451195e-01,2.421860850097284357e-01,7.208264608387965344e-01,6.483150958850549817e-01,7.987956461565485222e-01,8.943155402308571311e-01,6.270852526488229772e-01,5.111268762863695470e-01,2.813168292460021536e-01,3.929113410096713999e-01,5.687231454617515114e-01,6.880930633324326973e-01
9.819266932651210533e-01,9.463542115944225674e-01,3.620425068249701894e-01,3.420876823853605808e-01,3.087599565607357932e-01,7.194907420715335178e-01,4.831752562015858010e-01,4.132385180433103544e-01,6.613483285733552375e-01,3.585580828462296976e-01,3.574881302552201379e-01,5.088895373833939306e-01,4.686420496968127791e-01,3.021036481646018901e-01,9.861825527218677501e-02,4.847354017987987040e-01,3.082409759956344364e-01,2.615931664302178494e-01
9.704431230597961866e-01,1.831832167282019252e-01,4.333342341831500355e-01,6.472255287476716967e-01,4.546335671275848478e-01,7.234135639991128297e-01,4.652770733397659786e-01,1.473458883433995947e-01,2.068896359834720630e-02,6.835204846361057074e-01,7.344761165579358764e-01,1.087588267211081483e-02,6.982090611471719610e-02,1.605199203435016542e-01,1.850902650834048519e-03,7.706840180162145837e-02,2.942050427861900297e-03,3.755658224311179683e-01
9.535789708560045153e-01,5.828817328185521562e-01,6.734827993292898107e-02,1.380559192872439223e-01,4.476412639234367274e-01,2.066060825621835739e-01,5.266373393678944748e-01,5.850646880548772133e-01,3.748150460842712417e-01,7.746156788486346922e-01,9.855156995204297776e-03,6.400815903593227718e-01,1.025712585122322551e-01,3.849805187097617987e-01,6.933400226241286379e-01,1.673209700944509049e-01,3.910222267825473330e-01,5.193810245286459848e-01
9.386663934380451435e-01,6.408150627093098795e-01,3.870841807889381370e-01,6.515368192067166886e-01,1.816128468000801077e-01,6.025879240644247403e-01,4.959581490289911576e-01,2.712613648865578875e-01,4.563534179661359741e-03,1.654361651678461220e-01,3.935178254018977806e-01,2.128825696507599674e-02,1.884328770360660724e-02,5.354689192062627168e-01,6.124015511679670176e-01,1.311680765845732975e-02,4.301915849416282911e-01,1.268071708930307018e-01
9.859961329048066991e-01,8.414844899814527546e-01,5.838642027551013136e-01,6.899195245562894652e-01,5.098155216240136678e-01,5.182356601123793149e-01,5.670211463783446648e-01,5.005552848564913671e-01,9.077324895018132889e-01,6.842090402055820419e-01,3.921411062564681971e-01,4.669636208749425310e-01,2.302069563531632390e-01,5.674638334534213291e-01,6.494173246873873317e-01,1.739459527021116059e-01,8.317128750434171769e-02,7.177213087307030559e-01
9.788696646634740262e-01,8.738015341216760490e-01,6.014774999925699417e-01,4.036411149244976682e-01,4.463491327621811333e-01,3.608067409415994797e-01,4.477705066826023206e-01,3.877538838808560623e-02,1.806129545755750521e-01,6.289025591963077755e-01,7.560405327943516829e-01,6.607720684949405232e-01,7.097455605259793687e-01,3.798691068860568509e-01,6.069128062785453803e-01,5.912897653805988529e-01,6.189241517606902665e-01,6.026525896766761203e-01
9.808949536248550150e-01,8.137702394950868667e-01,7.983294462955914383e-01,6.856514240185067610e-01,8.271790229657027815e-01,4.792223031793709787e-01,2.083451780563846945e-01,7.506406189649621474e-01,3.548992037929777354e-01,3.942946743555842404e-01,3.151751669308085479e-01,9.826558244790416230e-02,1.498572385071732238e-01,1.890464215033275941e-01,6.568189266948650795e-01,7.127657732492669040e-02,6.048548907270826121e-03,8.869271680026898919e-01
9.384008002739026022e-01,8.957632621116623506e-01,7.371704182507422543e-01,2.445628683983632479e-01,5.698899840421574048e-01,1.018195286932981891e-01,6.294488354483532833e-01,1.958535568372145319e-01,8.242901916353416458e-02,4.692752405727434462e-01,5.906968569120075729e-01,2.899194351030360758e-02,1.028280579977279147e-01,2.811839564104602340e-01,1.929718640868644808e-01,1.994301087250856253e-01,5.808650899395997325e-01,6.651093259294466042e-01
9.728648692887116312e-01,5.483811805175636822e-01,2.672839073000222165e-01,6.538281745735902151e-01,5.679893427970030828e-01,6.854414625394574800e-01,4.540627487695846898e-01,6.521627205635094349e-01,2.928897991491105635e-01,7.423313957184848322e-01,2.686049239343067940e-01,4.056857594368322717e-01,1.243412492959179994e-01,8.358795562619352609e-03,4.350722750497166835e-01,4.692463612832834668e-02,4.774605790235006419e-01,4.943600130459436248e-01
9.754625112167066847e-01,9.203735394447377649e-01,8.386362207564879157e-01,4.482723190277366765e-01,1.604075964210641136e-01,4.336508668391310106e-01,2.756815834542048482e-01,5.049591328649276623e-01,3.994371216338438724e-01,7.931947691008834900e-01,6.358748031860800287e-01,3.656430134060624504e-02,2.881123588841660310e-01,1.518994964216598131e-01,5.613706026051497044e-01,8.953018641535449851e-02,4.270870012638700725e-02,3.830231703929604659e-01
9.860231264955949815e-01,8.887078990015304658e-01,6.605489501818391229e-01,1.555647239622925393e-01,6.471588635178991966e-01,2.059436917751598928e-02,4.365219923604063967e-01,3.012841219866729814e-01,4.287028249072962760e-01,1.792257770712191167e-02,1.145117819964646538e-01,3.445354923136562664e-01,1.232696614672301044e-01,1.975117586372304723e-01,4.851533610676441732e-01,5.855545103589481215e-01,6.402727808358675554e-02,8.572340608605144574e-01
9.405385158235953780e-01,8.713975142842534938e-01,7.352822890467130001e-01,7.556947756352974110e-01,8.915990637675752506e-02,1.513010713969801524e-01,1.203962843096307023e-01,3.227876744813313326e-01,1.806089391603069583e-01,9.582617015114683334e-02,2.185830186694211474e-01,4.240388978532920183e-01,9.345583294041664990e-02,1.980578607587986928e-01,9.632421301292369564e-02,1.073420543639638514e-01,6.454670808502399604e-01,8.069829595666463407e-01
9.826862275383387857e-01,2.523678845030748463e-01,2.937331032478899262e-01,5.952175292567034592e-01,4.074522309805328479e-01,8.500410596420913123e-01,1.726885763130150270e-02,2.225886167692873729e-01,3.571378429934604637e-01,7.116637589318509649e-01,1.242502535171995659e-01,2.722683278575661198e-02,3.704516124288022988e-02,3.937836912192446692e-01,9.390092224579578151e-01,5.237132900400442992e-01,7.526883935973260886e-01,4.364511675986956218e-01
9.447563266463061549e-01,8.030734826979506469e-01,6.535596071478251279e-01,6.060559463086682142e-01,5.396487912959641031e-01,8.014159867275248983e-01,2.097906401587106007e-01,1.850276454229446976e-01,4.019059080059401157e-01,1.202331094256622046e-01,1.463477355704189686e-01,7.666132251535898168e-02,3.149330734890994354e-01,3.836218740869696830e-01,7.952137657704174689e-01,8.258541204895323284e-01,8.465600521484074603e-01,8.753398497396630562e-01
9.873025712200635962e-01,8.479405204907423110e-01,9.404990456784223518e-01,8.395433624159683861e-01,2.301110367681845903e-01,1.633107119255621520e-01,5.129823229681558239e-01,2.582043189818516438e-01,3.630922525884867913e-02,2.277305240885762749e-01,3.008585977621644134e-02,2.938111408500089228e-01,1.938355906498770431e-01,2.698178328012418858e-01,2.369435309673931511e-01,3.238994570095771186e-01,4.797687236760033169e-01,5.293118162420711315e-01
9.857438076590393505e-01,8.208579415619449149e-01,4.702629031190715403e-01,6.382110582647272379e-01,7.167675699985712745e-01,2.667279423115952453e-01,4.368206062036529280e-01,2.885788874516549973e-01,1.982611885139582697e-01,1.238661731416825229e-01,7.746964126899094638e-02,4.252603390723751486e-01,5.248372236676580593e-01,2.055897015061322330e-01,8.881313028911801410e-01,5.979735862941180091e-01,1.871018126047707397e-01,3.140915697326012723e-01
9.935767245980974272e-01,8.983907559029943313e-01,9.162470816292230813e-01,7.723395843202004452e-01,7.725548701163371668e-01,7.768323677628994339e-01,4.101662686363636290e-01,2.206739097856753318e-01,1.547467193527738705e-01,4.160577375236133024e-01,3.651297768648325004e-01,1.158650962745696317e-01,5.003783450001848543e-01,3.727858585998118923e-01,4.361977854606830518e-01,6.376260823914684517e-01,7.552012346914850349e-01,8.054253977661605113e-01
9.661218764997290265e-01,3.924076575202293804e-01,9.270777410885062964e-02,6.967574582522676474e-01,5.053792896946316393e-01,8.860833585280263325e-01,4.330481974237582743e-01,1.952656222570528788e-01,1.767436694591267288e-01,2.898532213374772071e-01,3.567465892360900948e-01,6.156060921345740677e-01,5.076261531704915342e-01,4.666196605925682084e-01,1.252537361328828758e-02,4.404942857435451553e-01,5.081620417484475905e-01,6.615632825841699649e-01
9.529277419692974149e-01,4.938858467866172330e-01,3.079115530507273713e-01,4.089549752710369690e-01,2.601746256755266828e-01,1.401658914609020257e-01,7.141523447946955816e-01,6.725616005833270350e-01,4.007759033780199931e-01,1.309971964230561559e-01,1.259216849933278703e-01,6.802104207240070033e-02,1.456603344606974826e-01,3.239857503790959381e-01,7.337228841475494923e-01,6.307462100716589859e-01,2.542625896404195895e-01,3.059587286763352787e-01
9.854871823825579469e-01,8.297786256722522458e-01,3.130406569077137657e-01,6.088312333718429725e-01,6.568392439482880762e-01,4.291262678132777841e-01,2.771240741539374164e-01,1.751371838252259450e-01,2.325919095668595449e-01,4.329519655308297632e-01,4.317057533627392529e-01,2.380248532453330124e-01,2.243718504285858173e-01,4.183355886978665783e-01,6.122052340674375426e-01,2.226592197300386045e-01,6.099493223272695053e-01,5.640693131477610978e-01
9.819184161778252706e-01,8.602155700621372247e-01,8.472052153454341372e-01,7.115930634973606228e-01,8.727205558534977259e-01,6.675774547775830126e-01,3.746755171213228541e-01,2.046201755506621422e-02,3.315030688235903744e-01,2.749084449539880848e-01,4.769276212653784652e-01,6.779648756650508146e-01,6.060676932477985224e-01,1.237370835220614612e-01,1.669140609007171150e-01,3.535561051629302343e-01,3.605047087815074214e-01,6.650047130956510122e-01
8.877431143973745220e-01,7.461955152989071527e-01,7.521138652556934590e-01,6.086616510332418795e-01,5.796953534851229106e-01,6.232940925285761491e-01,1.860732721130486655e-01,3.536719323762190226e-01,4.718929316746232061e-01,4.301465612985549969e-01,1.418242783356079562e-01,2.805385238693777761e-01,4.261480837063844618e-01,6.123379574759634653e-02,2.054330051062017160e-01,1.059943972317325678e-01,6.568561493673595875e-01,6.813799852097313092e-01
9.891526225601421363e-01,9.030878486250012993e-02,7.680766984024335609e-02,3.372223808319702587e-01,6.595017606002983035e-01,8.268849325129576933e-01,1.930606796502445377e-01,4.294386803997096713e-01,1.420447986067734369e-01,2.384676090012851357e-01,3.475917916341956793e-01,8.636623013239880242e-01,8.144299391259084420e-01,2.873126362401884903e-01,6.612337551662694768e-01,1.541507451649335170e-01,4.734101386116373877e-01,6.650882553067736236e-01
9.290287498307578939e-01,2.787605337457882242e-03,6.202265450081551057e-02,7.684601054248501040e-01,6.352843792967021175e-01,5.937906297522490551e-01,7.601227060490163556e-02,3.293830931121636274e-01,1.648411151760155180e-01,6.309287495914488453e-01,6.057686581509968970e-01,2.724468879131974330e-01,6.452160876518139299e-01,1.667815801409302245e-01,4.859037508074674772e-02,2.574280275676212870e-01,1.996901634768824263e-01,5.725998474359916823e-01
9.831187524081194118e-01,9.171252672605616496e-01,9.425754280749834013e-01,5.892556429065144430e-01,4.262333724251289313e-01,3.291603984213803957e-01,2.711033186354870339e-01,4.769103423858401247e-01,3.916340424242578666e-01,5.297684333055815431e-01,5.027099236386270986e-01,2.353849545606236382e-01,5.507119580885482257e-01,8.450282676533280024e-02,1.810696005145690790e-01,1.456206753214692173e-01,3.130191132644797869e-01,6.905853780295460043e-01
9.429384238475306823e-01,3.700903695331274612e-01,5.200370411645374724e-02,5.967857967259826424e-01,5.102442755717415679e-01,2.574643038376341342e-01,5.565406660178172649e-01,4.303065450192345986e-01,2.233501316196492004e-01,3.141835717751012003e-01,4.884084120122053618e-01,4.594015679600909063e-01,2.637738949139929456e-01,1.343559527583575858e-02,7.241889615774961264e-01,4.355477698137546483e-01,2.842438733784927521e-02,2.881502134946472005e-01
9.673560412804754760e-01,8.962398708493132249e-01,9.028788828278230261e-01,2.438611264729246761e-02,2.805434045765070605e-01,6.068527898678138799e-01,5.960510771614326020e-02,2.465367937571776302e-01,6.344468559331015722e-01,1.013785686531813168e-01,7.867337410569448519e-02,6.416985525175143978e-01,9.876343061489473163e-02,1.773360088278416180e-01,6.734926983750153529e-01,6.901389362854366549e-01,6.920374989819018108e-01,7.556293047022750731e-01
9.807747613169411904e-01,4.201120503640312642e-01,5.619077759362470781e-01,6.031382398485616303e-01,5.231322790239173459e-01,6.883399753929075882e-01,3.183854675848269977e-01,4.888106374594698988e-01,7.707493491433706767e-01,1.916884757124707739e-01,4.878074917246890130e-01,4.280092080991276804e-01,7.680184473697033720e-01,2.972011380865569596e-01,2.865536685925187399e-01,2.562080331749753692e-01,4.752115113809782243e-01,5.103720041588162282e-01
9.808894971266391982e-01,9.105731762928441775e-01,8.280219758147225884e-01,1.637278736910715293e-01,9.082686669173203886e-02,8.069182146905098385e-01,9.151299190905211323e-02,4.138220935881007367e-01,1.291306915974116676e-01,9.094507089683488976e-01,5.311766669213353609e-01,4.832219753540209495e-01,6.372159049827431643e-01,4.103683183840474147e-01,4.354786241796357316e-01,5.823513014837663482e-01,5.075432702043036759e-01,8.095835280893125541e-01
9.032514947007975747e-01,8.949823318229056524e-01,7.577078856322798650e-01,1.678129681244528715e-01,9.696788379121861964e-03,7.331966529252126330e-01,3.169835726412892907e-01,2.621230338223844991e-01,5.614659436950093507e-01,4.352588645510143683e-01,3.441349995640306525e-01,1.328680655183950843e-01,5.669787203807374887e-01,4.609045629286408902e-02,6.216975115354443637e-02,4.707917875370556948e-01,6.408658718455328973e-01,8.157178595943982424e-01
9.695464679756661264e-01,1.411036088850406156e-01,5.117147471312813445e-02,6.296053368594544120e-01,5.645119346546847439e-01,6.767607608641938999e-01,1.660865665162918059e-01,2.691099992578921962e-01,3.642005539851773110e-01,7.703551831289822127e-01,4.460806607557273318e-01,4.664167665918754757e-01,5.023515562330598261e-01,6.863442255362834921e-01,5.602402766772508480e-01,2.915517783459595780e-01,5.043279619615370635e-01,7.612162535300115440e-01
9.628586593201229338e-01,9.524011331317119300e-01,6.353752086704164137e-01,7.032240940280125585e-01,1.179926190703160238e-01,6.871393603597365507e-01,2.346163000881459348e-01,1.735232684596801078e-01,5.278419394866495917e-01,3.263480446024026871e-01,3.656526828077834579e-01,3.709714358185686733e-01,1.095369097493247706e-01,8.353971218897424111e-02,2.679839680151111514e-01,4.104138850199742783e-01,3.642902845558403935e-01,8.974659787147840628e-01
9.482871761167962488e-01,3.838411639411334342e-01,2.689166039847991074e-01,3.826765801839470127e-01,6.223841845809034989e-01,2.720930516171481961e-01,9.640969421792933147e-02,4.244097627594042854e-01,4.052876199940736446e-01,4.846797678265646336e-01,6.798210766452276177e-01,3.309792390197870970e-01,6.900249850765120818e-02,4.671305549921273004e-01,1.030727014551873350e-01,5.026238907735108841e-01,1.401910918215832358e-01,7.767715873551809258e-01
9.854764065755483582e-01,8.506616528320579684e-01,6.567050906411143751e-01,7.555781260077867323e-01,6.807743169639679515e-01,4.979657211222000002e-01,6.458312731945945462e-01,5.280797029038420964e-01,7.049499065298669986e-01,4.167817871388547202e-01,4.039274385316380944e-01,7.157118770109959227e-01,5.638460059691193793e-01,3.966018798720583743e-02,1.169681040419454782e-01,1.739775663821683804e-01,3.442768355134280256e-01,6.411609416504969738e-01
9.761899916785505837e-01,6.629833793250026197e-01,1.714416859530410175e-01,5.414283056846511677e-01,5.187711979067357593e-01,8.747016577300478768e-02,4.146743096275624652e-01,4.377898372815113293e-01,2.967958326915809963e-01,2.433001202486972381e-01,6.580262377359852310e-02,4.949186317713982208e-01,1.249389131314254386e-01,6.894567450126987129e-01,2.380238369991698744e-01,8.280411581672019183e-01,3.254803670142797367e-01,9.549444902690740200e-01
9.564674118427478611e-01,9.614931154317837292e-01,6.880737734693439522e-01,3.939584120937030670e-02,1.971853605710274238e-01,7.661898186933091548e-02,7.587133377720138849e-01,6.929929388457767292e-01,6.783228058345736056e-01,3.305576282971439683e-01,1.235089534420906882e-01,2.226790533484580281e-01,6.334914467581715947e-01,1.890661759269952544e-03,4.134772081546876921e-01,1.441691957568646543e-01,2.014905715919994011e-01,7.325719613973143141e-02
9.883361969350740184e-01,8.533442173753388316e-01,8.379177972911709960e-01,1.185928451291112934e-01,5.471249808616742705e-01,2.663618746864527820e-01,2.464750113153446887e-01,3.804146548779415160e-01,6.919308632570562168e-01,8.287380846445707716e-01,6.644573978473784504e-01,4.903762468378556338e-01,7.578828814986224849e-01,4.610995968177631493e-02,8.016279654154826462e-01,3.404939212794312886e-01,4.025103959404212617e-01,3.117918625776516239e-01
9.836658995423358531e-01,9.536993075704587319e-01,8.685885331895223382e-01,8.886451217001917202e-01,6.205108068611665528e-01,5.797771858228130126e-01,4.982161874532689549e-01,2.926543130267907911e-01,3.750907535375432311e-01,7.523694895698120888e-01,4.122128575235888270e-01,3.714954727066007711e-01,6.644685289191850641e-01,3.697715646169948966e-01,8.393649230296341968e-02,3.451384163459078613e-01,2.404098762720109084e-01,6.828306348352699562e-01
9.452185065703287981e-01,8.912327362541299092e-01,8.998572612575462815e-01,9.109840790961093449e-01,5.728180497459942622e-01,6.608838453678290703e-01,3.869921976560460886e-01,3.522668642369191083e-01,6.552367099070366407e-01,6.921613001548371225e-01,6.462034677217449730e-01,3.996566373356970070e-01,4.954742403236538917e-01,3.059378630400277910e-01,3.273630210596513157e-01,2.602122203219486285e-01,5.735648892556395317e-01,5.592544010384522535e-01
9.708363394730588070e-01,8.837482702356154185e-01,4.984388758262863761e-01,2.421557595385567807e-01,4.683436365360948428e-01,5.227639307339335684e-01,1.064645270181100861e-01,2.293679012589548982e-01,2.641115137141244462e-01,9.000387647745603514e-01,7.094466208388099382e-01,7.339070550010798888e-01,8.602297766744918528e-01,1.592308663835915183e-01,3.834764329740705247e-01,5.090402110565378502e-01,5.327103631250756921e-01,8.706763820432638079e-01
9.486659496676799197e-01,8.354385432749663609e-01,8.819930505578756907e-01,4.073485472774126537e-01,5.332153720295502719e-01,7.684144872717358909e-01,4.482212268913082776e-01,1.409328163183956040e-01,8.376089392462798822e-01,1.786521412527116992e-01,3.024444220992926757e-01,1.616286574290531630e-01,2.327475485859707982e-01,1.874487316525513536e-01,4.640587413047276844e-01,3.834391304035817960e-01,2.866220534946707366e-01,8.991459483537054265e-01
9.641848328265917312e-01,5.481406917375376553e-01,8.012131867368746940e-01,5.057698020511134374e-01,7.632751762495144920e-02,1.447424088133509035e-01,3.110703230046533707e-01,5.503325152719427127e-01,6.371415043792211241e-01,7.129096108748429472e-01,4.142099896950091620e-01,2.422228938978320811e-01,7.058377052542746943e-01,1.226263020029558920e-02,5.622235002172216722e-01,2.327439238210922412e-02,1.317408179185660111e-01,6.854447984512644643e-02
9.833237435217808686e-01,7.459952542864296543e-01,7.995801622147780119e-01,7.160580209015059427e-01,4.164386921497406080e-01,1.273908781902475251e-01,3.806928647835413626e-01,4.046215051052306499e-01,4.661408790592911910e-01,6.313775424357216393e-01,3.844857848538367762e-01,6.292046134780011624e-01,6.896122977308299928e-01,8.061790167932571249e-02,6.500747440105996144e-01,3.196343920816754891e-01,1.018820231769058532e-01,6.644917032842144744e-01
9.406067915176477001e-01,9.050982717511167897e-01,4.421642941643834646e-01,5.038431473011936168e-01,3.621058508882708526e-01,5.275617972369974762e-01,7.922505117233448191e-01,8.347632302389262904e-01,8.330027500055066092e-01,7.789845757913608226e-01,7.120498191548878530e-01,7.869331664124077363e-01,2.728155687571808818e-01,2.714017440122721767e-02,3.840385759128131515e-01,3.633681264907340225e-01,6.914711417195054666e-02,1.980615545611065509e-01
9.704309540593945016e-01,9.426909832248077104e-01,2.416587483154630511e-01,6.356142892249388998e-01,1.612688827607126896e-01,3.074783603816111377e-01,6.400926908049622277e-01,6.542805178635259233e-01,8.038795608429505357e-02,3.809107008433259001e-01,4.966395000413253435e-01,5.007047188720795683e-01,4.785118606110561612e-01,2.910511568328050802e-01,6.050006057320568287e-01,1.728927228999855292e-01,5.127500318706631477e-01,6.848815172567057630e-01
9.692374037210265136e-01,1.314060865605749251e-01,6.597934013852179147e-01,4.428882013168731757e-01,6.799744349320415715e-01,6.266946410201289508e-01,3.676055577399274799e-01,3.769993243345554079e-01,4.819672706434516285e-01,2.959941866439735336e-01,7.435487675514572681e-01,3.853050655841052108e-01,6.106323347518672999e-03,2.195237933091809257e-01,9.356739840216647675e-02,2.119869493001717564e-01,1.911391446693112006e-01,2.515201553411696156e-01
9.775369202321195772e-01,9.209837464342538471e-01,7.078229531033555233e-01,3.981972588921234846e-01,2.974732089138352742e-01,1.380991535602230924e-01,1.034819833452595844e-01,1.183071991758598562e-01,1.504202215254739905e-01,7.707541588401362054e-02,2.277419866875323717e-01,2.978403716912771029e-03,1.172628058729196510e-01,2.784791781579734615e-01,2.597082429885363974e-01,3.922956936697438723e-01,3.724609640931392796e-01,9.101962581234794847e-01
9.894128858634632095e-01,9.080726945697780161e-01,7.758476488058826392e-01,8.210022225506898863e-01,4.530520538609486558e-01,2.923625572027954145e-01,2.798961472255799832e-01,3.140209166926745121e-01,4.286715522719784510e-01,5.443891233189682710e-01,7.629844397725076277e-01,8.838659092974847364e-02,1.912946624316647082e-01,4.463143118279240817e-01,7.417813713161450773e-01,4.107129504051505453e-01,5.017942968681936566e-01,7.794870552677768405e-01
9.798861042551083589e-01,1.978489391354258387e-01,6.478080859351185994e-02,3.302679873316884396e-01,4.163340126471815061e-02,2.821771431282226739e-01,2.856280425678540125e-01,3.496200269042545883e-02,4.333506546986852781e-01,4.172109372161613150e-01,7.854953319836575076e-01,2.302989738960607713e-01,2.928229239363931979e-01,4.770582177891732334e-01,4.676617689892548779e-01,5.592885841751496501e-02,1.560205879774975990e-01,7.638384710145827983e-01
9.636438638613959995e-01,8.331514674164143541e-02,3.369098089604458113e-01,1.859094497075978736e-01,1.888831047369421076e-02,1.860871319628492060e-01,6.166677532726965172e-01,5.651750373428741092e-01,2.819043648608497432e-01,3.804903139931630207e-01,3.396949540511925991e-01,2.748876197189298876e-01,5.244327778927396766e-01,2.708384682525699638e-01,3.181351645280025564e-01,3.472659578753789500e-01,2.388569826246353667e-01,2.284742895889099734e-01
9.915378782378314604e-01,3.999210870545645835e-01,5.780982758925115039e-01,4.649423616392125980e-01,4.698623866010984695e-01,2.517563631029439142e-01,4.189985363792392281e-01,6.923303359153472059e-01,5.174017867235853885e-01,2.434753154471787084e-01,3.933734869516510302e-01,2.211897081717114077e-01,2.909275759072322831e-01,1.099949466201255860e-01,3.815070419655282596e-01,8.207889217889041689e-02,6.622620759667198209e-01,5.796529320229522053e-01
9.566220072775045713e-01,9.532429853348363125e-01,2.556400090155867486e-02,6.056504917773548602e-01,2.602509916444697424e-01,4.632309049568459347e-01,2.117612906701596687e-01,2.282964216176864292e-01,6.480354006352837537e-01,9.474274508136809603e-02,8.426851824929122714e-02,5.378860829062983573e-01,5.364300931885052082e-01,7.124640089785616581e-01,2.417120589734156333e-01,3.020829279619848262e-01,6.977455440934067221e-01,6.711711075726446429e-01
9.764240843933523761e-01,9.530116822465897197e-01,9.110479251185066296e-01,8.912378251063692858e-01,1.540621644010078672e-01,3.002743785339900134e-02,7.033426748189841593e-01,5.975488686381409398e-01,4.736592088620170116e-01,2.370047420720772235e-01,3.253732318471327378e-01,6.607223322694312506e-02,8.755529701309244794e-02,8.718193491110193261e-02,4.269199496794096049e-01,8.249951479523083275e-01,1.096147600253502691e-01,5.732809057167814748e-02
9.830272632077680095e-01,5.559953639318988561e-01,7.755743963402194074e-01,3.202009533185578016e-01,4.929981183754295060e-01,6.348612969919599225e-01,5.847099272652207108e-02,2.394202203548181640e-01,5.965217318921370859e-01,2.220126721068639009e-01,6.213770079073466235e-01,1.547610586676936295e-01,4.765580999908013982e-01,1.163109552101668498e-01,4.637340898051490190e-01,4.235902070750731663e-01,3.409601233405508414e-02,2.876316429045603917e-01
9.459380041376942438e-01,7.734178714380899322e-01,5.856277442544234324e-01,5.497982206560095841e-01,1.207798528463421145e-01,3.526571914809516484e-01,4.419498885412999067e-01,2.744461201954436214e-01,4.179967751120811092e-02,4.260733714303711062e-01,1.891590394321006618e-01,2.456196847158300528e-02,2.049435563144936800e-01,2.602147539759948613e-01,3.430029791472935519e-01,1.271418265921912295e-02,5.381710898399023890e-02,1.506541717268786440e-01
9.719767937783637679e-01,6.565862006294354014e-01,7.951249151747878940e-01,8.344059660061940997e-01,8.174804603752180432e-01,1.532822942801591870e-01,3.434074613158754619e-01,4.188702604857135608e-02,2.101786840753192276e-01,8.644833355606711400e-01,7.006368720564296604e-01,7.489109763558852162e-01,4.157184881225793327e-01,6.455591972883648055e-02,3.426224990255819641e-02,1.657857215912160731e-01,3.154837571425914144e-01,5.406722559802421557e-01
9.934082274251448963e-01,9.705742647108280829e-01,9.071247784745831710e-01,7.379696016967072225e-01,4.167734831404324991e-01,4.825147195474707718e-01,1.684744306589788243e-01,2.948919471158526484e-01,7.557237377220906716e-01,3.980979223591626925e-01,3.605668679777362939e-01,2.197973572716841184e-01,5.206757394882705059e-01,1.732713541205824215e-01,1.600335521044070619e-01,6.734348559447490556e-01,1.666794209347370326e-01,6.464322114594728275e-01
9.656172058707891415e-01,8.230263371291135499e-01,4.162079093983749312e-01,3.644868462950505428e-02,7.169735291343717343e-01,3.340567563740542423e-01,2.195883396608269145e-01,1.018934933543435284e-01,6.863490999572421369e-01,4.180162657525156589e-01,2.214820597118223600e-01,2.921707319416332327e-01,5.587783729561321966e-01,1.841327467133097584e-01,1.234025217663337892e-01,6.301826476554808210e-01,5.417819303010314690e-03,8.470344559848463906e-02
9.696731627278331045e-01,3.106400615147059119e-01,4.393941771611410974e-01,2.849111609053646132e-01,2.323954892456616961e-01,6.302829435618042542e-01,2.291529888504097445e-01,1.903552612727267557e-01,4.754302539203651423e-01,9.254920535977523288e-01,7.812343901852732975e-01,2.222493347625652260e-01,6.699270126643536161e-02,1.539848507120650800e-01,1.562733458871643222e-01,2.542593155588032117e-01,1.141356524759093438e-01,4.334995517194530912e-01
9.791311648154740199e-01,6.667151486106559499e-01,6.646297543570057753e-01,4.557070143128111872e-01,7.362986979562282652e-01,1.814147996641410632e-01,1.121936290855889973e-01,3.979296595012124516e-01,5.737245931030667684e-02,5.565335356244927034e-01,7.035527985122112804e-02,7.673255146447176545e-01,2.087791962630823964e-02,9.244668710135159340e-02,6.418858466776671268e-01,3.649668814352814983e-01,7.872826207147425315e-01,6.030072948456105530e-01
9.713539438651856983e-01,5.442823626684902827e-01,2.401323107281047586e-01,5.743374470184952063e-01,6.942215457510581000e-01,8.169111763573461138e-01,3.499110642485979694e-01,2.162797878806764496e-01,8.339039235138957784e-02,2.120532364857616037e-01,7.391787258376207870e-01,3.841393925531890186e-01,3.378107549476671023e-01,2.742465538591443153e-01,5.184382630602950570e-01,3.360418175017054754e-01,2.255546840607804693e-01,8.112014862720673403e-01
9.858614343396367996e-01,9.656784968413671955e-01,7.599668036456723730e-01,6.094582448217278348e-01,5.945149179377445803e-01,6.456662647572721792e-01,4.059023155388485904e-01,5.117045650685728697e-01,1.522615110950414907e-01,5.975825740253919438e-01,4.798560300103559273e-01,3.442708670500193024e-01,3.079408901158377510e-01,3.714501022864296620e-01,1.883561994364005010e-01,1.894100040676833241e-01,1.460830343456755165e-01,3.199925652356654382e-01
9.954913655901348468e-01,3.983883183833698549e-01,4.556570280243533722e-01,6.647532305680847742e-01,3.278793360910078336e-01,3.909780310066633957e-01,7.728015526923307510e-01,8.149955422078843936e-01,2.517101560803474136e-01,5.128646838077598469e-01,7.395831870662658569e-02,5.099590446036481733e-02,7.631167270871869190e-01,2.288308829162700730e-01,8.255762040266483304e-01,2.062336384285403945e-01,2.138128716431089704e-02,8.765763835727832243e-01
9.300884268997777760e-01,4.478715656939067924e-01,3.260109837399566279e-01,4.226505085955628016e-01,5.032198399148544998e-02,4.246958068997934710e-01,2.241379362256561425e-01,1.898979824628108659e-01,4.567293436801253548e-01,3.119548864474989691e-01,8.525201342555834005e-02,4.130071948037773444e-01,4.234203616372381740e-01,1.751804190876820877e-01,3.160434721539779335e-01,2.077538495678256658e-01,1.484222001877987147e-02,5.401878758082632181e-01
9.768721591680584737e-01,9.457644654348659752e-02,3.871603263983630083e-01,6.937027893369490661e-01,8.187852643126682095e-02,9.207162375015284783e-02,3.692367408784665295e-01,3.999132748612727606e-01,3.537124431283109049e-01,3.163124055258856315e-01,7.161108033727564548e-01,1.477860387670966447e-01,2.617536778399000008e-01,5.933549713867890540e-01,6.384948134668164688e-01,4.607875088289224985e-01,4.003002905562289687e-02,3.267200223177735285e-01
9.752391808008930019e-01,6.740841828387980073e-01,3.591388052590612778e-01,1.514970805828919354e-01,6.862800023255130610e-02,3.335753253676871921e-01,4.075670648294261178e-01,3.712017589920404426e-01,2.022268321020959658e-01,3.116598213779801507e-01,4.768898594285516102e-01,4.416331451664844976e-01,1.499465366484531159e-01,1.190362609271067469e-02,6.444604243825728662e-02,4.616584267376199202e-01,5.745302853702048962e-01,3.154492625041975251e-01
9.905481363565471487e-01,9.018124318098689196e-01,8.285994201939453907e-01,5.688974339948592585e-01,6.880156959218292068e-01,7.079892001436672855e-01,4.846564934893472509e-01,6.294560804782969310e-01,5.356092382394203044e-01,3.476462033295623089e-01,1.210988230444321606e-01,4.584400661786539599e-01,4.407817201024519793e-01,5.239435013222609738e-01,1.767086329162100566e-01,2.181284823792834504e-01,4.502077774566814461e-01,7.533911700777567999e-01
9.365345128178391709e-01,6.629675354789374975e-01,1.699085714422000903e-01,2.511542305199376823e-01,5.017598163757922558e-01,7.621482189431377785e-01,5.989481504002317491e-01,6.810652384716050500e-01,4.530619144878555993e-01,1.143629994501249164e-01,1.169407462621849247e-01,6.247787558818278519e-01,4.389818401102346113e-01,3.711251419643664673e-01,5.212782564158393583e-01,6.809697251097059090e-02,2.936488689241880182e-02,3.378344445803344587e-01
9.538228726004185365e-01,8.205498315702651757e-01,6.900073520349793155e-01,2.042226106427689480e-01,4.496343663863733853e-01,3.052363164273408369e-01,4.184391527960558688e-01,6.755744486271308968e-01,2.070913070683447488e-01,3.292818636212388461e-01,5.696973048277441665e-01,4.310085340871296355e-01,6.393752060111057567e-01,5.188832220699524100e-01,7.891508570876628603e-01,6.970612304356460509e-01,7.849667719308480729e-01,7.778043894092121491e-01
9.055811818870399543e-01,6.681152212555252490e-01,6.578143620219277787e-01,5.824752473443489675e-01,3.712936876859679325e-01,4.956934083595996854e-01,2.212354441855231835e-01,1.790585010837378310e-01,5.179936374701099577e-01,4.274518836997997506e-01,3.156438638520613349e-01,3.914002116181691804e-01,1.312084009740452882e-02,1.542323477304068102e-01,1.901554201846372971e-01,4.820741752197563873e-02,1.337048296610011677e-01,8.356774263411347325e-01
9.940554486722509298e-01,9.190817399382711361e-01,7.290091279210054731e-01,5.661170935975712304e-01,8.328826520063928873e-01,8.751950061766495814e-01,2.174807566704149986e-01,5.966437299232542069e-01,1.492955481130520401e-01,2.566021299974778902e-01,1.883053505044888221e-01,3.855053608147647193e-01,3.843197569660777857e-01,1.966015798569202555e-02,1.280484637843977425e-01,3.248102882553202501e-03,6.540895175553539109e-02,2.311132332888291840e-01
9.776049842123004652e-01,2.831496141430458469e-01,1.426268603827897941e-01,2.419070363558819825e-01,1.028659961619971253e-01,6.131767857066192096e-02,4.244931104867258886e-01,1.919863410395365733e-02,2.985240137662243942e-01,2.433679256454117645e-01,2.030352799237036820e-01,1.760007320451293863e-02,8.282408481587609506e-02,5.074032098202471142e-01,3.707549391779290104e-01,4.608237989056749306e-01,3.981540958482435721e-01,3.792811057643945549e-01
9.725480060671179983e-01,7.635787317567070964e-01,4.737360085580193392e-01,7.418979727993900430e-02,3.647824719333421506e-02,3.209044935644452257e-01,2.755792836529286083e-01,4.477226006186160179e-01,1.373359518407870072e-01,9.104700648424100817e-02,2.667756786431762506e-01,4.992262295623292045e-01,2.441077166729658521e-01,2.447605594397652684e-01,2.282214069516621258e-01,3.402065573410543997e-02,7.379412592701757312e-01,8.382091048188268223e-01
9.409612664935343984e-01,2.286444974308189659e-01,5.707004368016148632e-01,6.412022107421581907e-02,5.762141646099686043e-02,7.225901821193451147e-01,8.919159924576077758e-01,4.159394579962198968e-01,5.232151557132694863e-01,7.425925686599456066e-01,6.729370323248478059e-01,6.487623330872333005e-01,7.468425923567095781e-01,7.133151654059743940e-02,6.321949154596279152e-01,3.083780882966759562e-01,2.283394494771105038e-02,1.733737070246328948e-01
9.737610531243171552e-01,8.544366474594451422e-01,1.684449354019683376e-01,5.756074178794862162e-02,6.868535637070299904e-02,3.488178344041993895e-01,1.131059899149871179e-01,4.599763111538568983e-01,5.539548566579252098e-01,1.911571635099995892e-01,9.399006197752295122e-02,1.203436407931603863e-01,6.106608725340431088e-01,5.751598773932273811e-01,7.106954921327561792e-01,8.006436483778645030e-01,5.702427246359089708e-01,8.566580320320916764e-01
9.484428213064023394e-01,3.958716642039415978e-01,4.927010729047643922e-01,6.837679093687397680e-01,1.552491564831610105e-01,3.600034208334952357e-01,7.308911259684584827e-02,8.223351040193414840e-02,1.980279293118715478e-01,3.738254939180374326e-01,2.925316868461332875e-01,1.222931780979842099e-02,4.150164699507327137e-01,5.113469639196449590e-01,7.026379084350486970e-01,6.784242605098773637e-01,2.183990332328361594e-01,3.568467915503981125e-01
9.679148486914775917e-01,7.200701158097275734e-01,8.408009274611719652e-01,5.784473699391916579e-01,2.266365848908867831e-01,2.546144627148881900e-01,3.313782613637863417e-01,1.727807389528877580e-01,8.240181906343366780e-01,4.552706521844523402e-01,4.032990330295556092e-01,4.001157635621763742e-01,2.624032734431521741e-01,1.413990009271845483e-01,8.474279477326385202e-02,9.798530018702480970e-02,6.866049388431636480e-01,8.076425547773791180e-01
8.628899559627042359e-01,5.197709269332686510e-01,4.343301187874360481e-01,5.674511185780741762e-01,3.599201482011482600e-01,2.065585087710778978e-01,1.624995356029529658e-01,3.113319400218204219e-02,5.641185906473393796e-01,4.377203080039610006e-01,5.414983183663373278e-01,1.410672409183551523e-01,4.360930658845879049e-01,1.609574808480477293e-01,5.947372590238514389e-01,4.380293578029651469e-01,3.685132474394116064e-01,8.941667576358377501e-01
9.620949370524877198e-01,9.093296010928307860e-01,8.330309606268694322e-01,1.954165247125892457e-01,3.401698205587467272e-01,4.341160342800642891e-01,2.202901984595276308e-01,2.082967731778873066e-01,1.071530578344184054e-01,1.152705058840127889e-01,5.164901135150588851e-02,3.505251310051662322e-02,9.673443031571618556e-02,2.566432004989119831e-01,1.561448846299196003e-01,2.873950189751292017e-01,6.371904739023830089e-02,1.024175508900840720e-01
9.867031252638237548e-01,1.465376940181100096e-01,6.235533272673714489e-01,1.408774786874514851e-01,1.850492165051092208e-01,1.998876819460543297e-01,9.035992403994186351e-01,6.368954316514489067e-01,7.079985367402458207e-01,7.637359200338016407e-01,7.022732629254851977e-01,7.755634898351508877e-01,6.810481804996653121e-01,4.810840549570385427e-01,6.340011109828821434e-01,4.186500238772261073e-01,1.528163936662808864e-02,7.240249955300634976e-01
9.837488350835916773e-01,4.026915959608368678e-01,4.517839432260119525e-01,5.300224185071393812e-01,1.403020018023457827e-01,3.945539377071228260e-01,5.213748011457640663e-01,2.903502667715860408e-01,4.214518765780247977e-01,4.088428382629529234e-01,3.416750723697451475e-01,9.553046128164387196e-02,5.438140127600045448e-02,1.148627433266390802e-01,2.935919942499206625e-01,3.421361586616654057e-03,2.371090370422336280e-01,4.435821317148873066e-01
9.324299974280124692e-01,5.738181980965713080e-01,3.513769393369577942e-01,5.582882004442106805e-01,5.135984116783544051e-01,4.716113966189828255e-01,5.746521147241249183e-01,5.995617872537577497e-01,7.864754526041268790e-01,5.401432272002172352e-01,3.943643580730341602e-01,1.706873607317050678e-01,2.236392675692669973e-01,1.532971809845433409e-01,3.331361028311234929e-01,3.797722148688433275e-01,4.149506924602298086e-01,7.960304603478560725e-01
9.692370924681042998e-01,9.093425607181053749e-01,7.851587577598023726e-01,1.960494513995430788e-01,1.407937337133574052e-01,5.075739584380515312e-01,1.846609540210621403e-01,2.906214699358382614e-01,2.978968319258751274e-01,3.627952075423725442e-01,1.293692022228689342e-01,2.580106833582899717e-01,3.158896925741826456e-01,4.004875320334796984e-01,5.246900371478431246e-01,7.181309077548899689e-01,5.991522454408593212e-01,9.397829826724498625e-01
9.433347640884541807e-01,8.737929758857264639e-01,9.317094366472116196e-01,4.686706905186384109e-01,2.253788564581652720e-01,3.325710815933550363e-02,4.295321547681167917e-01,5.967372666410930560e-01,3.380810593969168498e-01,7.169839268793977149e-01,6.770659677953072553e-01,7.651895052830330890e-01,7.022314867962671237e-01,6.177044114623987392e-01,3.139021354015369414e-01,8.931259073980832297e-03,7.300897387201013000e-01,6.783304745137930247e-01
9.860407628245715372e-01,9.455479376510904643e-01,8.048033517697747996e-01,6.629960410685054040e-01,6.590227796513156155e-01,6.686947236877649470e-01,5.571249155114497142e-01,2.827859015973435697e-01,1.364043801792337307e-01,2.049955752482666704e-01,5.415825631141422125e-01,2.651443029128977003e-01,8.997365034346607171e-01,2.928077742565908248e-01,3.413251290951253014e-01,1.341930224324291154e-01,9.821364509484757643e-02,4.000460632499155955e-01
9.856083484602740086e-01,2.269798467563683420e-01,1.101270342033027205e-01,6.303850618340227641e-01,1.513334136320794721e-01,3.130603621957529503e-01,4.548357020210358481e-01,6.128984872740499412e-01,3.278126092562996252e-01,1.035764108891095991e-01,9.684542640206060538e-02,7.069175874545037264e-01,6.628959237237470603e-01,2.405836906551951648e-01,2.849377285641081503e-01,5.179383320291308657e-01,3.816990352253617491e-01,4.995519352676658364e-01
9.913012918269875628e-01,7.869629761683352154e-01,6.140361245993447570e-01,1.255506824348053552e-01,2.664141027131093353e-01,7.904896853260542366e-01,6.584878294442887414e-01,5.681168512165423179e-01,4.207654351284710881e-01,4.713905090313282864e-01,1.155026136955265431e-01,5.718370416597413630e-01,8.252391324715590004e-01,5.249762513928971641e-01,3.805117877502772750e-01,2.294363137480964765e-01,1.225813245700489024e-01,5.139067136330562890e-01
9.396044415797610849e-01,8.505494414225631683e-01,2.672446856866944609e-01,5.606304314666250566e-01,8.329862424251232023e-01,7.277390185935366240e-01,6.156825067596289891e-01,3.984872203578979089e-01,5.909313248018904785e-01,4.404829599729134793e-01,5.809194565545647837e-01,3.191499552954314978e-01,5.788420987014172292e-01,3.154974016504932255e-01,5.441032152443791015e-01,1.656900442633477133e-01,2.913572561376338022e-01,6.356195046070565180e-01
9.481329372815058276e-01,5.550134113762472676e-01,8.078660992536890184e-01,3.643973631019151727e-01,1.728843917284788867e-01,6.413661113010231674e-01,2.736899725873061934e-02,5.146192802806546229e-01,6.674586604418733526e-02,2.771285891142701852e-01,1.298910118499099590e-02,7.525958626291828768e-02,1.189136275805373483e-01,5.396623681507998205e-01,2.990246728244443930e-01,3.203651310332430446e-01,5.774339852361550784e-01,3.689955207015579441e-01
9.893493455208218768e-01,8.266717980555530199e-01,2.339379096403420774e-02,4.355546995329394599e-01,2.021018435071913477e-01,5.907893215228821049e-01,2.790930250415056824e-01,1.790156149125629592e-01,3.930628824372160435e-01,3.578002558134041888e-01,4.246804547107282946e-01,5.178271487813822516e-01,4.157229252293489496e-01,1.157092119624364840e-01,3.362293682277720519e-01,4.363244959699210113e-01,6.697178294769067231e-01,4.623396559069705147e-01
9.748102541590587533e-01,2.015636771108950120e-01,1.437068380405202572e-01,3.758216993019597996e-01,7.789510251623369408e-01,5.411156866972924862e-01,5.812213398240401174e-01,7.774159065849771677e-01,4.213308876761853727e-01,9.509171945493578859e-02,1.237472203683626509e-01,7.063321816968272104e-01,2.460148645655385255e-02,3.407810949881538432e-01,2.989045881949480843e-01,1.057199745266300256e-01,7.402343379653749007e-03,2.298504122670759209e-01
9.178303619031599192e-01,6.471898039984477213e-01,2.304862869857620122e-01,3.646779909762392635e-01,6.936202385032318452e-01,1.720888892165177431e-01,1.389778869208841416e-01,3.139046293868276161e-01,2.838527491792255941e-01,4.538802165308618020e-01,5.510879421619493401e-01,5.943337382850408801e-01,4.291305279997764122e-01,4.513344065431750263e-01,6.203696678270550491e-01,9.086496832977386529e-01,7.192186430771970729e-01,8.847313230769726644e-01
9.546515017697996264e-01,4.157563714718578440e-01,2.924676273632408896e-01,5.895462818811003647e-01,5.347308607158277605e-01,2.505318537786668798e-01,1.259902163809575038e-01,4.196881792555682833e-01,3.471480200259488558e-01,4.020060390785435422e-01,5.320241557866790538e-01,3.563741367540947946e-01,2.006590375167801310e-01,6.384435434648113583e-01,4.833564529081863514e-01,9.034223577605346445e-02,9.683968020452690673e-02,8.480957325376273781e-01
9.356077975993590812e-01,4.027109088622061184e-01,2.026385833575466144e-01,4.675027408654062744e-01,6.963372207321619767e-01,6.223318315902300890e-01,6.700192217911830062e-01,6.035904882144949024e-01,6.767940788671764629e-01,8.522133713008063494e-02,8.918244492521232303e-02,3.978470450730199892e-01,2.761493550523793639e-01,1.432271908736381938e-01,6.395910528058204036e-01,7.990948399202685293e-02,2.279975958581582640e-01,7.060477909657930651e-01
9.640220751694406065e-01,4.911230265400331335e-02,6.934717621614235883e-01,1.255562080211962694e-01,7.313095773598129457e-01,2.147439002975717048e-01,5.454644581715913931e-01,1.559726973029555708e-01,5.913166375855543055e-01,8.496581749109396453e-01,6.942124777582950879e-01,3.019273657464962568e-01,3.671511854795393992e-01,4.438071313456820044e-01,2.197162709133701486e-01,1.250901349946894892e-01,2.200425662291597903e-02,7.373787994283939051e-01
9.636388915438799385e-01,8.842359846925518241e-01,8.630467726899634373e-01,4.387022849328068852e-01,2.881555427203257858e-01,4.690110566752774823e-01,1.936073403518137059e-01,3.081707631057521990e-01,6.070088086187469534e-01,6.273384372029058298e-01,7.293647536833028910e-01,6.575585497446578831e-02,8.251635896670320158e-02,3.438445955091632977e-01,8.402869033235634000e-02,2.645637033265567650e-01,1.416473410036920774e-02,4.411675768149771470e-01
9.628065680388483427e-01,9.518405850674188651e-01,6.910838526730813669e-01,2.974446944941305238e-01,1.847616830283352884e-01,8.317005227929910038e-01,2.595063681812859180e-01,4.723957719280477141e-01,5.103414979067938395e-01,5.816218553523198054e-01,4.301476363987688512e-02,1.538797358676282090e-01,4.510648358726947471e-01,1.718814342519767724e-01,2.085900787319621696e-01,1.849788779137022110e-01,6.625732457932086428e-01,7.642956931181272839e-01
9.609288004806332273e-01,7.637169988940907261e-01,7.408656101450492582e-01,8.189483317596395473e-01,6.547563004506180562e-01,6.534293074303035853e-01,2.109078048790766491e-01,7.498108536207149788e-01,2.885828041574579617e-01,8.007885869734245876e-01,5.736612249576387157e-01,1.677249919042691773e-01,6.886724889613912159e-01,3.881515688532762298e-01,4.777437305221955421e-01,8.286729932885129879e-02,2.430431705390987962e-01,5.661561165063505596e-01
9.901928977297681511e-01,8.488695684148699350e-01,8.668596395676729793e-01,3.046090185814770424e-01,1.140701694762674967e-01,3.585104445195883005e-01,4.486252246117519160e-01,4.010140553059483581e-01,7.146491668969963407e-02,4.669989250060169739e-01,5.110886293080748599e-01,1.648403205107045744e-01,2.179407843448883941e-01,5.351709583664018277e-01,6.235550760196509890e-01,4.223481859675882188e-01,1.811146024618376094e-01,3.217566322874437224e-01
9.850702176676208177e-01,5.983551822101130790e-01,4.963465350432167411e-01,3.136004118472868751e-01,5.798507000270674595e-03,1.065426890789214487e-01,8.081544841614112240e-01,8.136343554473466355e-01,6.459168078958739123e-01,2.804730866545172008e-01,1.352310283221119236e-01,2.719701920391974781e-01,6.857982727049904970e-01,2.292233543867872592e-01,4.268036155620560240e-02,5.905982987965804898e-02,1.599775344295756851e-01,2.824015382836061461e-01
9.581516064760791096e-01,8.496390720328262924e-01,7.768440096429739539e-01,5.997385312383015643e-01,5.550953029384645410e-01,3.684555313356196460e-01,9.970680508028355316e-02,4.000791620126950554e-02,5.357714015563107557e-01,7.455403742229098629e-01,2.026739930785163291e-01,1.236464696855365253e-01,3.818431367983489769e-03,3.263249445223940226e-01,1.886733179155340029e-02,3.790561316640813638e-01,3.142743968942825483e-01,8.121781929902956998e-01
9.858609533927323865e-01,5.338377700951751903e-01,4.821307901706324284e-01,4.307924059276620476e-01,6.178417412384104024e-01,6.899657767946346665e-01,3.751989612318951117e-01,1.302648548498310799e-01,1.007294057155901784e-02,2.180209009542601051e-01,5.727273841375344343e-01,5.281298147995131531e-01,6.884424131739754760e-01,5.650340168870469082e-01,3.855672608860163941e-01,3.410691471346143921e-01,6.334798896184785644e-01,5.031889288582279685e-01
9.832503162801797814e-01,2.793968487520297472e-01,4.144865061751239893e-02,1.704989866877081039e-01,2.580612213910651320e-01,8.078014759057264849e-01,3.296645803162671085e-01,6.218762965315628444e-01,5.449878749226727548e-01,2.206297786564626606e-01,2.491655788463909282e-01,3.995702657418476744e-01,1.041678830758922293e-02,4.088077220808582490e-01,5.942349693416565382e-01,9.162428993045180770e-01,3.649492446167320048e-01,9.637693371577951140e-01
9.693804094467870502e-01,6.521675990824367108e-01,3.405357075248034437e-01,1.586941993784039551e-01,2.635124284211424195e-01,2.041124324849686866e-01,2.499414827757795166e-01,4.232789718221385833e-01,5.017947129277711138e-02,1.452010820136644398e-01,3.723548072228749506e-01,4.997583747430880963e-01,1.229058534112011103e-01,3.510534936570455788e-02,7.150120596116932292e-01,5.690540251435618480e-01,8.073634969904750491e-01,6.992341916101062482e-01
9.796780551293235995e-01,9.048409026000839850e-01,5.700023369413851348e-01,1.703272562994492811e-02,7.232715853713364007e-01,5.429611535312715009e-01,5.575340369184985656e-01,4.442337931952117236e-01,5.871112384000802820e-01,4.655774399858594870e-01,1.755059544603370936e-01,7.572560997431614094e-02,3.879144368452103753e-01,2.883371172359981416e-01,2.923894243585071218e-01,5.574383617836062843e-01,6.099652310957387469e-01,8.391724835406396688e-01
9.359097941297082057e-01,5.806051308479582840e-01,3.138909273993008009e-01,7.845914593310374108e-02,2.182448297010549931e-01,2.960045422783026958e-01,2.047722891641863829e-01,3.412002026239079333e-01,2.168532905771267671e-01,3.861268488323489900e-01,4.208146358134617349e-01,1.426424563062161366e-01,2.979521514605116828e-01,4.433857189691520206e-01,3.634305813514562833e-01,4.039208690082679576e-01,4.276624662508846653e-01,6.445003020894330970e-01
9.602240235935711743e-01,9.200133690588063740e-01,7.315664324066875057e-01,7.344302872012026251e-01,8.165253207530603907e-02,6.949314203217868968e-01,4.018182325960980572e-01,4.275423263847062949e-01,6.839791095166718460e-01,3.135830751848765058e-02,1.833862512322803340e-01,3.343318832624610493e-01,1.313655233337018280e-01,4.347102285327002491e-01,8.596665633033001575e-02,8.754679128609923477e-01,4.620223796857041432e-01,7.574916170347062438e-01
9.859373008503510283e-01,8.617666206860244982e-01,8.887672140491247319e-01,2.936101337360151886e-01,1.200108447898492053e-01,1.012214485667750491e-01,4.017996163874976712e-01,1.670557521304655846e-01,1.379957191306291908e-01,1.558601920413222874e-01,2.489921217379529317e-01,4.241107404208738219e-01,2.114569409898980623e-01,1.498757525232507215e-01,2.795043321947726089e-01,4.379867065602751075e-01,4.059487806119830289e-01,6.871763190841103652e-01
9.727091898503436029e-01,8.158964249602982388e-01,6.537301797821489791e-01,5.184758066479353555e-01,7.731227434592107262e-01,3.681608835703236160e-01,1.574412218494984639e-01,3.591014704048285378e-01,6.720413452761273554e-01,6.035649963785311156e-01,5.792499008422924422e-01,8.195991061869165595e-01,8.346065920780084690e-01,8.272110446737842571e-01,8.518199053796712272e-01,3.679490932113123058e-01,3.273781754718157466e-01,6.773990453233522668e-01
9.584771339474322804e-01,9.216263344623291109e-01,8.598058134967422328e-01,7.658411283314077167e-01,8.470654098413817890e-01,3.887641403545897822e-01,1.144145066740430983e-01,5.062426510291825332e-01,1.512339073931451006e-01,3.978063488681436999e-01,3.585269213041279435e-01,7.632686293808704781e-01,4.332086859023827063e-01,5.007286322688261349e-01,6.757209786615449021e-01,3.785007385615320463e-01,3.790175097093279044e-02,7.564242336676124667e-01
9.793909167341739996e-01,1.365804004281460649e-01,1.412810221297648994e-01,2.738675858042241562e-01,4.522304569955796216e-01,8.169659189084328421e-01,1.874632544351262642e-01,1.861373511075534474e-03,3.866905242320595737e-01,7.150958112433299929e-01,4.470863175933130762e-01,4.367386091625930500e-01,2.817019337223575226e-02,2.457949043083272056e-01,5.948287246198605792e-03,4.160456923311635635e-01,9.772839702193507339e-02,6.494115922420030662e-01
9.784644435446719912e-01,7.508356731209183677e-01,5.316085406856635442e-01,4.060871312298449526e-02,7.124527820668554723e-01,2.243500691630592181e-01,4.400914993090981886e-01,7.017695696276453621e-01,1.632261979646201788e-01,4.084522583821167951e-01,7.615273880749602320e-01,6.754440475535959942e-01,1.953499213992297701e-01,6.551393106982784931e-02,3.714424167496563345e-01,3.907861508816299345e-01,3.215335437865122770e-01,1.725112058363849343e-01
9.523070431637458144e-01,8.466475906410276808e-01,4.949048169274493647e-01,3.414278640412326538e-01,5.510067251943736588e-01,1.867918589505442595e-01,4.143460967927141136e-01,4.582139096929868094e-01,6.437477880921618212e-01,4.581612084895331782e-01,3.189771730013635925e-02,1.361514922413932238e-01,6.850832371014454747e-01,9.820733212461343897e-02,6.842528819215815128e-01,3.657514661841779896e-02,4.508048247652837737e-01,2.229462993241797253e-01
9.367280546883854919e-01,8.587040559986252042e-01,7.960385873402360257e-01,2.021269231955741819e-01,1.470287850681723241e-01,4.093450614435760193e-01,8.531816622587948262e-02,3.622830596071126563e-01,6.110204983621931873e-01,2.863179592578375399e-01,2.514866152969795765e-01,4.434721546365886224e-01,1.069761815338476363e-01,2.575959933176121264e-01,6.564064233872141108e-01,1.904398396331872245e-01,5.235708100467337950e-02,3.664801871021271529e-01
9.775428017928102786e-01,7.936723444904291158e-01,8.494812101776210156e-01,2.158594202366083681e-01,5.203821073695004407e-02,2.889707788867484917e-01,2.829975947125970004e-01,8.708444046288201790e-01,2.471525514311141425e-01,3.078711844037401030e-02,5.346391403139443277e-01,6.814962777141462258e-01,4.019753819910635850e-01,3.982743409420831937e-01,2.626013836655433642e-01,1.273341260359882043e-01,4.158310921166923912e-01,7.573312548387020060e-01
9.723294226498868653e-01,7.779972429454592442e-01,7.046216138358719627e-01,5.128305596347887407e-01,6.445461990239345074e-01,7.283217386397334847e-01,9.856822772498305407e-02,1.083284766690265077e-01,1.405577965766958426e-01,4.210519155713516315e-01,5.358258382383841445e-01,5.563842125394059535e-01,3.120074128302705585e-01,3.524454531873776331e-01,1.422830391978618242e-02,7.051054447510797241e-01,8.781995439198723163e-01,8.422385502865387119e-01
9.661480285658952116e-01,2.248492190859837647e-01,2.100371045164381445e-02,3.116775692859624081e-01,5.488108198436668639e-01,5.564914195379523365e-01,3.725727371596065929e-01,1.469883767641600170e-01,7.894170878236043132e-01,4.437446897583132155e-01,3.177411188817536036e-01,6.121720355391543356e-01,9.693751015771703838e-02,1.750217093371344290e-01,9.416563318806694949e-02,1.341055884638337747e-01,1.113506478351934254e-01,4.489541040029740859e-01
9.753549505291797539e-01,1.979797906141985420e-01,2.509402941756258554e-01,8.459915319638093845e-01,7.785904008622693828e-01,7.400094830005119473e-01,2.061450462707403730e-01,4.946067842377044887e-01,3.172035946824497410e-01,3.107348167916260673e-01,6.817480316616049418e-02,4.153627799871101312e-01,2.129607690947621645e-01,8.069324745559033896e-02,2.874752458485071993e-01,7.514354709105462715e-02,5.606662332310270447e-01,6.539731040682426055e-01
9.745460406352974836e-01,9.447374967303271420e-01,8.772151939018006939e-01,8.042797938132131286e-01,8.390884922321533157e-01,3.128224134248525773e-02,8.676943770573939396e-01,6.315868809688610086e-02,3.081738025291803074e-01,3.647387222093903536e-01,6.445776094173215620e-01,3.516327793295556670e-01,5.014558443028884760e-01,5.383960899982778159e-01,2.326093975944159564e-01,4.577077850190447994e-01,2.326221937151254082e-01,7.722934469567848126e-01
9.624600554986763035e-01,3.971463946315333393e-01,5.362681136950996352e-01,3.365256200688276911e-01,4.496180555700843295e-01,1.997587420696115001e-01,4.549416264875813520e-01,1.177393565839623124e-01,6.658772089304624275e-01,5.764777794325783716e-02,7.530784345019941872e-03,3.058761799805193027e-01,7.935311119392987056e-01,1.715256669759441244e-01,4.207908900178907174e-01,5.154715335942927634e-01,7.495722998080412980e-01,8.921711034777368710e-01
9.807742006683881630e-01,7.325376375152224950e-01,8.502101103794004189e-01,3.997095857320897005e-01,7.405631361619001707e-01,5.619635102576221453e-01,6.271661687827078113e-01,3.879512068851422857e-01,4.452285829405752682e-01,2.509283619059918258e-01,2.373146990913860277e-01,4.624929065282878393e-01,6.462859411205436055e-01,2.961627969593286225e-01,3.261801855636121128e-01,4.448382401141063314e-01,1.231919380784194697e-02,1.418195726801773360e-01
9.811276420733250347e-01,8.836800561286590749e-01,6.745200116639928911e-01,5.651494859728386499e-01,5.487078195598596997e-01,8.007881556279087265e-01,8.425279602184799765e-01,7.998086628560969746e-01,7.787026395743793517e-01,8.372757765586273937e-01,7.884625149772845898e-01,6.635201252503886149e-01,6.056379331147779821e-01,2.494327997562607591e-01,6.410824421732924661e-02,7.081395388670205238e-01,2.224722846884719107e-01,4.649128213634418638e-01
9.568580828407180494e-01,8.155103662449925128e-01,2.485531369236285981e-01,8.834829451498701358e-01,2.006837258387384748e-01,6.705407722853244934e-01,4.684377474034039923e-01,3.620095960234431254e-01,4.144941316822854660e-02,1.225897069115473859e-01,1.853023279324278808e-02,3.967902824545012364e-02,1.068158840473004828e-01,4.565459192544596423e-01,4.795057806484081531e-01,4.340437747474411023e-01,6.934685706411994888e-01,5.572916618838772429e-01
9.693727297919515484e-01,8.187864174540624429e-01,9.251434339906224880e-01,2.377948412174360482e-01,4.708641884460147975e-01,3.268079006636914752e-01,6.424379868397944726e-01,3.602933855479125702e-01,4.427004943560879924e-01,4.094572814506555192e-01,5.949390901306935708e-01,1.156131410434396989e-01,4.229175576902052813e-01,2.976497187864105554e-01,6.822987061732125325e-01,5.532740796953299345e-01,5.109298618127072755e-01,7.283690342897595205e-01
9.867566668197208513e-01,7.829389154621565483e-01,7.567488090117202582e-01,9.098802445963086738e-01,8.622471556786214242e-01,2.634958086942563726e-01,1.603811874881328758e-01,5.725483677407687821e-01,6.121341268841306027e-01,5.816607119018770700e-01,5.764155381909692455e-01,5.030683077631212807e-01,5.172153433061281724e-01,1.092436283885538373e-01,3.430190761881055095e-01,3.901655058159061995e-01,5.876341788995652626e-01,7.979968094192095851e-01
9.874138767222814250e-01,8.867163559333183231e-01,8.949975866213648601e-01,5.772592662154565346e-01,8.388955861042061146e-01,5.554138711131834105e-01,9.244938830305918787e-01,5.724532762989863466e-01,8.507885478943506552e-01,7.940580849061408264e-01,4.237545900475208072e-01,2.352533202370904186e-01,7.114712145416031142e-01,3.423641626459557608e-01,5.632889406988941250e-01,2.922790795250682638e-01,7.959954044127890427e-01,6.749249887391667313e-01
9.852242368526202831e-01,4.820303907258273179e-01,8.168983829247888906e-02,2.177483980666790331e-01,7.952075354321485046e-01,5.385365620852697877e-01,5.985659603085851099e-01,3.910256127350997257e-01,4.165970761219076057e-01,4.448926219380872626e-01,2.799353226311185883e-01,5.022973684021175833e-01,6.696979765065097512e-01,2.487442979678210764e-01,4.737442081747858524e-02,3.382020539901454959e-02,1.811168376999375551e-01,2.146464266647163388e-02
9.833391168507829017e-01,5.603310784323884963e-01,5.751012751997028882e-01,2.193117363039031043e-01,5.431539555338553704e-01,2.935303064970162454e-02,5.290490404928419599e-01,3.764154488378283481e-01,6.452005518482099022e-01,8.736031626780321746e-02,2.189246328265239683e-01,7.311189639830714682e-02,4.847995841617806778e-02,4.493492563490982805e-01,6.801586302637541159e-01,6.333335087931758062e-03,6.460534452209123479e-01,1.554157970793399179e-01
9.578998588486737908e-01,2.563277137251366855e-01,3.956812023201203982e-02,6.963031527999480330e-01,7.822718816546886389e-01,4.632819847757175813e-01,2.622032776158642609e-01,2.319054173020254073e-01,2.287827309040326162e-01,2.949540523524276647e-01,2.125982575818725073e-01,4.814854294706488735e-01,4.028273248526932290e-03,1.108428601731197526e-02,7.884615645304186016e-01,6.103743237868217847e-02,7.967134731901526212e-02,4.263623174580219999e-01
9.928792847932712551e-01,8.339033859129502124e-01,6.008017495295769894e-01,8.343627155139088369e-02,2.734668801345572775e-01,2.225201094862660697e-02,2.056510237882051562e-01,6.168355454715673813e-01,3.919473853931815244e-01,8.009431985068876658e-01,3.404180212601642386e-01,1.282808466581713269e-01,7.924943072104947972e-02,8.091014983952476980e-01,1.435996989359780429e-01,4.439315426414641164e-01,2.738508923248145210e-01,7.571240364302854742e-01
9.830159448345932027e-01,6.889152745988479376e-01,6.965735686846371566e-01,3.697835565249493750e-02,7.255153278733625921e-01,3.710814624709887211e-01,4.797092883671252861e-01,1.461699059715132476e-01,8.535857669951640858e-01,4.089037435298213952e-01,7.415398902116570046e-01,4.614439549423332565e-01,6.783424186607120987e-01,2.108205164700121259e-01,3.642021845244344802e-01,7.495593180983374237e-01,3.750955963832992568e-01,7.830077293832603536e-01
9.115596128073506499e-01,9.202517034504920090e-01,4.665360575969640933e-01,8.480956722821410276e-02,1.859488751187355071e-01,2.344006380196287376e-01,7.333255049278622484e-02,4.151060980129606670e-01,5.378403417472302772e-01,8.037520833967219946e-01,4.256247300973340919e-01,6.609187664330266054e-01,4.847466109313082194e-01,2.301517446596478000e-01,4.519711214705866009e-01,2.751236326432570101e-01,3.697966318976291245e-01,9.104316684007521809e-01
9.837540523206970144e-01,7.621307112694926111e-01,8.937066828130977303e-01,5.830327348200516901e-01,7.196830675894196894e-01,5.356554663876614830e-01,2.172965812195223334e-01,1.758060311528355513e-01,5.701075138564862810e-01,6.526948810266769430e-01,6.856975899385332474e-01,6.008494655229229542e-01,2.638623065270181423e-01,2.147018329696249728e-01,3.298908030719490680e-01,3.168616835506838508e-02,3.580218778203240748e-01,6.168664251589457692e-02
9.415109098729040893e-01,9.396785422340662164e-01,4.728886462749696262e-01,9.958507958085327516e-02,8.614408088117470053e-01,3.370325975772231475e-01,5.173661581677666543e-01,3.520995575802032262e-01,5.897926053468381946e-01,8.509744706391718649e-01,7.846513840268289908e-01,7.933916174246744557e-01,6.693351897094098613e-01,3.122664106486886526e-01,3.490568249301427284e-01,1.793099590697861678e-01,3.086202182566455954e-01,8.882397417067209311e-01
9.769097100139406686e-01,6.849151216911772977e-01,7.845955185036872503e-01,1.471496164335287238e-01,5.372241217981098549e-01,6.290338330572020631e-01,1.810997621859507523e-01,4.824633583334712039e-01,2.464220566657436204e-02,8.544532457686661309e-02,3.349312627076909965e-02,2.828505514291146938e-01,3.525544988551514991e-01,8.245307753201612799e-01,2.687988275780126557e-01,5.499501284259983303e-01,4.750818988152372135e-01,4.487223144802597319e-01
9.848680565853829005e-01,4.463641878066975655e-01,6.733442791572643582e-01,6.487339235756479638e-01,8.495753909603520615e-01,4.895586632152246209e-01,1.986515217006212808e-01,4.922595549390083036e-01,2.625777929903993502e-01,4.793500358368633640e-01,4.838307010651667350e-01,7.319701075558435743e-01,5.291720408550343313e-01,1.548716702559239933e-01,2.625455385127651864e-01,9.323929744300386846e-03,2.027333966900333184e-01,6.851217484447408301e-01
9.737277668730410785e-01,5.984478428978036169e-01,3.304621885408513121e-02,3.086313920328102034e-01,3.419752687267761937e-01,7.246384474520912722e-01,1.903197324893627917e-01,1.492569888176176751e-01,9.455439044703016493e-02,7.440426639405606224e-01,8.150045696619137026e-01,3.722395411627659745e-01,3.505741224931473443e-01,3.079719057042190622e-01,7.369192531472030794e-01,3.546676116007395074e-01,4.080706181692674850e-01,9.002400167109513296e-01
9.104318429893059061e-01,7.916963930956318896e-01,6.624335809401626918e-01,6.016130575439229133e-01,1.272498152432942342e-01,3.765606702747023027e-01,2.449669048429479468e-01,5.618331021047172635e-01,2.266092482403411767e-02,6.136455835817242882e-02,1.164216747900786580e-01,1.035109755071627891e-01,3.991545741402778846e-01,4.512998180256993508e-01,6.746202512656407357e-01,1.889471592925593413e-01,3.544524109946709522e-01,8.984594950393549606e-01
9.854283414973572519e-01,3.386973426703331347e-01,5.528323029852458825e-01,2.362248236245307331e-01,5.162899022832382334e-01,3.913795337031946153e-01,7.046339005381994092e-01,9.161947044332213741e-02,7.782484704165984479e-02,8.806575125889399835e-01,7.021869487815252109e-01,6.864514264833682100e-01,3.043718541041665060e-01,2.145863882818947049e-02,2.417145464264990606e-01,1.709297938023555952e-02,4.264689877202772483e-01,2.492896945084968896e-01
9.625262404731634858e-01,8.593096302003588871e-01,8.247724312988019557e-01,3.227528066689278746e-02,1.974680198827512001e-01,4.241171593084821501e-01,5.777958189086049856e-01,4.328084124300755064e-01,6.205956479187572095e-01,7.305111085563144036e-01,4.640155560954262182e-01,1.559665008575055745e-01,5.552812620235374197e-03,2.998232917164691536e-01,3.682225335815660361e-01,3.561845852845950400e-02,4.566172831984102731e-01,1.574629577194589791e-01
9.612339889103534984e-01,8.914002516035682833e-01,7.094650581468995298e-01,5.594899551387445547e-01,7.363507710340470025e-01,4.487903077744041513e-01,6.481410351541440074e-01,2.325320844016999511e-01,1.528837878822777163e-01,6.099694084699393004e-01,6.121835576350838082e-01,2.138867612230035964e-01,6.471216498153012919e-01,8.094248302192380562e-02,6.627782361415939238e-01,8.469403022517348056e-02,3.938991237054193517e-01,3.655825182235217241e-01
9.867578183598403330e-01,1.093638133698139753e-01,4.318332900648401140e-01,2.220426934839232758e-01,6.402787895342372249e-01,1.228803212982997051e-01,6.511120963370293779e-01,3.365926829333011905e-01,2.553306269238571069e-01,1.636600716073927653e-01,6.616909757060773778e-01,3.153829679166414990e-01,8.082945126299347915e-01,9.667918999301539085e-02,6.820014225085589965e-01,6.307625714016786844e-01,6.911909022878952591e-01,7.707893706756033803e-01
9.796366305729526935e-01,9.125041524479857724e-01,2.880921202750130194e-01,5.660234751521297375e-02,6.093452743727019172e-01,7.296612128516105633e-01,1.612382137034750612e-02,3.108208849980837601e-02,4.319587690294964255e-01,5.993818658913279140e-01,4.806870274968175205e-01,1.335578131577173921e-01,6.303846424494033776e-03,1.083330319636654770e-01,4.414604304914983984e-02,9.496274865301534973e-02,2.441527949893005645e-01,2.343007020727061462e-01
9.791120520642816460e-01,8.076088425444802876e-01,6.251525967265731953e-01,6.279703885149835463e-01,5.271774240390533217e-01,8.419878311113868086e-02,1.544866771561795860e-01,5.084929118395284942e-01,1.971114592737824855e-01,2.223549392260364688e-01,1.101225253634984386e-01,3.230186964045565490e-01,7.652180526689734696e-01,2.964879878533610569e-01,6.771773910370974814e-02,5.284515972345382728e-01,7.017564476069844126e-01,6.031576177668848127e-01
9.643826296203097392e-01,5.097254068379211134e-01,7.492845466859134884e-01,6.980418599635933585e-01,1.468505675885683759e-01,5.415962343881716157e-01,4.662356129560930040e-01,2.144297845485263268e-03,3.147973857639355111e-01,4.706605350929888298e-01,8.092377700605998814e-02,2.681066656301723250e-01,2.058657903030508898e-02,3.174754921212954439e-01,6.566266900188101330e-01,9.389556659501703539e-02,2.980975521421198593e-01,2.658195331428457875e-01
9.686615196866713573e-01,9.457892527917736158e-01,8.235721172415817470e-01,7.036580959764381360e-01,7.415936290213865911e-01,7.940022516908530337e-01,2.215509773952715200e-01,1.177665868143333017e-01,2.747533830145928446e-01,5.593966451004438456e-01,6.203866005633934533e-01,6.860964851043189761e-01,4.928060214228273672e-01,5.248518673040143412e-01,3.370888074878123364e-01,9.682385295871669129e-02,3.539568483513925723e-01,6.818133514432498377e-01
9.676428400250811634e-01,7.569404979407221568e-01,7.533058249784222449e-01,6.619577849542488401e-01,4.251373463326365565e-01,7.633575525112583637e-01,1.081743197274999124e-01,4.275054087565671040e-02,4.294285168775240358e-01,1.001587479644652501e-01,7.528679667793209962e-01,7.732752717934550102e-01,2.877540044253086293e-01,2.684637371148704266e-01,7.482203014817865316e-01,6.920877389537313240e-01,8.186590024429508672e-01,8.543075789132871245e-01
9.820641280186604982e-01,8.483124380828424571e-02,6.781274120881601586e-02,2.645601570780050649e-01,5.821727950179984568e-01,1.950642085600311770e-01,1.629791025146711259e-01,1.503456132138956958e-01,6.320769901006759728e-01,2.552576981940979373e-01,1.624593089845795812e-01,6.354883256466843378e-01,7.874816682519197863e-02,1.346275347130341735e-02,1.336136028642360696e-01,1.265016851154094901e-01,2.539004644913798181e-01,2.132022141532454451e-01
9.777760556712686846e-01,7.943307451805425856e-01,5.355094871904667597e-01,3.395572055267069567e-02,7.099412502611081033e-01,4.185535772979451230e-01,3.536681803199593910e-01,2.383047956859607741e-01,5.195504343036144723e-01,4.892754453954710758e-01,6.546832234978725018e-02,6.395821339835590091e-01,3.989332722102053447e-02,7.341799582614856601e-02,6.052495291323159998e-01,3.097015280889604538e-01,5.332230760978534656e-01,5.012439311732805880e-01
9.611624551957785867e-01,7.854091586112289525e-01,7.916925396943866877e-01,5.487403355174503838e-01,2.379147999309906836e-01,1.339008591297956297e-01,3.036458496321052247e-01,4.332501795971797076e-01,3.286054137371866579e-01,8.983136254353581984e-01,7.529584969690669150e-01,6.840593974567521496e-01,3.228525430574675781e-01,1.520333220334333379e-01,7.060787421054508517e-01,3.342452691988181401e-01,5.742499874872201149e-01,6.058808347024448038e-01
9.673836530757218277e-01,9.385410613243156952e-01,8.481774385869405020e-01,5.693989573220948897e-01,3.519000602812071277e-01,7.093423112488909110e-01,8.068139871330864965e-02,1.422896042976005693e-01,5.821460206984568897e-01,5.442662835231213414e-01,4.310733965104022736e-01,5.381760013614480531e-01,4.821012986855836568e-01,5.423569899426640140e-01,3.983762405003590801e-01,1.368124151565200952e-01,2.453976170582679306e-01,5.936548164633602687e-01
9.748364561157180086e-01,7.513327399688282116e-01,2.997943973064424172e-01,4.865197256675922732e-01,9.133018706605259274e-01,7.769810541853193753e-01,1.087638362602035835e-01,1.657537559564263019e-01,1.326644234930981769e-01,5.875082147442634017e-01,6.449812050252441420e-01,1.794723461012966703e-01,1.516713789178644745e-01,1.005439011708154085e-01,8.227422877749633601e-02,1.758145939259319612e-01,4.267229333590801810e-01,4.183472507578327448e-01
9.791158884534997275e-01,6.859904134524829056e-01,8.523060882616331421e-03,6.026123938775279631e-01,6.532596804041574945e-01,9.706174194539612943e-01,4.835043820039836016e-01,1.739871526545550690e-02,3.417750669188402424e-01,7.333855100735958699e-01,9.251205852035304655e-01,2.528923714525573851e-01,1.502878997060582145e-01,6.191460564633932684e-01,1.882964685334055366e-01,2.691679813554535561e-01,4.031690520635261565e-01,1.546173410304392537e-01
9.586234954196687363e-01,5.797501211352354966e-01,1.238507513940028393e-01,2.344301058705486329e-01,4.942064044460331984e-01,4.377242717282560647e-01,3.788456996245543884e-01,4.061556684740788570e-01,6.429664913435559348e-02,7.144167689891102457e-02,5.353289388192786769e-01,3.196125735572810100e-01,7.317141594702968321e-01,7.556485791668575425e-02,9.342252094537313312e-01,7.414814416866826186e-01,7.336360006618514173e-01,8.225175781250857465e-01
9.792461443176662117e-01,8.773513681109648132e-01,5.733672473545167181e-01,6.584785318834553980e-01,8.496200025987501459e-01,4.818338111989041717e-01,2.855759086368641619e-01,1.241202254016270379e-01,7.877254936322657386e-01,2.906829610671545633e-02,4.733515785048953983e-01,5.227551385235001263e-02,3.442228478850557494e-01,8.041577330024700376e-02,4.039563178283080425e-01,4.872386511282943422e-01,2.988733204806334198e-01,3.483366895869194901e-01
9.851128103561527238e-01,3.768966214273213322e-01,1.895565126018922963e-01,3.800440110522714798e-01,7.300033328164471369e-01,7.464502584422013642e-01,5.569360854128588834e-01,6.929325017219497562e-01,5.526912890255539779e-01,3.448283490861420164e-01,5.953935553829362709e-02,1.578130310189280738e-01,2.688652851605741190e-01,8.550790337905297966e-02,7.921962423453107194e-01,4.949694539348321182e-02,6.485667308415777876e-01,7.402654776015710203e-01
8.958902698875352844e-01,8.683422684144285197e-01,2.617905733067280027e-01,1.082666738523612587e-01,4.905782239515778763e-03,4.343861352573499257e-01,2.643595932560932060e-01,2.394394055795503323e-02,1.466628654269649390e-01,1.537741365517084902e-01,4.478244974379201326e-01,1.057405300519693309e-01,1.951037775668031105e-01,2.384989610226976586e-01,5.381231656230784921e-01,4.806055067245960655e-01,1.963636551785561124e-01,6.107294653685035879e-01
9.440085036284822095e-01,9.004828886843405655e-01,3.570926213158297502e-01,1.662977229401744472e-01,2.064879332109717525e-01,7.310077386182620707e-01,3.242726467361897180e-01,4.738004136860919924e-01,7.409183234998929501e-01,1.868892420036259716e-02,4.508181830649301003e-01,6.012650922709924378e-02,3.763039708244605430e-01,3.689497911373369465e-01,8.690617842172135843e-01,3.816219550699966878e-01,6.212744888508749952e-01,5.397554152128660743e-01
9.839275188068709044e-01,9.286120537215338810e-01,8.586507290005488402e-01,3.875165248600754286e-01,6.717006085188464981e-01,7.119670485058102738e-01,2.778844744674157097e-01,2.837180814425032116e-01,3.967221562048503514e-02,1.900508705959109701e-01,3.653207971522161590e-01,6.825868472236232831e-01,6.402959562845040864e-01,6.831813576540118893e-01,3.881065497211417803e-01,6.352866080088878653e-02,5.369329782099950821e-01,7.871465355336400016e-01
9.471106821385189001e-01,9.026571972650300202e-01,8.247086093408974028e-01,6.402786315073307755e-01,6.083835827118752038e-01,5.638391651403332760e-01,5.602414817713332468e-02,4.247905541090420400e-01,2.537187842020177109e-01,7.453244723984738841e-03,3.570844415354293422e-01,1.511697700040302572e-01,5.874471882475426066e-01,6.523726667623839237e-01,9.165596580096480039e-01,4.725969165654089754e-01,3.559036995164457928e-01,8.030513293276452247e-01
9.261711495815431183e-01,8.923183673858645637e-01,6.354090902047934142e-01,4.629239675260866660e-01,6.969327978280029923e-01,8.427510571427173636e-01,6.970877631668549457e-01,7.081735939112745459e-01,7.786857446958813656e-01,6.529979415486546479e-01,5.677181613277155758e-01,6.207640240812482002e-01,5.269812649901445267e-01,1.353706385140669433e-01,6.291774853496653330e-01,6.682910431120855366e-01,3.532298009092439683e-02,6.091266796920508098e-01
9.624532391648483731e-01,6.305529043779247722e-01,8.317248603129655526e-01,8.634047061718411742e-01,6.544105723147639608e-01,6.809687898605272238e-01,2.904327796178750587e-01,6.283154194088332867e-01,4.509674269901954857e-01,1.176246059104540387e-01,2.153784094994637410e-01,6.291205678619531394e-01,6.773773319755368449e-01,1.898807769295688189e-02,5.319878608875378001e-01,4.758890086244870615e-02,5.950925968800415689e-01,5.992395481501459065e-01
9.749254207458585286e-01,7.642113196494755289e-01,6.756068773108958592e-01,6.123299852723400605e-01,2.115897779229153619e-01,6.433063802785317364e-02,1.849336269614871020e-01,5.371469347663845317e-01,1.075586271722788201e-01,5.068142942816027396e-01,1.797086737630861630e-01,1.830787524732229443e-01,1.932831282117113691e-01,1.344147637786633487e-01,5.563027159595569371e-01,4.340022707445299610e-01,5.832811430915842976e-01,8.813846806065310791e-01
9.696763003898990485e-01,4.557687577084539865e-01,7.469170698789230345e-01,5.131043455604618053e-01,8.530884700602191506e-01,2.451843081462559970e-01,2.071513830725505989e-01,2.204440759882049239e-01,5.331897535431684432e-01,3.018622034761430650e-01,6.990661452403970078e-01,6.018666469094539062e-01,6.731220305646593571e-01,3.974603893074575844e-01,2.557849818111489482e-01,2.206504913949945967e-01,4.321569597561352172e-01,2.942921568111582786e-01
9.218382256243685680e-01,6.848869656456718635e-01,3.004679011043629444e-01,6.977786611283025575e-01,6.199139124704013959e-01,5.399097150389595701e-01,7.913653615580475142e-03,5.617845659558172722e-01,4.866084516021010886e-01,5.788098148782885310e-01,3.875329502680291416e-01,3.583095555299215529e-01,4.646587624937914551e-01,6.601589636406179906e-01,4.454979130503171174e-03,3.041393295162204691e-01,5.840624424369093015e-01,3.916903215991491272e-01
9.833313522983255783e-01,8.399422038003430124e-01,7.411459191574312211e-01,6.750803755017449337e-01,5.901553022117128622e-01,4.888907530635860366e-01,4.535326947182679036e-01,5.201159767203374917e-01,2.074555758110311621e-01,3.367091950966373815e-01,2.270251870805030658e-01,4.946139835094460202e-01,7.228271156658346852e-01,5.483984393760702458e-01,3.742430889281318507e-01,3.454803452141516629e-01,6.516096821696108765e-02,4.872104319288029228e-01
9.825816104772621129e-01,8.412769139750509995e-01,1.792255973043185291e-01,1.644743674228612840e-01,1.212471445324607849e-01,2.282067223092597852e-01,5.237985911697815716e-02,7.030914676873901703e-01,1.679112344820348213e-01,5.588807131485837854e-01,3.539073509977990195e-01,1.465298389686408853e-01,6.298640283271937923e-01,3.173153174627323936e-01,1.992124867352895179e-01,1.695800778376758411e-01,2.375163938348194212e-02,4.219670312522843525e-01
9.827868785566046261e-01,1.851058415550811687e-01,3.086132012871031435e-02,6.371030045691421506e-01,6.560458066137627720e-01,5.021590440645047337e-01,4.928357795709323863e-01,3.396919763620588895e-01,6.746558673952592899e-01,3.712576930569473910e-01,2.450030055588518219e-01,5.419512300378236391e-01,6.245888129167620484e-01,7.401776012086336287e-02,6.203736719827678686e-02,1.636323282218213881e-01,1.373049414123962524e-02,2.744162645055319705e-01
9.843304961864676184e-01,9.080681711497591291e-01,6.612091941526774264e-01,1.851089178424685233e-01,5.486133965036468219e-01,3.420151029925440067e-01,5.712119216063344940e-01,7.551427928229452746e-01,3.166851790889084195e-01,2.301543338789584503e-01,2.366039205216265151e-01,5.304363860380655327e-01,8.438321806036991335e-01,5.165935211573848829e-01,7.806283507772566743e-01,4.728331546638536165e-01,2.769205675559748836e-01,7.302377844239824611e-01
9.879793732846725574e-01,1.558732800044168587e-01,4.686210009452008302e-02,3.200904145705245618e-01,7.648274927698639480e-01,2.605748443304953810e-01,1.107181947268514460e-01,4.168594613339406951e-01,4.208268883407192268e-02,4.674399642381626974e-01,2.061416963642288477e-02,5.797003237683820975e-01,6.426337211646766523e-01,6.166882319243705696e-02,2.866034529765643657e-01,2.779349816900467465e-02,3.738059531131200375e-01,6.641860255623016629e-01
9.812820218664387584e-01,9.430340862397957880e-01,6.112170453189116337e-01,7.744460500531255009e-01,2.753905434779048145e-01,4.242611082882675744e-01,8.299785700937092892e-02,5.120419557994175808e-01,7.600816378417523111e-01,3.140219865682599698e-01,3.989948432333149664e-01,3.346623865172212442e-01,3.995232234958845385e-01,6.590555026122578708e-01,5.086745274850355131e-02,4.843838023763643585e-01,1.545152497428927962e-01,9.213621838256084162e-01
9.912093230812673017e-01,6.462837178388863846e-01,4.619347689109994937e-01,5.759468263598036541e-01,8.507585291100239200e-01,8.549008952956326235e-01,2.694641805642368215e-01,2.561754952002667785e-01,3.416791607838833844e-01,3.053254271318234236e-01,3.903796667377378016e-02,1.531650507218426660e-01,5.741463483922038327e-03,5.411451358034530257e-01,8.327568821418547262e-01,4.589943945926368563e-01,8.074265358884786803e-01,6.748042007007115650e-01
9.561676679654437239e-01,7.587928086293166396e-01,7.375014434302658017e-01,6.887108562656606425e-01,5.221050529886901437e-01,6.748270424715238081e-01,4.370832599902560456e-01,4.631438282094093584e-01,8.225117632898687470e-01,7.690023772971575911e-01,5.715459759092270664e-01,6.762605418591109974e-01,4.798038649575152026e-01,6.051617456679154738e-01,3.822942504365686167e-01,4.837836804213387354e-01,1.602132630596567187e-01,4.686450782758777925e-03
8.148946028547567888e-01,7.449683857343921689e-01,7.077883484239809730e-01,4.049061765345572939e-01,5.398943704604063365e-01,1.230043859449287263e-01,1.658967972972751059e-01,5.870388017030002681e-01,9.264841002724930052e-02,2.982562680780807551e-01,2.392471204094166401e-02,8.363228645988320942e-01,9.520038891730284170e-02,4.963971669376522899e-01,1.488769520840441674e-01,3.403466609953613164e-01,7.307432694867053158e-01,6.719251233793435141e-01
9.681675619813695510e-01,1.278647223460734894e-01,4.876222029034179006e-01,6.440215885615975244e-01,6.424167149739226090e-01,6.845507634297033628e-02,5.327132033843657855e-01,4.711880748913834793e-01,2.660569912814373383e-01,7.773492426958993340e-01,8.503551040922606719e-01,7.960672627245991839e-02,3.332350364578717805e-02,1.358669590613595102e-01,1.274374024914764481e-01,1.267874317837615061e-01,5.588511028123620550e-01,7.840614847897473538e-01
9.707996417289397328e-01,7.420531607853732003e-01,3.603505770584130019e-01,1.033086674396191396e-01,5.130637932198418155e-02,3.924480121126401877e-01,5.528181449515339185e-01,4.342701246750989008e-01,1.718724980947457515e-01,2.631459782074553333e-01,6.507577969588083933e-02,1.659496113490965818e-01,5.028738517624364857e-03,4.221602688079922894e-01,5.760887880151963625e-01,3.641147776221043131e-01,2.557429643615071191e-01,2.670540550413521008e-01
9.896865013180160542e-01,9.133539866409516872e-01,5.723781516543327008e-01,6.495119038485884511e-02,6.115540222431450346e-01,6.869705810432137350e-01,2.596366283625554106e-01,2.490657641243884945e-01,3.197439760281521326e-01,4.424621300276003200e-01,4.282697846253876728e-01,3.835989023482311300e-01,4.959793876565430359e-01,2.915441231579155024e-02,2.855617073670070338e-01,7.848061214615739134e-01,4.060283943312600896e-01,5.028988054042087263e-01
9.288377137266918826e-01,7.762557251313934037e-01,6.632580661127791544e-01,4.694425705933107928e-01,6.434386732192932667e-01,7.329113418519335177e-01,7.776287176012383062e-01,3.709982971089334069e-03,6.203790056429009728e-03,3.178054951553893615e-01,4.910175886650200439e-01,2.353466589225760019e-01,5.297427614172304233e-01,3.623562016161643307e-01,6.954049077089717867e-01,7.295723488613620189e-01,7.077695130810066626e-01,8.407192653870415588e-01
9.305072408517696125e-01,7.108156694825087385e-01,8.330012299679473431e-01,6.218170056579173099e-01,7.323560609194242899e-01,5.634280180655611980e-01,2.005919326714162287e-01,5.003645394840190441e-01,1.652326142922095897e-01,1.999017234645894814e-01,5.226682503007821223e-01,5.235866048837628517e-02,3.074988481915409966e-01,9.405422953758751925e-02,2.226382348555387969e-01,7.181307872060804787e-02,5.288822504656816026e-01,3.942903927591924762e-01
9.477549599320631568e-01,6.990338482397461251e-01,7.580934196064677000e-01,6.182352586926522786e-01,5.068701142507706647e-01,7.451656491258444870e-01,5.354871567496048007e-02,9.786746371852575455e-02,5.447957647525182301e-01,6.517155380244076257e-01,7.897626822471897068e-01,6.640975406083159116e-02,1.919338882198255714e-01,5.004107803712641855e-01,6.879796462006186886e-01,4.841062986901712439e-01,6.948511960153438416e-01,8.310305524829745272e-01
8.980970647302041199e-01,8.406182337633631985e-01,5.856696786826669499e-01,7.461692998612543537e-01,6.282315741090239714e-01,1.888126655998804415e-01,7.054556582361802552e-02,1.443067643395049178e-02,3.516723661394847156e-01,3.317398743530263761e-01,2.921016101544126609e-01,3.731664278948810254e-01,2.207402043905153377e-01,1.369016255327271947e-01,4.678273333651111754e-01,5.236392009942960613e-01,5.158516671582732416e-01,7.738029850406941135e-01
9.810720417305268670e-01,6.158450230435325023e-01,3.266866716268139181e-01,3.367972300912472905e-01,2.545157182913364291e-02,5.945682533076097620e-01,6.111713065193429273e-01,6.911253304092104255e-01,4.216153114516753980e-03,3.809673038228028608e-01,8.845411349321848082e-02,8.505435831389443826e-03,9.162357667189849342e-02,5.227509981999700628e-01,6.563499924895531690e-01,7.656951816003307876e-01,6.635533698717794859e-01,8.909723271879627093e-01
9.913953598368563380e-01,9.469334648048218783e-01,9.356728706925899752e-01,6.742215671003674027e-01,5.862399750058209236e-01,9.502777824564093700e-01,1.713880038953802809e-01,1.437978127508703075e-01,6.823495650719518801e-01,6.559569090921001377e-01,8.129322891563823816e-01,4.302291047147521197e-01,5.388942877101611240e-01,2.695485914549730078e-01,3.099350550258791470e-01,2.731538405111994527e-01,2.435088693557016237e-01,6.444574500664546068e-01
9.660166101429604746e-01,3.463504588822552965e-01,2.890268933257993944e-01,6.954101247764684635e-01,2.786003488427276076e-01,4.795700719713503202e-01,3.131477480035552152e-01,1.516676611250204199e-01,5.426205444977530989e-01,7.160647206517485597e-02,5.671400557336340187e-01,7.136124829148906556e-01,8.039936520919417628e-02,4.462693182738821096e-01,2.467140136522943394e-01,5.884805671039304853e-01,5.019814056127798185e-01,8.774820245743089053e-01
9.383387556032930510e-01,3.164292875495083868e-01,1.184357476844933310e-01,6.839949200814625652e-01,5.826740376200381100e-01,3.991992193866541472e-01,4.199117666400264959e-01,7.254257056995747632e-01,3.412194334073160862e-01,8.215753542001699716e-02,6.036092626085141077e-01,5.348343854541518505e-01,2.188385695744340664e-01,6.074725193037163740e-01,5.979000643914161861e-01,5.649907570047788541e-01,6.264129821204850179e-01,7.827919704288431868e-01
9.739636186742706148e-01,8.137253469932560490e-01,3.833448343350469578e-01,4.505838200371978242e-01,4.319360556656878236e-01,1.660898701235756225e-01,5.617988567611228445e-01,7.858898539019473772e-02,2.571981612628422287e-01,8.739530813450909624e-03,3.483227250483634241e-01,1.754640051777737186e-01,5.121747757905221743e-01,4.777719672593092604e-01,3.183733090316074321e-01,5.388208290046230253e-01,6.520241114733098531e-01,4.237335090540740312e-01
9.510175128498510322e-01,8.387108300204121347e-01,4.337252956817631566e-01,4.766135608925736733e-02,3.527608806137080832e-01,1.873394067886999803e-01,5.226896784173065136e-01,3.924276643639331152e-01,4.497744527228044187e-01,5.455654161977183669e-01,4.898454673474404997e-01,3.105483249174719948e-02,4.660794794897233917e-01,4.229008868716038760e-01,8.921438401485360936e-01,4.953211020812187115e-01,4.925522431867139783e-01,2.817987454416533422e-01
9.884146747682884815e-01,7.801010187664716433e-01,5.701205300329548198e-01,5.235598877773485205e-01,1.243570598601751037e-01,1.839682783729102156e-01,8.314131333886365383e-02,2.937865388613338305e-02,3.290688459339218275e-01,1.277046031390769443e-01,1.349770987057158922e-01,4.762421991430018653e-01,2.364925817516748963e-01,4.860180365148779047e-01,4.239993620655542195e-01,1.880244623393432790e-01,3.738989645920505756e-01,2.995199072653630390e-01
9.700427379069712641e-01,6.897041395570002731e-01,6.802197866511834334e-01,9.316223845468150910e-02,7.339636406601703911e-01,3.269621070013739583e-01,1.390077696947641106e-01,6.559345570065686637e-01,4.515759023262013727e-01,7.985036905649904870e-01,4.574499918751939176e-01,4.826911617768464002e-01,3.992666043566687195e-01,2.448875717541309227e-01,5.730032722413828106e-01,5.786486621507753725e-01,8.151728489430055957e-02,3.659075904106385835e-01
9.650314504896775336e-01,9.226948688064948723e-01,5.993127162103679684e-01,2.985660236863914019e-01,1.969025517832605210e-01,7.428499343420308376e-02,3.138785494259865305e-01,1.051093747289528479e-01,3.661817050313948552e-01,3.549536457943717749e-01,7.296070759832228025e-02,5.935834616159324506e-01,5.289384233364420318e-01,3.820467026361475948e-01,4.533245822290820626e-01,2.345256067569118641e-01,4.307350800053034168e-01,6.625746148580881068e-01
9.827099106884912283e-01,8.268707667680598172e-01,4.760860197208153788e-01,3.403859988018441141e-01,7.584519299989012087e-01,1.458310654766965253e-01,3.052559026210707738e-01,5.158621415153039624e-01,5.574627135356542418e-01,3.262285147494850546e-02,2.830612099318149388e-01,1.544969922877175439e-01,1.378866611372165096e-01,8.925866521111190666e-02,2.927894417119976667e-01,8.399274492019746796e-02,5.463959597985007521e-01,3.955703936501944740e-01
9.618911513619835540e-01,7.565649391180436778e-01,1.655678288227703521e-01,5.693958962417271508e-01,6.845475196242365445e-01,3.289821122723847469e-02,6.761465747781575386e-01,2.998239472389492843e-01,5.882521258770169181e-01,6.638534936228169814e-01,7.504563240813616476e-01,5.165685701041433653e-01,1.217387032262875340e-01,5.207616069889520194e-01,3.433488156546693482e-01,2.361932077257474505e-01,6.275494022742315048e-01,7.755518439752505655e-01
9.746764128564273655e-01,3.889657831564591328e-01,1.036179653576133897e-01,1.917534875897343172e-01,5.608682897478407536e-01,6.364248394834524092e-01,2.868728490035498124e-01,3.919064145992400272e-01,7.938191545022803552e-01,6.668596902689760686e-01,5.320522829014173727e-01,5.003802111209998404e-01,3.999055685450234043e-01,2.463796726859505959e-01,6.125832305637540776e-01,4.576129864362321054e-01,3.364765755289100824e-01,8.768584011344412454e-01
9.604319743174977164e-01,9.209594638443191483e-01,5.902525704577088472e-01,4.244956770582401506e-01,8.346944224080170560e-01,8.188673520209922563e-01,5.934800001995003127e-01,6.826229449465694987e-01,3.104247156038797417e-01,4.518606769299347015e-01,4.810728763786378259e-01,6.783197091112755928e-01,7.671189218058334092e-01,5.026755512863062547e-01,8.116525365688473381e-02,2.762467374290603420e-02,3.093073349748033385e-01,5.065171712047970148e-02
9.819125213211641334e-01,8.013533458651913577e-01,8.851552439807020001e-01,3.718636791604139069e-01,4.079862114194338085e-01,4.004824472844696892e-01,6.558152170800962688e-01,7.554939176360077058e-01,4.873820733368618430e-01,7.032407574026109387e-01,7.917958724649255542e-01,6.813355557626550318e-01,2.286035827690235667e-01,3.121156213503999965e-01,5.213967818701743528e-01,2.406463102666649145e-01,2.362703360178621259e-01,2.701329461242003016e-01
9.731530172801308165e-01,8.002764794645294000e-01,7.115915709432226732e-01,4.386724862454484675e-01,4.697295510799882196e-02,5.603558619005500480e-02,1.506652068602069572e-01,5.165878756073588596e-02,4.978877742643628146e-02,2.149603864408228815e-01,4.843601779984217370e-01,1.590355304646875745e-01,5.170035256687378622e-01,2.350532617889221632e-01,9.296204905608219937e-02,3.990407243613466326e-01,2.218551143498437572e-01,4.660966406565773545e-01
9.797479181012140881e-01,9.473672808386305322e-01,8.755297984808853018e-01,7.894662876802639451e-01,5.642412732540162956e-01,5.275213912184863185e-03,4.765741009721985444e-01,1.154967626804056652e-01,4.277793925637828343e-01,1.584416749807879832e-01,5.108443488173156632e-01,5.204257681059972773e-01,7.008907336958194456e-01,3.382431098590280016e-02,4.247537939782378702e-01,6.131786806888993580e-01,5.439288057565253576e-01,9.229182850638897317e-01
9.732291956820221523e-01,2.992913243820269908e-01,3.093338348435248353e-01,6.096279815831326387e-02,7.593244428079541641e-02,4.071932400662234830e-01,4.306457792521405925e-01,2.454570004513313003e-02,3.371775182144899352e-01,8.267248667941238249e-01,6.834536986005188552e-01,7.457870167827168606e-01,7.935770651207497972e-02,5.863547123297194741e-01,2.919181882211113743e-01,8.262185762961979929e-01,4.897705654790853735e-01,6.980571627771646748e-01
9.826877525723392015e-01,7.370333997181923724e-01,8.618593242568831636e-01,5.374929905427300314e-01,3.122848315713835921e-01,5.108279945539841993e-01,5.478176368783359979e-02,5.664881737944622575e-01,2.090192632730267508e-01,1.325318746339512466e-01,3.122217447450931771e-01,9.811276065852972406e-02,4.281102374773397834e-01,3.532089306402214079e-01,9.043117086530011450e-02,9.007764365126781636e-02,2.426078115330795038e-01,2.755066893825091623e-01
9.838300289269401588e-01,9.712371240543818951e-01,7.830530978809061571e-01,8.461038247687950875e-01,8.865818531615364817e-01,8.128292998957006299e-01,4.167345195652327750e-01,1.243732880066351215e-01,3.083195138364272503e-01,2.615379989763239599e-01,1.709161157536248643e-01,2.762962295656508638e-01,5.262979987315087316e-01,2.826200845231540693e-01,7.645048219464094519e-01,4.770654234352780243e-01,5.718353164271474665e-01,4.764080509007762587e-01
9.768891058470816624e-01,3.917340838446213280e-01,7.205425861192108483e-01,7.333989383408953122e-01,7.109255464189602192e-01,6.711080424211757212e-01,4.641675994714302145e-01,8.353900541997046070e-02,4.840065804634823832e-01,7.749426172781221922e-01,8.771327319718975613e-01,2.980632818518414995e-01,2.525519094986489188e-01,5.236410236778870075e-01,8.466672086083553150e-01,3.117590685016969135e-02,2.811422174530145979e-01,5.034264720204919552e-01
9.782559844671433469e-01,8.682883318573614284e-01,8.941292572566358343e-01,2.726721989427199899e-01,1.720078400283659992e-01,3.842925251392591002e-01,3.029088453941187198e-01,3.700352862811525645e-01,7.158261289226330870e-01,5.431599688787588365e-01,2.127307820892480605e-01,4.466000790340354104e-02,1.312782370030578516e-01,3.692557919488639318e-01,6.830475877080859348e-01,6.248680297652658977e-01,7.843915050107594933e-01,7.180316661041369342e-01
9.678348448859087627e-01,8.978718789809168044e-01,8.590587627628124556e-01,8.394938146796170064e-02,1.352128764660926463e-01,1.795420286557005973e-01,4.082092114268809357e-01,4.294136311839225062e-02,5.450106361839257563e-01,2.916974444246028253e-01,6.197037094871955115e-02,4.005037867181162614e-01,5.594597622288046690e-01,1.873240328397001442e-01,3.233819795333592872e-01,3.743469338378963562e-01,2.649914184180066079e-01,6.755280565123897851e-01
9.822137956023391236e-01,9.127592088471335741e-01,8.042650028710416343e-01,3.314645944494520879e-01,3.800273854777186378e-01,5.867464976281467903e-01,6.492421853076554283e-01,1.283029871178774546e-02,2.546645781955256260e-01,5.015505501812074218e-01,1.698635071839108279e-01,5.465102313293085379e-01,2.833352964142232255e-01,9.361637776857137383e-02,2.333172371809973389e-01,3.748744591270184445e-01,7.378516141027207098e-01,8.843158216408048000e-01
9.893424305657571027e-01,8.503149962923811644e-02,2.833202993217492915e-01,5.585423259757150705e-01,2.832822454327657558e-01,7.195379949648981199e-01,7.712304262570758295e-01,7.975418832331789831e-01,1.177447465823165396e-01,3.200427093954202884e-01,6.305797218350667199e-01,1.621837591495050301e-01,3.406202520110430121e-01,3.710992239193688924e-01,1.995130857782155820e-01,4.018636754682596290e-01,2.255233433585017433e-01,5.641258683003501639e-01
9.608953411808809353e-01,7.162466684861596988e-01,8.715798712551727778e-01,4.128106195850337334e-01,6.773319458623024980e-01,9.217911214888281357e-01,5.237776490638084148e-01,1.272091096915415331e-01,2.865580513497478776e-01,6.030651723186475355e-01,1.286720645431739529e-01,7.582202656950550734e-01,4.982742329374364315e-02,5.894858160277964831e-01,4.649541523672673926e-01,3.627657469609359420e-01,5.752011544047936908e-01,7.008916197500161260e-01
9.768591980904758332e-01,1.675680883250496855e-01,4.315711963975888965e-01,5.970422708688308822e-01,7.454806396311859373e-01,3.874823553496818396e-01,7.377263512174601912e-02,3.810683334255532406e-01,6.340035458788438882e-01,4.168066436468139124e-01,6.530789396007377068e-01,6.167345086582012303e-01,1.655707757962391335e-01,5.266265819806755788e-01,4.515232478101533498e-01,6.219960155376754729e-01,6.352493108588381787e-01,8.389165552406457893e-01
9.111372923166686233e-01,7.754573157826841756e-01,5.426439615912229675e-01,3.706592394533791968e-01,8.301225423786688928e-01,7.427896290129871737e-01,3.436986859508440739e-01,2.741116833958394394e-02,2.778393900440407835e-02,6.349780523406379773e-01,6.920936988672509171e-01,5.845366079158217376e-01,7.608736776972434557e-01,3.528446685550168382e-01,3.456440460375470591e-01,5.051891597238024056e-01,4.169760233284418027e-01,6.976914491682861819e-01
9.898963937691906967e-01,8.476049150827416057e-01,7.287391936901433942e-01,6.921327530805697625e-01,4.160196677061651221e-02,1.758544121271122251e-01,4.506249604548216992e-01,5.848752210498737829e-03,3.124567783340476690e-01,9.935220967162450290e-02,3.874850774320031110e-01,2.759399442945164593e-01,6.186145999118551897e-01,6.128087840641162076e-01,9.261914735193348125e-02,3.704838912824757330e-02,1.824301178957370151e-01,2.948198433313088396e-01
9.913467649136284976e-01,9.256779004533205457e-01,3.719860562505991619e-01,1.046588890245429282e-01,3.427278126965733196e-01,8.094186326145801358e-01,5.050510504970094905e-01,7.412120376499498065e-01,6.064709861610708685e-01,7.933126843718915078e-01,8.028697178723598338e-01,5.964597562297532241e-01,6.513497895665248949e-01,1.854524342747654597e-01,1.087764343535949224e-01,5.417988079147737501e-01,1.037162878953891421e-01,4.964474821142342287e-01
9.886858937092374289e-01,8.933829665798811437e-01,8.653873081757221808e-01,2.587196262258898427e-01,6.497038414593153677e-02,2.192712464001767281e-01,4.950263937135547798e-01,6.270997371877629067e-01,1.257519458454522676e-01,2.393612526488298475e-01,4.992087709049856104e-01,2.071773937900528162e-01,5.924463876617133001e-02,3.147945624243553286e-01,6.166993941677659796e-01,6.293384221007525259e-01,2.580618641720821560e-01,4.385647539217867319e-01
9.879999037502061876e-01,9.721688818717784120e-01,7.868386630272252713e-01,5.021774320921912338e-01,7.544781128787656499e-01,1.895459533280847986e-01,6.468808566774095770e-01,6.591761877377081413e-01,4.244228857269775057e-01,2.104321122698147861e-01,1.735071377761859546e-01,6.395539014704858527e-01,7.985390251654415072e-01,4.402246871516065085e-01,1.941206057556431885e-01,2.838005795536577280e-01,3.496731339557046514e-01,8.082584555462780651e-01
9.789254859174729706e-01,9.045228641663977109e-01,7.559806471987402521e-01,9.056662449337287146e-01,3.778158762072487131e-01,3.122967196253325084e-01,2.100841196978946723e-01,1.678009671376893275e-01,1.883329649133926725e-02,9.012045742432048256e-02,1.670961667798820383e-01,1.415809475924595384e-01,3.842389549074845534e-02,2.179029006616550745e-01,8.797818514328211714e-01,6.099991729354605763e-01,9.120008442235787438e-01,6.581907568418012833e-01
9.521564000221240942e-01,7.168914471354645435e-02,4.223681178734294273e-01,6.094501614598964168e-03,1.352550680732621524e-01,6.431268596025339068e-01,1.284253526967932268e-01,2.063621858998157532e-01,2.066577037822704133e-01,4.619644049521400841e-01,3.916105590698506500e-01,1.304966812481178073e-01,4.004630755568318601e-01,4.019443342258708363e-01,4.061759757078496347e-01,3.364106342227205504e-01,6.730246435407206684e-01,3.797263030258096195e-01
9.804608669009330368e-01,7.936965270349755075e-01,8.072375178378273786e-01,4.271015719366382801e-01,8.690129631638093821e-02,2.587571748691535611e-01,8.195699940540215334e-01,4.526730990348221129e-01,7.666911482307425807e-01,3.347221343554496187e-01,3.117658582701281489e-01,5.566000073773896828e-01,1.642897841365772993e-01,4.258619530302306111e-01,3.453252334729558365e-02,9.517097304699788374e-02,2.720802061144416140e-01,2.967963079974632601e-01
9.812055939314761055e-01,8.041742749305905713e-01,6.732673464180539691e-01,5.270711099439634451e-01,7.883049270167822309e-01,2.339637224560599527e-01,5.470085244809456126e-01,8.588375673703224633e-02,8.041089933321450278e-01,8.010169538439272374e-01,5.951305869573787488e-01,7.851921989122440104e-01,4.174042822397074359e-01,5.358602093204206662e-01,2.721354692350511084e-01,4.785313184529609298e-01,3.536776432460113084e-01,6.826695871948262884e-01
9.757027398452087219e-01,8.402072655573262772e-01,9.063632240742481860e-01,6.101560302656410251e-01,6.667243246238530041e-02,1.960180238540195352e-01,2.558920847570336429e-02,1.102693700912215219e-01,3.886506684229683595e-01,1.656707669694300056e-01,4.953298212583566174e-01,7.511513454664895395e-01,1.473704648868442990e-01,1.504008641831242610e-01,2.798860635967009153e-02,6.599008549681252556e-02,2.447552328129624366e-01,5.787193733048228150e-01
9.817554195707688391e-01,8.901568076438465260e-01,6.677519047204812930e-01,4.761325788156511862e-02,1.492668267200247534e-01,5.330884940548334672e-02,6.506796303644715174e-01,9.047659857675538486e-02,3.228014809341133162e-01,1.240497474212824344e-02,4.654718606444601531e-02,3.409728502699606034e-01,5.721435210281359263e-01,2.091547870987177926e-01,8.241889252478558081e-01,6.156541768861001351e-01,1.128138678844130688e-01,1.805711161150644894e-01
8.895784988702856166e-01,7.707013756382657954e-01,3.601768719039475930e-01,6.871614344518118811e-01,1.691413934219271054e-01,2.252695764714877924e-01,7.044672340281762923e-02,2.023093399128905734e-01,2.042825779113582318e-01,5.657827368750836250e-01,3.985064697999959882e-01,2.772200361196621166e-01,5.278581896624560121e-01,1.353959263094343390e-01,6.425897836805500862e-01,3.088929059780713970e-01,4.821000131003514988e-01,8.723876212312092759e-02
9.784220288196125992e-01,5.777115915317689865e-01,4.901903086891824524e-01,1.222013015462568991e-01,5.091505473548848526e-01,2.949717340907824226e-01,2.663887835623425238e-01,1.496624724952060059e-01,1.097721901979412107e-01,6.364751249487571316e-01,5.817765592797506935e-01,1.280233947821435569e-01,1.024430027844638602e-01,5.605827253295702500e-02,6.344862546553325933e-01,5.929388856530347640e-01,5.519807453516958340e-01,7.992318571906089630e-01
9.352979199211077788e-01,7.375473929370223169e-01,6.347357342300347094e-01,1.839081228720465810e-01,7.532216474547603902e-01,4.096766769893520760e-02,2.254446726081340557e-01,2.682137173759275295e-01,8.150038623932158721e-01,4.585047402177627185e-01,4.960082753251328636e-01,6.397223772692033246e-03,1.219811022416940893e-01,2.091140748498760416e-01,1.206920154942394269e-01,1.293508338949458658e-01,3.699152174413806171e-01,4.579650488391369123e-01
9.664251703022688211e-01,5.698861931276348880e-01,6.606424941240042203e-01,8.701262551177891824e-01,1.253049366492327843e-01,4.319625411127514525e-01,6.024067169153228818e-01,2.202560665021096459e-03,3.885337475138980201e-01,4.004248075849588528e-01,2.147183771582889811e-01,5.059638083815846121e-01,1.339780143022529513e-01,2.496042953288707400e-01,3.171404055932015575e-01,1.996972459600319383e-01,4.241419687291079210e-01,4.539524730771559158e-01
9.574781580014146698e-01,5.677676232287771629e-01,4.426228383976936742e-01,6.342847016556856232e-01,1.085577552440870341e-01,2.432624389021097178e-01,4.133864382899804513e-01,8.527062491245291920e-01,1.042483022053769803e-01,3.435714886084204750e-02,6.358795519620856762e-01,5.528251486692553618e-01,5.340605801750112347e-01,5.284005640252271707e-01,2.257602109110628807e-01,6.282067375905368012e-01,7.402048632998805555e-01,8.818627023109587570e-01
9.617464394296760810e-01,4.938625620254821214e-01,1.486625461899878098e-01,4.142839993704966473e-01,2.943797851270041344e-01,2.245292198906800318e-01,1.902924747782950010e-01,8.382264653943721777e-02,2.550606876056353833e-01,6.856503049666883010e-02,2.954260251564060913e-01,5.625623167480756429e-03,6.333303971984242109e-01,4.085173187448793430e-01,4.764746805208339153e-01,2.375616725091853620e-01,3.785284310322773460e-01,3.268667307760887430e-01
9.827403342420851784e-01,7.697598495076611869e-01,9.330530405160625262e-02,2.744784313089658201e-01,2.093708202011355657e-01,3.716716187575941355e-01,7.955465700282025043e-01,6.372905903202976674e-01,6.780230418153943006e-01,6.346353497470783589e-01,3.806094061760736391e-01,2.625320487026686633e-01,6.405082220312579011e-01,3.866144309150748581e-01,4.403506315511514918e-02,3.422134558086664113e-01,3.361077821536608279e-01,6.106460702386063977e-01
9.656013165673186238e-01,1.008777322921505792e-01,4.586472798262731798e-01,5.211833837691219884e-01,2.707314934466073519e-01,9.864625506715994641e-02,8.451925789417787938e-01,6.193027077385681034e-01,4.483841489251957912e-01,8.320614662460723565e-01,6.848673514921245209e-01,2.093640968839610879e-03,1.182073654659379219e-01,1.176881309499994699e-01,1.019251649975198709e-01,3.766372493689560952e-01,4.048599574866174611e-01,6.956552525342429849e-01
9.752610479762943152e-01,8.848399555841336417e-01,8.210022661642033537e-01,7.020669518472635318e-01,8.523539473136126920e-01,7.147101832336983929e-01,6.757997836122667801e-01,5.882878562666701283e-01,4.503608296834418212e-01,6.056578448815916893e-01,6.604378794326447588e-01,1.558460636807834643e-01,3.090517143212375209e-02,3.804445472595940902e-01,1.167960885554054640e-01,7.190822602418296405e-01,7.810053125861096124e-01,9.065475358070093082e-01
9.807640839015253631e-01,3.051671084214439000e-01,8.839112413695804360e-02,3.685368083005353679e-01,1.445272991969368537e-01,8.844638375017099818e-02,5.091595477155554939e-01,3.543800755271900305e-01,7.079649735945924283e-01,2.075819770911609685e-01,3.077655345467644188e-01,9.279124368900939501e-01,9.382417247148413519e-01,3.849448141661904743e-01,2.431346766767439049e-01,3.562795597261121383e-01,6.162226595344042490e-01,7.066777906130087272e-01
9.732418358044810924e-01,7.839569160076124144e-01,8.237004272841791375e-01,7.539979526912409247e-01,4.529538263412629107e-01,2.642241586452685476e-01,4.209638908231167487e-01,5.799763864011223680e-01,3.908658461514507437e-02,6.270163401169652762e-01,1.268538084124711807e-01,1.335254050695469097e-01,2.311706762415639271e-01,4.343443465130483738e-01,5.069291119676808122e-02,2.564126172206599996e-01,6.855903524285666961e-02,7.829111775058748002e-01
9.817154916501757977e-01,1.365431066002846805e-01,3.917125705879327402e-01,7.198899271151091295e-01,6.247894136075839988e-01,5.408502450323879329e-02,3.672698672047468582e-01,3.708474949086041361e-01,3.819398508535706838e-01,1.793944558200622486e-01,4.102249302969696032e-01,2.802295046533679335e-01,3.459454362777395625e-02,1.990790412219566041e-01,1.792211633614927135e-01,2.555920749525139590e-01,4.453476455398394651e-01,6.983910284137496705e-01
9.669418420814521742e-01,6.030857711765479356e-01,5.510757725271754337e-01,5.176246725909976476e-01,4.495221277308182883e-01,4.599488547352864609e-01,7.369025703327110044e-01,6.590852134298720300e-01,2.258829568293081735e-01,3.183822152238404146e-01,6.191440260843298349e-01,8.812761568635402165e-02,5.441662466100977147e-01,4.337272575707642464e-01,2.032559162207127623e-01,1.569979986498850899e-01,3.787319347446841400e-01,6.183845961347399500e-01
9.951666238446974511e-01,7.644749592110251513e-01,7.865049722842680779e-01,2.873258779266933960e-01,7.894076664348517736e-02,2.237926337322534154e-01,3.622515236524340848e-02,9.107391184872187795e-02,5.353638486406934183e-01,3.656922220407283208e-01,6.180795676614015965e-01,6.135386312562776112e-01,6.187948942506436012e-01,2.291369690573348550e-01,2.579114291357426092e-01,5.549689578092084075e-01,1.714042774229388721e-01,7.581811511331988385e-01
9.780020410628051941e-01,2.549645326451770999e-01,2.172966497462113789e-01,3.718710317373062901e-01,5.279829838938808750e-01,7.646014910474325799e-01,1.702767230297454470e-01,7.568162594833804935e-01,1.110453806016527822e-01,5.394784527600490209e-01,2.942570113277263588e-01,5.616432529137386220e-01,5.281667787201521636e-01,3.642927219423045537e-01,3.833391246976866062e-01,6.575666032894800228e-01,4.000797815539123836e-01,6.907154959137206118e-01
9.828792371095275149e-01,9.314220219537091561e-01,4.714851475961371330e-01,1.357047597604467970e-01,1.872443918768835341e-02,4.389396614083359571e-01,2.173708356385932461e-01,1.680694461239334025e-01,4.986440323631991522e-01,1.723997253017034992e-01,3.275604396284770292e-02,6.418725297699496846e-01,5.217083325689660933e-01,4.181657160370472748e-01,9.586024800150724223e-01,6.341714306510420895e-01,9.262985406750469108e-01,7.604587046733346511e-01
9.849240032384649624e-01,9.066550268983882832e-01,6.838516948507822324e-01,4.206691983160500969e-01,3.711462152274386250e-01,1.170009327812453065e-01,3.877693828806483278e-02,1.924401085493938068e-01,5.387264757057483866e-01,5.362093333474711176e-01,5.256368485021286618e-01,9.676342086024662323e-03,1.518102020548421360e-01,5.115672621852713764e-01,4.275988386624074988e-01,1.562152354630015061e-01,2.872725802050375421e-01,7.357951611275791448e-01
9.792257405705493412e-01,8.881494179996536342e-01,8.385945751615543342e-01,7.223343612638807310e-01,5.241030990755244368e-01,8.253413221752595730e-01,2.434593549528967504e-01,3.300284407158916022e-01,5.293893817249147871e-01,5.322051108010364961e-01,5.169586021380677687e-01,7.638878632987436967e-01,7.595225365238564841e-01,4.148318107223424867e-01,6.522353225202273674e-02,3.073113630073924241e-01,2.268168486071008572e-01,9.290317529989448042e-01
9.839349376137259684e-01,9.224641477792097644e-02,2.439275772274429877e-01,3.147164414344584826e-01,1.901437318749534255e-01,1.060398185713400387e-01,1.217612532661059843e-01,1.849655800604199651e-01,8.252000427126990889e-01,3.611868778184664786e-01,5.234377043996214507e-01,6.788012220558545806e-01,1.180509682718222653e-01,2.794756879353530454e-01,1.141806626061055568e-01,3.878952055287687717e-01,4.802653550304776253e-01,1.426246714971006468e-01
9.780613106801399059e-01,2.747248500181695419e-01,4.951387274817121709e-01,5.449001256242176350e-01,4.986921358969482743e-01,1.153881623499767306e-01,5.777665549357130503e-01,2.526829151353556999e-02,7.801983643633346732e-01,6.147475262513449890e-01,7.605401764027505118e-01,2.721841875089660474e-03,5.308879408960449561e-03,6.238863221789619357e-02,2.874340053103932036e-01,7.548152356813217501e-02,4.632330621936985304e-01,1.138691922202799203e-02
9.763764000948564892e-01,9.548276204968859648e-01,4.889843008946786473e-01,2.840380095710556829e-01,4.849544983376822271e-01,2.924202832702307853e-01,8.117985191527078426e-01,2.573425527407482982e-01,7.221957662994553662e-01,7.113905470176263846e-01,5.830690324395796376e-01,3.220595411476623871e-01,7.114325006344290880e-02,4.217848270757921236e-01,5.767273655062186977e-02,5.637613365235180085e-01,6.803493594937445321e-01,7.079139600862079940e-01
9.491766821460686510e-01,9.218939047708240020e-01,9.128414938481673735e-01,8.559678697240796774e-01,7.307342687751101629e-01,5.457535851548230843e-01,3.821793388307230810e-01,9.147095752017353476e-02,2.456911837750680172e-01,1.844324739820564496e-01,2.857565499255011465e-01,6.085383732793214762e-01,8.844286127961434874e-01,3.453313290897593313e-01,7.830582970542696586e-01,1.779651326447495019e-01,3.548221080056492283e-01,4.094593214720836372e-01
9.637439404639424056e-01,9.418326169750590449e-01,4.090248497882233991e-01,2.231307160666650691e-01,3.622008893573989141e-01,2.244262346617943715e-01,5.478339574529955680e-01,1.095988087153618729e-01,5.666030463714332166e-01,7.082518019882141358e-01,6.417224370156620061e-01,1.888244167360662862e-01,2.077991422977005509e-01,3.534127918563210180e-01,2.061738859416445968e-01,1.888497515734290921e-01,6.523091457383058955e-01,5.134556820419243772e-01
9.677937299044701014e-01,1.095980046641370359e-01,2.361948428114246379e-01,4.700804710821131494e-01,3.239063976827661340e-01,1.529842879446965259e-02,6.313127069659344448e-01,5.876840564253421606e-01,4.738535882877159544e-01,2.579354213120954031e-01,4.821937360479636725e-01,3.351621219723933121e-01,1.747148968058196139e-01,3.273933559870732118e-02,7.718625682150410672e-01,3.408612110473519530e-01,2.061475749231511112e-01,1.405403891976210072e-03
9.750413998240136104e-01,4.985259221992554002e-01,5.353023316918357200e-01,9.839552522236190424e-02,4.349437855123958890e-03,2.318830771021858916e-01,5.256012757458778939e-01,3.167622320938920377e-01,7.763406055597421584e-01,8.832362188526959867e-01,7.522392350852421528e-01,6.351077522256044494e-01,2.637935365816512431e-02,3.200458710630103010e-01,5.013562436906492392e-01,3.864494368995785578e-02,5.148921200171819867e-01,8.478999671498034241e-01
9.293086864840571781e-01,7.297976910702638591e-03,3.067798686286215548e-01,4.837339078414816251e-01,8.992118947762379744e-01,8.548583270944966062e-01,4.075368456024942576e-01,4.929098469244509451e-01,4.599425675916142264e-01,5.698876348203730791e-01,4.653249900687706497e-01,8.434102670078392761e-01,1.230395336800844952e-02,1.398828166605932122e-01,7.243511584753251631e-01,5.522034014815117020e-01,3.634483043340931974e-01,8.672258323281156756e-01
9.864161031971862004e-01,8.677135734152527924e-01,8.149851096366915737e-01,1.755299469552452640e-01,1.626738699330463334e-01,6.100224598454070390e-01,4.076186647051587841e-01,3.190055813794177575e-01,4.391505134236722285e-01,1.585389469978887855e-01,4.036350350726252700e-01,1.410895355063330747e-01,2.868735547355423868e-02,7.079515223643926269e-01,1.313475629698937670e-03,7.992817027633737637e-02,5.277368443261098996e-01,7.965608683959298775e-01
9.923438524513882308e-01,9.036097901359328999e-01,9.328350812271076764e-01,2.276918633710793838e-01,6.505110450210501716e-01,9.408480708959225947e-01,7.070871168817604024e-01,2.145429599995345160e-02,6.012618372833801184e-01,7.254419462660420537e-02,4.875247037410752049e-01,4.940125646016659267e-01,8.069286502505799152e-01,1.483704388331061330e-01,8.337455240008478929e-01,9.203363877257994541e-02,6.832315108269254589e-01,7.579220717548731390e-01
9.902230181462395864e-01,8.473942145652492153e-01,5.857912639193627591e-01,5.316776215937714101e-01,1.863611396357779393e-01,3.394701258009553690e-01,1.693032251364388618e-01,6.791391832009482377e-01,5.389724093955501338e-01,5.328662465633130507e-01,8.247956213215859034e-01,5.049821173210394809e-01,2.434290691704311116e-01,4.562027967843716447e-01,6.664476276187941695e-01,6.939573417631043073e-01,5.378037631072415253e-02,4.269049260858405470e-02
9.836983268334150710e-01,6.737553898712413947e-01,8.181606170355457675e-01,2.019419956007514616e-01,2.398377899623439780e-01,1.803218272458868496e-03,6.006880054305973049e-01,8.159121921115622955e-01,7.337938570067158439e-01,7.062385095785502775e-01,5.993405612726961929e-01,1.885976684508511303e-02,1.169841343268981926e-01,5.380469019068718772e-01,3.971683274251623930e-01,2.460081776161017197e-01,5.608548253290618346e-01,6.964929811057603004e-01
9.632989501710033098e-01,5.331989267775598673e-01,4.165097103575191029e-01,7.628946391413991002e-01,8.113605881703447320e-01,3.878558050010273983e-01,4.937695780897387032e-01,2.842709876041376593e-01,5.284808791203627898e-01,3.756825648709538612e-01,1.730932828997610922e-03,7.046658853026126490e-01,2.935863079457329827e-01,7.428331386990314478e-01,8.526197569238354035e-01,1.152487897247230116e-02,1.631680295825083393e-01,9.125269325903033746e-01
9.343991548726837681e-01,2.676279277873065410e-01,2.990542571736348743e-01,2.024693909683135951e-01,2.625375342312455396e-01,5.190837060194336550e-01,4.010783554322714939e-01,8.620883046078463563e-01,6.254303134922359897e-01,4.309397552164328515e-01,2.152182348685682256e-01,3.516214029084752113e-02,6.636191290548805466e-02,1.188397456580161105e-01,4.914540709285866171e-01,4.926307738860974950e-01,2.409394391065133312e-01,1.870653108567474354e-01
9.496368569719254582e-01,8.932190901832844920e-01,1.998107103342606217e-01,1.301921598335810670e-01,5.645202378492727435e-01,1.851234541775113041e-01,3.725589549629205743e-01,3.024009970640994527e-01,5.524359300928924910e-01,2.530426013039380889e-02,6.781128217196930041e-02,1.426495658638880608e-02,7.940261011171292904e-02,3.185589950887358635e-01,3.368382798300136038e-02,5.653519531504019695e-03,2.695924071683320489e-01,4.562232795679160846e-01
9.587998986294293813e-01,2.563526413021919859e-01,3.830887484325578018e-01,3.727284390729149188e-01,6.209690954722797418e-01,1.699123115708125187e-01,7.971126218741371450e-02,4.839665286999533800e-01,5.466679099597526736e-01,6.007405938440345539e-01,2.691796752912120061e-01,3.132398926859930599e-01,5.548626064509027955e-01,3.198428206210780778e-02,4.404926297318431661e-01,2.602922394442523935e-01,2.506375442422419941e-01,1.750639271740673381e-02
9.167171462617839106e-01,1.020609720530871525e-03,1.255129729578673692e-01,6.243044653924605392e-01,1.801492016201382829e-01,9.770283413234553960e-02,1.349658650922842817e-01,5.168681330069011537e-01,5.163993215265806451e-03,1.576931285411694861e-01,1.989908912520274575e-01,2.304896796526720582e-01,5.908739025872863371e-01,1.007970575012242381e-01,3.594029579539981256e-01,7.436063979738495311e-01,2.681032334133179318e-01,7.754364347910953637e-01
9.943741223223732106e-01,6.401879558599603559e-01,6.157821029548821157e-01,2.900181973249407186e-01,1.055886515960501593e-01,2.652137859059917613e-01,4.424386100912405251e-01,7.307621475830657909e-01,4.275623555347104476e-01,7.629242866829837044e-02,2.933066743263106346e-01,5.296403278012250249e-02,4.617419290855628300e-01,4.354820912608813321e-01,3.735999797565110470e-01,3.361092493316993890e-01,1.967869118981118437e-01,4.801700050102300499e-01
9.738657679542900292e-01,9.132989062280492121e-01,5.795550866291708791e-01,4.291972347308670166e-02,6.333152036509706040e-01,4.830809264875966513e-01,1.942458197589188862e-01,1.710672480389550110e-01,3.570414822436575319e-02,5.257938721466250964e-01,2.003509161529699323e-01,1.888655470380876111e-01,6.477108348706899221e-01,5.391592770016951919e-01,1.489641626909266325e-01,7.130110129885531833e-01,3.583611197412458482e-01,5.869737304013048496e-01
9.826098617546088487e-01,7.690232408220898375e-01,8.806453449977542647e-01,7.821767973070246072e-01,5.482038865304899034e-01,3.594112757730645868e-01,4.588283509247181868e-01,6.552974932932709162e-01,4.654166459944321654e-01,2.150414298057868601e-01,5.252448957046497169e-01,3.049640863777017263e-01,2.069695475149936348e-01,8.015085922307448874e-01,1.769335687233464793e-01,4.124884153960586830e-01,3.455964981180728035e-01,6.394315419939484713e-01
9.723338992187865459e-01,6.440596050486092627e-01,9.358024157401235998e-02,4.400885756438697727e-01,8.204794518142159709e-02,4.478517518938761599e-01,1.539408046649963224e-01,1.232948911493858546e-01,5.680266354094758163e-02,1.800894972640472158e-01,1.860432250228479523e-01,1.114341229325623572e-01,6.724372929721736947e-01,2.939156572529041389e-01,7.118704370636421731e-03,3.736673108143550026e-01,6.260064406698310213e-01,5.052474277987763218e-02
9.000540333743625165e-01,9.149250083748304840e-01,5.171681003474386945e-02,5.354725335255779983e-01,1.141699327492916999e-01,1.033618205148533475e-01,2.997835031532710137e-01,1.013939471356941485e-01,1.520451230031097667e-01,8.180190946603732582e-01,6.570432360964604257e-01,7.650314415658397982e-01,5.878656473354949563e-01,2.877281254551191658e-01,1.848788816875792107e-01,9.809077368730514945e-02,2.911224433363426289e-01,3.691996384992539681e-01
9.849634457455280767e-01,7.835549758577878832e-01,6.401827476319812416e-01,5.892426731441413601e-01,9.586153749587339457e-02,8.076615293216592162e-02,7.221892262550829722e-01,3.858969465429236689e-01,5.729955684151569750e-01,2.080874874941844588e-01,3.957889142118215520e-01,1.293605176555887859e-01,1.459470572080835415e-01,3.183585045395559421e-01,4.371701278323866791e-01,1.530704959693481304e-01,4.374285734358423494e-01,8.723603436416378365e-01
9.644772226024798112e-01,4.861840264565880365e-01,1.955481184242068848e-01,5.839951652465247278e-01,4.281871107249883845e-01,5.711929861496115590e-01,5.226615009106567733e-01,1.643759423419527688e-01,9.286573776782530709e-02,2.277549555808122683e-01,8.163503787142648016e-02,1.011129505275313971e-02,4.981120993157167609e-01,9.260794317384852051e-03,2.648299910828893003e-02,3.483813259091839698e-01,3.829632527568961886e-01,2.254264676364437225e-01
9.472172173527033667e-01,7.063341547374135665e-01,2.693136987130660964e-01,7.103109937346215041e-02,7.942086861723386404e-01,7.021113222102584039e-01,7.030245934918502027e-01,4.551538923427906891e-01,8.355392976364024449e-01,4.200166321901437905e-01,4.819231227527278616e-01,6.372061994863002787e-02,5.122742261409702902e-01,2.024721386506204146e-01,5.098495397310677246e-01,2.176836170077172949e-01,2.923856252770160036e-01,8.231318311256045073e-01
9.908174653257000308e-01,9.010100506271603860e-02,1.854048075982772104e-01,9.552829846316121531e-02,4.030320699514440275e-01,3.286055861813504952e-01,2.867230420665363710e-01,3.003960118768769227e-01,2.333837960220940255e-01,2.763766986375776891e-01,1.551005482550004734e-02,9.993771150732361219e-02,7.341233559663966624e-01,4.399752139921258576e-01,6.032905032527293709e-01,5.696638334263420811e-01,6.010274166329577783e-01,6.910249062701510070e-01
8.845601920369956517e-01,9.060740434166643376e-02,2.794851771753262271e-01,8.857795998376007951e-01,8.945605959805461582e-01,8.967876821244983310e-01,5.416214740653899629e-01,3.928516006866162869e-01,4.969521901093620908e-02,3.034893290612267203e-02,7.324416504580905096e-01,8.502229566767055546e-01,4.190867223150823162e-01,2.281569090108221953e-01,2.572122997535093436e-01,1.902942385987625717e-01,6.699999103751070884e-01,7.858675827839514128e-01
9.807467221436613203e-01,9.090346710182644063e-01,7.637177691093082199e-01,7.405880929302487425e-01,7.406670976106991544e-01,1.448594652288037465e-01,3.001774636791544951e-02,2.587798425759258447e-01,8.593306759588911770e-02,3.703775030369604176e-02,1.842079097643768981e-01,6.273924411781963695e-01,5.178939836014101461e-01,1.648143054802229668e-01,3.667520436583908416e-02,1.306243484069212826e-02,5.858770921664564479e-01,4.359296103625065477e-01
9.726764574365103222e-01,9.538284220519899215e-01,2.606997416997042585e-02,1.382043911790985791e-01,8.396378808887269840e-02,8.523974925846147799e-02,3.583087010554317775e-01,3.048644710556007720e-01,5.816773749786907644e-01,1.751008561567327093e-01,1.355165057969433817e-01,5.931649025809622167e-01,8.137436787446836739e-01,2.406930714168438457e-01,5.205512609426382609e-01,8.013056397269464892e-02,3.418865112753317614e-01,4.356949341633292727e-01
9.678813413185348713e-01,6.323763173137794125e-01,6.656953322330402267e-01,5.799210348889279887e-01,5.616304105157993165e-01,3.780398482338432897e-01,9.789602545143182011e-02,6.669524358867880975e-01,6.598589346620314933e-02,3.748191268645163499e-01,6.723779109701296698e-03,3.038200161053390969e-01,4.041384414887291832e-01,3.631054268730540269e-01,5.653698357515266060e-02,2.127183705442433834e-02,5.526060349251438186e-01,3.739328692150385436e-01
9.936361315812981543e-01,9.617276385747052236e-01,8.020922985808908168e-01,1.621879866401529924e-01,3.408557775856602690e-01,1.502701356066094562e-01,2.013212911607777933e-01,1.223179116347511558e-01,1.206511270574267825e-01,1.696817062465565407e-01,4.821895935798798938e-01,6.272136070915399486e-01,8.497368225904701200e-01,7.600461954806557729e-01,7.638075925242746589e-01,7.556288085143268995e-01,8.118467689555465272e-01,7.947570210572387772e-01
9.624374823480427166e-01,6.137411811087989388e-01,6.189048469811391229e-01,4.173676119705790333e-01,2.470200606363105733e-01,5.339827837962891621e-01,4.105922519556652606e-02,9.911065086158422910e-02,1.597568465184727726e-01,2.109808842590630285e-01,1.448964463421509863e-01,7.320139993617391649e-01,8.851342901200374147e-01,7.470880676649045427e-01,2.620665502849876538e-01,2.315295524535615213e-01,9.156645333910246043e-01,8.396870057090726203e-01
9.663107995907422865e-01,8.372847111656350760e-01,8.786087806295550529e-01,7.417151485356122675e-01,8.763594118690464230e-01,7.610497527858530731e-01,2.021984537054151779e-02,6.582409397619420899e-01,1.723887356784694833e-02,4.728338520755233088e-01,3.606057389474989217e-01,5.613009946473520584e-01,6.724566360321232450e-01,7.090784976071392576e-01,5.661523535946746399e-01,4.503270109738262694e-01,6.559939226871089879e-01,4.423607773547562072e-01
9.882208989050641490e-01,8.919874706644075335e-01,8.841718730641109358e-01,6.394212707080538793e-01,2.975654317553627082e-01,4.269775353978464416e-01,5.073586660859187580e-02,2.316430187993424872e-01,7.012365194024223758e-01,3.524403883201017718e-01,3.141642629748757631e-01,5.844508176737792660e-01,3.725702190105270595e-01,2.699094558285310419e-01,5.091788305477760318e-02,2.874925926764608786e-01,4.257465227849846490e-01,7.604054271628191142e-01
8.710562238950491087e-01,6.197863062391066880e-01,3.233135237547460905e-01,1.602957517317504244e-01,6.723233396440305709e-01,7.931030093683555382e-01,7.373998960401975111e-01,2.510175257859940251e-02,9.677675703827186282e-02,6.385929020919689503e-01,5.303260365167032919e-01,5.712780141839781667e-01,8.439698138295983476e-01,5.952319602281733735e-01,9.999545064198611666e-02,4.365123640054454635e-01,4.463979953756099794e-01,9.004932614703677896e-01
9.758219837498040006e-01,7.872751159243962515e-01,8.794029046927523963e-01,8.311972708277035049e-02,2.824090961976249425e-01,2.432846038831206759e-01,6.172033311241521131e-02,2.772715256131886852e-01,3.971645168836167583e-01,3.340873639668150430e-01,6.213996090638144315e-02,1.870730810628911528e-02,9.299402811211256170e-02,1.738845645160713412e-03,7.673568402648400788e-02,1.953545519523898766e-01,5.253411401354418642e-01,4.014220819394531681e-01
9.682791019734301452e-01,9.305090848223122046e-01,5.712838033530915904e-01,3.497529611251185555e-01,1.009611131596628020e-01,3.991030389282888002e-01,3.730266055748216458e-01,7.586291242089689968e-01,6.612121491984936927e-01,7.526848150226511658e-01,4.128933490889286073e-01,2.447656517174953139e-01,4.185158060065286567e-01,3.261493649208193624e-01,1.215809062967523613e-01,4.934062371316939588e-01,4.509135433396188053e-01,6.695152160392321417e-01
9.900671104815170764e-01,4.740579614780063289e-01,3.232429551822980918e-02,3.815778713332088623e-01,2.957153482375355358e-01,2.407891528568532891e-01,3.487424334007226956e-01,8.013527808582376899e-01,1.761510111728756822e-01,1.083492542549475968e-01,5.464507855389068025e-01,1.049146323008616905e-01,1.667957149822066054e-01,2.160719979713088545e-01,1.261202436792437653e-01,2.876938477358969570e-01,9.383493946812575537e-01,4.310294795186399575e-01
9.759352017723521566e-01,6.763449754918611223e-01,5.422189402717704221e-01,4.330846521638945235e-01,4.041503564543134086e-01,1.886649534821864815e-01,6.029572954101947158e-01,3.507103718096794553e-01,1.145363729764269090e-01,7.915424163321955753e-01,4.644423767568146566e-01,3.749151608592039553e-01,2.072834182779120238e-01,1.614908414897128219e-01,7.416325550379198051e-01,9.302406344669210680e-01,8.004048329602621026e-01,8.780723949656241700e-01
9.729771447666184514e-01,2.241443599382329510e-01,2.073534160752716071e-01,5.521953472064904389e-01,4.284574899608309395e-02,1.955319230783807427e-01,8.695528549592775880e-01,6.462889747269944252e-01,1.953159043018027896e-01,4.143829196590877451e-01,2.905060085918936830e-01,9.542211116767199131e-02,5.380829864066664220e-02,5.927362577625960860e-01,3.059184125462451886e-01,8.436711176411803015e-01,1.629107069559248278e-01,7.538481369264579124e-01
9.813704090886884446e-01,8.578921480235628394e-01,4.855768997261543651e-01,5.031580585490209589e-01,8.861865182187633749e-01,1.862225030125472525e-01,2.972518431365221980e-01,1.951034993930877703e-01,1.242679086253214576e-01,2.744607486646775119e-01,2.232718537213059795e-01,2.797707927477123269e-01,4.602303625691681055e-01,2.506307117840721188e-02,7.127515217407472126e-02,3.464418505781200475e-01,7.382918239072097100e-01,4.173732038136990230e-01
9.609247633076549722e-01,4.941501455116840691e-01,8.152165176394134960e-01,2.022825699151276913e-01,8.468079809413262549e-01,9.357847648025975351e-01,8.506236113120578812e-01,6.478716651097797818e-01,5.528639920004707609e-01,7.165835893744536556e-01,1.703230002091158102e-01,5.816963531921256481e-01,2.443341584321671311e-01,8.512804305134518135e-01,3.404882738069316961e-01,6.091479590648242182e-01,8.535669243651737848e-01,8.048117519866350156e-01
9.690638256248552684e-01,9.055917434457242399e-01,6.340260494526375190e-01,2.379785066606489308e-01,5.807414867961532140e-02,3.114739707104137723e-01,2.631656381164943492e-01,6.108805611537951874e-01,5.425954637671382974e-01,5.501845272226488781e-01,1.518425771166066474e-01,6.365447351486943628e-01,1.963747149407175929e-01,9.359894447672563456e-02,3.149125392346316388e-01,3.595669270157288155e-02,2.822084258129858303e-01,5.017139062955245921e-01
9.662199051931211757e-01,4.616160000356974713e-01,1.758183500670413776e-02,3.098477037398189929e-02,8.681100641726330336e-01,6.058394539104694498e-01,3.211287114405743659e-01,8.028265053158238906e-01,5.989807893426962737e-01,2.366113922378311196e-01,1.703778308115108386e-01,1.986355146247642534e-01,1.532634907972474647e-01,5.456299737925454085e-01,1.081347645882169695e-01,5.981180181792872252e-02,7.297048424799693622e-01,7.570030094874135029e-01
9.776470843184964510e-01,6.872713499097439227e-01,6.633362213986994105e-01,4.441006975968497805e-01,3.422230120096570460e-01,3.388770514626711083e-01,3.476331287750213939e-01,7.494199007135636526e-02,7.064860182579686398e-01,1.269529725992254443e-01,8.092991964764378876e-02,2.303446970822247142e-01,1.130944004842696360e-01,2.214918077782847550e-01,5.795285045136777669e-01,6.666748482276846355e-01,2.620648137195569216e-01,1.065736460091294413e-01
9.763081532342289259e-01,9.205524744535383830e-01,4.707948785307943251e-01,3.801748013876078414e-01,3.299684014874058047e-01,3.937577801398117194e-01,2.046713002393890923e-01,6.484596949588575798e-01,5.197697183136741339e-01,5.284639059498359437e-01,5.464646629976498415e-01,5.542308846913417408e-01,5.101947302878805379e-01,1.144969406170533513e-02,1.766324977937938079e-01,1.373734559155914969e-01,1.846686060818318320e-01,9.101629558875140580e-01
9.821716045217671054e-01,9.144614632784643371e-01,6.418435899208163598e-01,3.281483220305115300e-01,8.726543238188868568e-01,2.946800017904663282e-01,4.598985183860996306e-01,5.965923067633037702e-01,2.805017548212163647e-01,2.142679134771740546e-01,2.734763784592741942e-01,1.936164093892652482e-01,3.314303224174158791e-01,1.307034463173985805e-01,5.296621753217677364e-01,1.238327986834815708e-01,3.804880248088544081e-01,7.592395403480765026e-01
9.465062841959867024e-01,8.970257024329506557e-01,8.875014711191460126e-01,6.894411935201434360e-01,5.045350099642053471e-02,5.580223418879994846e-01,6.793421575312219574e-02,6.936963587522858576e-01,6.956430482296252493e-02,6.641143283028581035e-01,7.945709708229289903e-02,8.592379610249787358e-01,5.664630038141712509e-01,3.099354577298031876e-01,3.703739212762690025e-01,6.056070802208021187e-01,7.560732160598548912e-01,8.998979375668443303e-01
9.674342026811629802e-01,9.455970823743843345e-01,8.935443510571745573e-01,7.341719594544989791e-01,6.894259993916799223e-01,3.567586569974826038e-01,7.403051754092555559e-01,3.295675605221356497e-01,7.066828617069631502e-01,6.291626059256182069e-02,2.557835044681313064e-01,4.370926826326062553e-01,4.753899343018859747e-01,3.252135291024546015e-01,5.369898168912642378e-01,8.140880861451633699e-01,7.945997582892718736e-01,9.338703184429224535e-01
9.386538448681526203e-01,9.058360350121469340e-01,2.345266457635752644e-01,1.203548197386360430e-01,1.545553612322532466e-01,5.223944022032004364e-01,7.431382173364519117e-01,5.235435372529712028e-01,5.514911314212749271e-01,6.727163177320942822e-01,8.276513928768259865e-01,8.123493825830530035e-01,8.286653576346969530e-01,8.507406140551160290e-02,5.324435998145541360e-01,4.474322869719052354e-01,1.747660107671002716e-01,7.545203605738750596e-01
9.611056136505518044e-01,8.859886533479636173e-01,8.379500591650361763e-01,7.475185222214395520e-01,7.236899894279162915e-01,2.183932321777782085e-02,1.525313967941557547e-01,2.391065415181931608e-01,5.253526484787987005e-01,2.079890795011059279e-01,2.528826657329951155e-01,2.394585011824182097e-01,2.259731234308008305e-02,5.479605125983734171e-01,8.184423687292709249e-02,3.963330311789931004e-01,5.778653180758405172e-01,8.010340751099792600e-01
9.506680625038739230e-01,6.034020781117133136e-01,5.176448967463355144e-01,3.270810288877177840e-01,3.999170250747666744e-01,2.825755616197638820e-01,6.351463719059811108e-01,2.459796783031242551e-01,7.921703549290338708e-01,2.684149494608734088e-01,3.971084677261899065e-01,4.905039800572635333e-01,3.841562201426501066e-01,3.777855782786307404e-01,8.552919421752502860e-01,8.163664665381686891e-01,5.974519455617686159e-01,7.767289125515237647e-01
9.684525892168492911e-01,3.489864010007960871e-01,1.529077014702028281e-01,6.790344418617396682e-01,2.512906338701666534e-02,3.371091900334332592e-01,6.836107568778513333e-01,7.088428548174023902e-01,9.003187755614250332e-01,8.424301205618254240e-01,2.203188033042602079e-01,6.713631099414003878e-02,4.574006077805152781e-01,2.543658887483086703e-02,7.511044227894708714e-01,3.094645333070748516e-01,7.403564441683194719e-01,7.603181959360493236e-01
9.120343524931646684e-01,5.368656341817209521e-01,6.125737105245411263e-01,4.979705066324314200e-01,6.309086213709900193e-01,5.951552464110656526e-01,4.809556657598754170e-01,4.172476249903330214e-01,5.255718083911516958e-01,4.080213420083883546e-01,5.785579944978661571e-01,6.914301350208365005e-01,5.599073995783662161e-01,2.350529675285175091e-01,4.731240785989307418e-01,2.440888044768318721e-01,6.742149407306288200e-01,8.009763553852111695e-01
9.752258151757410287e-01,2.034249454722864558e-01,3.530919430262172698e-01,2.415745565975167819e-01,5.606848240014015161e-01,8.403078381010550268e-01,3.933206287834966064e-01,4.289215101147803577e-01,5.871662789863156817e-01,6.857796917771471490e-01,6.402544622030967858e-01,8.337801864951329689e-01,8.118183078414981102e-01,2.695712798238720787e-01,2.937823872436851613e-01,6.445762492428065427e-01,5.439803389651030052e-01,4.598428622757109174e-01
9.747814732757575928e-01,5.884283416599279670e-01,1.808069189859360659e-01,7.006241722203966349e-01,1.977955068930444815e-01,6.003447299849504759e-01,5.307827931904687269e-01,7.175558301101855330e-01,2.212988758033398728e-01,6.652107223398171509e-01,2.575474831081730476e-01,2.525155867601944770e-01,2.087035102620347082e-01,1.746715050310552741e-01,2.078228883017810835e-01,3.332131977236103548e-01,3.199538988607820711e-01,4.716362412876823895e-01
9.666603297194162892e-01,6.676480032193261582e-01,8.817112008029088788e-01,7.739531342878599451e-01,7.469568447728915928e-01,7.322400168147238375e-01,4.977339961933321955e-01,7.359484934069917550e-01,2.577042227861999000e-04,3.192270592804137830e-01,5.847967382030663241e-01,2.989336402097799716e-01,5.022649476365852461e-01,7.173859294821753885e-01,2.029223674440063796e-01,4.687373754796052977e-02,6.931974057009595569e-01,9.233851995624626774e-01
9.888460664548520684e-01,8.995872318192610351e-01,2.782280472751513245e-01,5.181412923559378658e-01,4.884262972712972717e-01,7.698591943059852616e-01,8.762187496880279036e-02,1.557063336632018291e-01,1.168821041589517828e-01,1.297692387829324223e-01,1.768677854340758582e-01,1.166597674464867479e-01,6.774856388755434722e-01,1.911023608557969530e-02,1.330465690462470374e-01,8.393501738973431214e-01,1.330807647886033881e-02,2.324398012613371894e-02
9.922370107984319620e-01,3.414814224621961491e-01,1.628192025825001277e-01,3.915931385565663003e-01,3.140637127743834967e-01,2.502143020574953414e-01,6.261057948632419157e-01,8.973281383301195957e-01,6.757636437313589983e-01,3.617678738705859542e-02,6.987196655623174602e-01,5.853104403434143954e-01,5.119527965891230714e-01,4.592502344021776595e-01,4.034419987261442797e-01,3.070504167269027529e-01,3.359256332188094718e-01,2.868890790293160964e-01
9.867115341548702290e-01,8.404856160595829406e-01,9.452416793364445402e-01,7.056396230779455880e-01,3.174404373062235662e-01,5.162329170326284133e-01,3.809202726418108309e-01,1.086559252903396416e-01,3.200195208758392640e-02,5.635089826157557713e-01,6.082479782098025867e-01,2.694338712840511629e-01,2.286363186347427634e-01,1.108941611554210560e-01,2.329090016145221598e-01,1.950224847986326560e-01,6.184567424224713950e-01,6.731741976873264477e-01
9.697845187379094956e-01,4.679748520052642857e-01,8.536391523598899078e-02,5.948164019471215980e-01,3.711634101459817536e-01,3.003629184554132414e-01,2.830302875008033903e-01,1.871940405136990684e-02,3.913490304658382990e-01,2.828754301224699064e-01,3.493787727905163232e-01,2.031606342803798926e-02,8.852539239833602247e-01,2.616471919118474876e-01,7.479446953650982499e-02,2.476963473270595850e-01,4.039922450188911385e-01,7.843052596182853442e-01
9.736523483593854111e-01,8.210893777237343594e-01,6.101593279698378502e-01,6.445344973348368089e-01,4.946084476827591891e-01,4.952400224606823831e-01,1.868327849321417544e-01,5.218741615777411358e-01,1.516228385704665171e-01,1.852880187732717232e-01,2.226717339218662051e-01,3.786334683932013889e-01,5.065050949741427555e-01,5.853818955759256815e-01,1.265106991976715500e-01,7.909699559917530154e-01,1.499439932467384537e-02,8.243586713068832283e-01
9.835917264718987418e-01,4.737624092412207055e-01,1.076824283388282955e-01,5.293561321609117909e-02,7.392622367876733325e-02,2.487333387471033219e-01,5.200908274507262119e-01,3.490799667975885145e-01,1.198469134743991998e-01,1.680312513219782145e-01,6.297345705972104968e-01,4.300366743104518941e-01,3.359560337823260662e-02,9.082201143175588909e-02,6.476492976484936326e-02,1.977719349235057822e-01,3.786864792186011019e-01,2.130714198838517814e-01
9.543756925329550667e-01,8.277501412019571125e-01,3.630483350926153041e-01,3.214468093649620051e-01,2.224874993857928196e-03,2.132758041376509317e-01,3.027970503608122255e-01,5.706025594731782835e-01,2.460096585834887495e-01,4.690830782502294349e-01,1.187537267444496725e-01,1.978234111624199154e-01,4.004459570969708948e-01,2.476660225336485902e-02,3.335520496075362051e-01,4.867210188568245610e-01,4.676450733244104652e-01,1.267831687691090281e-01
9.830111320875871694e-01,8.920751511365287989e-01,4.542523782982650360e-01,2.856107974346553946e-01,3.551904794646781188e-02,5.904159816375333936e-01,5.605133745343083840e-01,6.467100233023685973e-01,7.794541223898810989e-01,5.397131877963499136e-01,3.083120563694459193e-01,5.498650028498819342e-02,4.520791725988086984e-01,6.846070758526492384e-01,2.964843648703542889e-01,2.301346324684695466e-01,2.423903956398570404e-03,6.128926769810922881e-01
9.828001932758673176e-01,9.512125818676336886e-01,7.968608937350997179e-01,2.302845646575877314e-01,3.762576435711930678e-01,3.340483337313642220e-01,1.239893894112547440e-01,1.989073938428010946e-01,2.301150679713658831e-01,4.692735198146700260e-01,2.504440302482810465e-01,6.501065181565436335e-01,6.184277263012395442e-01,1.372236335365548676e-01,4.244297437919485050e-02,6.068745092900746929e-01,4.644788093805925500e-01,4.621625353254475432e-01
9.436455420768986579e-01,5.830130981962989845e-01,4.016786517185884642e-01,4.475373518114554305e-01,2.416562134408369866e-01,1.958218286294857724e-01,8.548706224738213955e-01,7.742662140507173829e-01,1.026485710482001740e-01,1.845233106638824727e-01,4.404832861365837737e-01,6.815147332678763714e-01,1.348366436857919605e-02,7.531237913601902811e-02,8.008641854917429859e-01,7.146565211170184950e-01,6.954027806585457716e-01,7.431925381702074729e-01
9.712231943191725891e-01,8.608064412775411345e-01,4.955887262219133560e-01,3.456583903537413516e-01,1.657941602225503908e-01,8.673978141069378367e-01,4.484940510702968286e-01,1.527346951333669045e-01,2.402076232268601508e-01,6.355775710323899874e-01,3.453491234501439577e-01,5.244073071035444400e-01,5.682837961312917630e-01,1.520794897535314161e-01,4.714291177158947965e-01,4.631829277662887767e-01,3.855171435244827416e-01,7.104084623269091292e-01
9.926603106203386595e-01,9.128922984774758831e-01,5.107392963790864382e-01,5.528242309045959813e-01,4.166671215383869198e-01,3.124961608966488336e-01,2.330465286565200356e-01,2.007205877910582248e-01,5.601657062616819532e-02,8.159847174065170128e-01,7.135403023795704458e-01,3.376522890986574654e-01,8.295247228945470952e-02,2.080323325247052657e-01,1.190518890923407264e-01,3.044295740949435336e-01,3.647863503124112450e-01,3.622945088951894932e-01
9.204139163649901478e-01,3.875918688936873524e-01,6.264620445574153873e-01,7.560477564669326744e-01,6.541750622803432780e-01,8.104009455614088475e-01,4.190943560499629794e-02,3.791637661448167274e-01,4.158319038981637128e-01,8.516939743573412880e-01,1.176587611267626704e-01,1.340560986847409986e-01,3.371425559088264134e-01,5.379086765984634338e-02,5.256663067276273749e-02,3.281241408911600432e-01,3.994657538478801895e-01,8.620540105977348988e-01
9.822239148080164073e-01,5.247510155082653061e-01,1.533391722940893320e-01,7.617539804467980957e-01,7.486447509080911278e-01,3.619448681889444464e-01,4.496646589892038803e-01,7.153044447780961823e-01,4.437077583145246362e-02,1.112412341644392622e-01,2.339103339910620916e-01,5.454540530371349005e-01,4.750115155455480465e-01,5.266664291537331843e-01,8.621058382902855310e-01,3.829290569947434442e-01,2.557230770084937821e-01,7.822080237678327719e-02
9.931020855293807292e-01,7.779088986048060539e-01,8.902458507230210927e-01,5.819820111942139995e-01,2.126610704996785908e-03,3.297146083899450408e-01,2.092133575336282969e-01,1.084290273724329706e-01,9.844342748644775709e-02,5.142868769795084539e-03,2.029100557493157542e-01,9.889815021859323096e-02,3.167260897278676435e-01,1.756853319241697131e-01,4.825318946054140135e-01,1.574736218462780279e-01,2.852208020336315375e-01,8.428201736451848003e-01
9.759146437762143966e-01,3.881441160147570124e-01,6.506226132514854321e-02,7.176759403032387796e-01,3.362927526849767701e-01,1.680617462612099544e-01,1.655074931107222425e-01,1.390906828796625028e-01,6.274622469442736605e-01,6.440823153798240774e-01,6.770327012380621401e-01,2.997467974955269621e-01,7.138545755440062202e-01,6.114574024757822857e-01,3.551399519516564851e-01,2.257307863752144872e-01,1.469747912734622464e-01,2.145980200964164863e-01
9.710744784715976685e-01,8.445515753399824854e-01,7.473955788774871989e-01,4.060621673359946504e-01,8.306629959930572626e-02,4.140263466708516416e-01,7.906558010132442860e-01,2.430438744669742857e-01,2.417099669156621833e-01,5.350893456710962282e-01,7.885603237912492958e-01,7.168835681644366575e-01,7.568616472980713716e-01,8.304852876276742624e-01,2.616109171756716631e-02,1.003567853910235230e-01,3.098324584212975852e-01,3.050509384508050537e-01
9.797692200990176792e-01,8.411780609081032090e-01,6.889934973213917013e-01,3.539665066331155741e-01,1.596142412032252045e-01,5.786115998059840893e-01,5.741496960346467171e-01,5.872609872104123108e-01,6.451786884817961587e-01,3.480504120959557190e-01,1.032835610354330795e-02,9.141655020367087103e-02,1.379470697773570731e-01,2.665391738563294699e-01,1.493756812878318241e-01,3.774350316777347336e-01,1.324469124156104349e-01,2.586898911365945186e-01
9.797279292536532624e-01,7.933472913316572672e-01,5.753391466224100359e-01,3.763427900258927705e-01,8.698225953873915672e-02,5.461358170138336243e-01,2.826639293076068649e-01,4.746448258568619627e-01,1.547277921304159309e-01,6.596521058169476648e-01,1.628383258502438258e-01,4.570051657640057940e-01,3.224522405015969873e-01,1.693417914750777742e-01,5.338037753840494393e-01,3.521085103425635743e-01,1.601154916481022650e-01,5.855651106299138847e-02
9.783971554911536916e-01,8.854706428653562611e-01,1.074283787540543933e-01,7.629193763436258324e-01,1.823165193778001347e-01,4.388741378344339639e-01,7.453752933208330766e-01,2.492402571643893283e-01,5.627866203181267624e-01,2.946395645650510264e-01,3.494295208484369808e-01,8.893467140817979955e-01,3.630555335035151598e-01,2.137182586340115875e-01,6.670368428652007076e-01,1.210299439434545238e-01,1.756414662768730484e-01,6.911170642842876521e-01
9.785571757448003893e-01,4.866404427276143640e-01,1.041739646078570225e-01,4.361205142899558518e-01,6.369134580874545870e-01,1.736122617282205294e-01,1.819749438588188772e-01,6.447092356147927916e-02,9.095408920004705022e-02,1.492939835120388747e-01,1.344434714212861259e-01,5.699284652664557971e-01,2.762785726716699974e-01,3.478883448444953785e-01,5.480256186284644393e-01,6.783029698554380316e-01,1.166615374898838792e-01,2.086303284560734050e-01
9.763039620130637974e-01,9.276659455662321641e-01,3.838596847225854147e-01,6.008482481195132063e-01,1.640737762044370829e-01,3.625923968589218060e-01,5.678099419740040288e-01,4.519719795441710652e-01,2.360103723584846269e-01,6.303040902801191336e-01,4.350968559188601592e-01,3.611637894923966363e-01,1.176278491336207044e-01,2.092203033940334134e-01,4.638730655719582874e-01,5.473438399221164374e-01,2.411973868533828780e-01,2.408299461619831383e-01
9.656986163042676763e-01,6.275981357902979951e-01,7.283998061579350924e-01,2.573840680040391238e-01,3.532383851430432320e-01,5.877704067479454508e-01,2.091817735071716672e-02,7.869807780813190545e-01,2.248000272611520578e-01,3.331783647266237103e-01,9.987208023440675639e-03,6.159204620042613154e-01,6.425205698041619451e-01,4.996305914069077980e-01,2.629680105228784370e-01,4.124798573236646004e-01,2.375372696932768202e-01,5.151552035017136211e-01
9.869973896635022559e-01,5.362408014646505849e-01,4.731455686148404172e-01,3.219049205120874668e-02,3.295923806264890454e-01,2.320341059869816536e-01,6.515347680095869010e-02,6.022941379783008919e-01,2.540626206976985824e-01,2.468785151215257545e-01,4.822259587811170145e-01,5.588921458897647687e-01,2.218046005690547107e-01,1.575374024214462876e-01,1.598808130503414082e-01,4.663713129089596121e-01,1.656636705815249522e-01,6.469385387440419466e-01
9.717396159368286712e-01,9.698191015468035081e-01,5.119068476032575532e-01,5.238591247697117481e-01,6.954174603578304747e-01,2.526063749150834759e-01,3.041434183530401514e-01,8.019911033678268908e-02,3.379220046456118953e-01,9.085524433715620463e-01,9.039836378373669601e-02,3.738850039071883180e-01,6.817573417889464249e-01,4.834090098324544948e-01,7.163212863396751784e-01,2.069818770760779858e-01,2.860000831972916990e-01,8.296041093431449909e-01
9.851762465290005988e-01,9.629470815941275630e-01,8.300658285658019109e-01,6.518756929463485061e-01,4.469991969735337967e-01,9.053658033079400314e-01,5.193919186323070480e-01,6.865575989384766764e-01,5.848096925151032854e-01,1.710482530839839421e-01,3.531514962686337356e-01,6.008584179971933059e-01,8.372881661417830301e-01,3.827633054437986626e-01,2.338116912641995115e-01,4.968031205952301854e-01,4.150232593729867303e-01,5.731488794912239504e-01
9.961985771636718834e-01,9.221562885175780266e-01,7.819321136644116210e-01,3.231692426583350763e-01,1.494218607040482261e-01,4.801462933334694760e-01,2.041676653169086919e-01,1.723005834974965789e-01,6.498020389314256295e-01,5.609232563555743845e-02,7.348023040465329059e-01,4.305791266414275009e-01,6.506936172004361696e-01,3.799369214346268731e-01,8.252007151391235196e-01,8.049884312430780620e-01,5.398863761801017125e-01,6.134821413105420174e-01
9.869848105676728434e-01,3.411474240563695526e-01,5.498833539107577106e-01,2.537120919451559264e-01,4.022196368071379036e-01,4.996715303077948755e-01,7.166124668922890795e-01,1.782489351098825170e-01,2.666514105837265447e-01,4.394965878454363817e-01,6.719592832264538185e-01,3.047942131306620728e-01,6.339197164200397472e-01,6.618235244954459584e-02,8.438224774854802268e-02,2.061453199904829947e-01,3.769476058464618640e-01,5.105578069638579963e-01
9.702108276495551298e-01,6.210923506131957872e-01,3.229878090578769401e-01,3.896856660559043783e-01,3.998288575969438097e-01,9.986921420237067359e-02,2.942406840724489103e-01,3.814525428836452493e-03,2.880843496746244847e-01,2.157965872243034766e-01,3.587661637506989187e-01,1.793807258658589587e-01,2.501394978650714473e-01,3.974718332248942249e-02,7.841367644216168387e-01,4.389091786491653574e-02,6.744052515489722399e-01,6.386870886655602320e-01
9.731251289151404693e-01,5.914380361084656812e-01,3.286817809912654376e-01,5.296145249673428479e-01,3.825983509406477023e-01,8.483999252872068686e-01,4.546170858618559518e-01,8.582819079983491917e-02,4.620175293647594827e-01,2.307323399166854305e-01,1.721576496353082464e-01,1.553268836051220972e-02,7.965401906572557866e-01,6.039953035117046759e-02,3.805206048593082202e-01,6.426560917634193126e-01,4.890068442718320529e-01,4.562749671313558464e-01
9.186614405547440798e-01,7.334835025360914029e-01,4.887021736647909620e-01,3.679069792452514809e-02,1.232887570795655474e-01,8.727255741208822526e-01,1.720001948879967824e-01,1.942733745517274957e-01,3.813731428502597498e-01,3.702565764171210083e-01,9.307281529453061142e-02,1.108283011761562326e-01,3.602954614937690647e-01,1.145198515499058489e-01,2.590768375779936017e-01,3.397143463536211327e-01,6.553914837734474697e-01,6.711945871963593824e-01
9.772680618478273296e-01,3.658078638936559934e-01,2.819505862732463730e-01,7.166643801020823323e-01,3.125585321782473058e-01,6.140209095445781085e-01,8.407123604016456531e-01,2.272432833382972139e-01,5.344972614880135614e-02,1.576929001392635976e-01,1.123258819906319261e-01,2.079578999366299419e-01,1.849952608716092239e-01,1.927500691365904295e-01,4.117080801194646922e-01,4.080126309560695996e-01,3.164467525997201602e-01,6.045752493680264239e-01
9.838878808395629116e-01,8.309500219827448131e-01,3.691845671689070740e-01,1.191906004725550583e-01,3.202696160712280582e-01,5.779996136178193744e-01,6.137727459159141308e-01,8.096387332570568196e-01,6.555144518142144161e-01,2.961035523619096610e-01,3.552884817078914570e-01,3.824535791015850617e-01,2.877965123416162396e-01,3.305569546928150970e-01,3.926869975415656078e-01,3.805395288417867117e-01,2.415164266174586460e-01,8.129615477531361156e-01
9.446762570155340377e-01,5.667278299473625935e-01,5.755391097209182627e-01,3.669606975070716093e-01,3.176212688198471468e-01,4.944142137655305191e-01,2.135143113173763041e-01,1.358961426300389630e-01,1.442147286377196969e-01,4.199016926600031563e-01,3.293147908072731056e-01,7.505107973026219348e-01,5.852725956151455522e-01,4.960539691325818179e-01,7.365056553076134715e-01,2.844763432434646577e-01,5.230270506108958273e-01,6.686862679888291305e-01
9.609141393767972605e-01,5.316343610180142981e-02,1.843499364056876144e-01,8.344216181751979988e-01,7.008721803522675042e-01,4.744729482167190371e-01,6.312074431636157668e-01,9.684359052961154235e-02,3.334092526041637083e-01,1.304296616304101708e-01,3.492542808565411994e-01,5.586289852869482653e-01,4.915424381797203757e-01,3.147082078901472513e-01,7.687289883464860640e-01,6.148017724327609068e-01,7.707652094971431112e-01,6.941663521410363913e-01
