9.267784638011294929e-01,7.111461953674746983e-01,3.063119512645038345e-01,1.120103602696956822e-02,8.915866738863230390e-02,5.524817657600511467e-01,1.884138521255755427e-01,3.757529612684056275e-01,1.775393200859054776e-01,2.537213831781332529e-01,1.386539356749480478e-01,1.304755984864028606e-01,6.399781310199856854e-01,7.636831420355300049e-02,2.557238738044186332e-01,1.889688635133610350e-01,4.942266061535255939e-01,2.405253920370703236e-01
7.638537543313981271e-01,1.668176773213043973e-01,2.415699362909160541e-01,1.551553426798108759e-01,1.807626715282346641e-01,2.394276710169632172e-01,1.132870248348058079e-01,2.309215857243056558e-01,1.813759577591797789e-01,1.595652271070089473e-03,2.643427612183870123e-01,1.302320610745415774e-01,9.553217943977298588e-04,1.066215916417900117e-01,1.914687985932951031e-01,4.565222306434576355e-02,2.628764724364657801e-01,7.810469156332685570e-01
6.798574445226641672e-01,5.001169538338835763e-02,1.421622435026774212e-01,3.893585938888805553e-01,3.233215390745534101e-01,2.282489958671237718e-01,3.316229321462451640e-01,2.819806405292476503e-01,1.663460977393406703e-01,1.297018015967476290e-01,1.548705979298346247e-01,3.697177476924773387e-01,2.464457155823197854e-01,8.794068634867123480e-02,5.504995134454045980e-01,1.039866772099052039e-01,3.949385433443090149e-02,6.564018296011565612e-01
8.958003422442468722e-01,6.722555728795847063e-01,1.020469328407550558e-01,5.863474772629433396e-01,3.736596121144015181e-01,5.924758372538901918e-01,5.425734866597280853e-02,3.122293989766664613e-01,4.453902476405308120e-01,2.444272249804532726e-02,3.328372938105173540e-01,7.884390616398844198e-01,4.084780488905956353e-01,5.319322577306042632e-01,1.464302886238378698e-03,3.120006396899466794e-01,6.528925931538779315e-01,7.486423949297688063e-01
9.160633775023515613e-01,3.227096672909633701e-02,9.493628759104212611e-02,3.352424491242332327e-01,4.961629340318006731e-01,5.936035695004024948e-01,6.841690379767585706e-02,1.015195321470054313e-01,2.747107816129700786e-01,1.675126619340555900e-01,4.659651220217365664e-01,3.735656233858676289e-01,7.611713190732110057e-01,4.071560078763845625e-01,5.519169035901781983e-01,4.321070739026453555e-01,8.141144808982507808e-01,5.193251961990907883e-01
6.776510229342534997e-01,5.144989926221594789e-01,5.570354234035014285e-01,2.136540901017475735e-01,4.854886921017837476e-01,2.442908643588861950e-02,1.899334452991514044e-01,1.240792955303815226e-01,3.098980910049135562e-01,7.537071006718698563e-01,1.161353855408313041e-01,6.188479776513593489e-01,2.947192864292876302e-01,7.774733025937144992e-01,1.920710685146996555e-02,1.936202198342928116e-01,4.506098138485242210e-01,7.240573238528251743e-01
7.428754930127743350e-01,7.015414959417957119e-01,7.254632406891924346e-01,2.697357887004246391e-01,2.222934092868532052e-01,6.241081983693224089e-01,3.680621759985979180e-01,7.026780901830688153e-01,2.986050012719137503e-01,9.037710862374856435e-02,3.514879366079701195e-02,1.326329804635583143e-01,1.283441221665317655e-01,7.771719996242720807e-02,5.207835316649968016e-01,2.930905010226123042e-01,5.624729052765511383e-01,7.089254599976755333e-01
9.221691031443023379e-01,6.060300904557713864e-01,3.713829663875872766e-02,1.574293414725060625e-01,2.779885157235801318e-01,2.275357283007557185e-01,3.018264634907995014e-01,6.030580766056362618e-01,1.465315776966166494e-01,4.783815616090622558e-01,3.282452710794189071e-02,4.996817316581738111e-01,1.657843398351182274e-01,2.509149889017949775e-01,2.019354019283511100e-03,6.351193105686760987e-01,6.278038195171512514e-01,8.610336033042478299e-01
9.302276120374119994e-01,8.429223313642716930e-02,3.961599337482344940e-01,1.661458142215474498e-01,5.596925326888105845e-01,1.512713968080369453e-01,4.091392149185072435e-01,5.715234114178424640e-01,2.061881809087937334e-01,5.262955602173659958e-02,5.584307744194012546e-01,3.747626610685292903e-01,2.901165490987340778e-01,4.758312451146185645e-02,1.487315810680163719e-01,1.778731992802823625e-01,1.423468725782276595e-02,9.456872310239741175e-01
9.154235364820844101e-01,3.871968202630134415e-01,1.587900886253809096e-01,2.294190035505311587e-01,4.687466485289958767e-03,6.393400411858697341e-01,3.819953094944164018e-01,1.761699309493197085e-01,7.610254410885605725e-02,4.342313574617820970e-01,1.788163834996971957e-01,3.619838151709787732e-01,1.102447707220399892e-01,2.426016328292089075e-01,2.097749963398593542e-01,3.255112977073530423e-01,3.797876382604219447e-01,9.117625465594877410e-01
9.177865303154335574e-01,5.774965838548778985e-01,6.472183840350042017e-01,1.314631599390152505e-01,6.115465810692954918e-01,2.981336154949710826e-01,4.740440005842497806e-01,4.454264882746490906e-01,1.436972568883267999e-02,4.358928715407611731e-01,2.684704835528080591e-01,4.831446460499269069e-01,9.685045366888889173e-02,1.880440744790780883e-01,6.494116194729333547e-01,1.222412276129015152e-01,6.410261837020825304e-01,3.946597083369192127e-01
9.575132063044088371e-01,4.574713556832587513e-01,5.964879378812525390e-01,5.099988542011136827e-01,1.760263741850078001e-01,3.871701049555967972e-02,2.174674836402600009e-02,5.185392054711885912e-01,5.768773258164071605e-01,8.176708435348658544e-01,1.284317845118669414e-02,4.245643239812073588e-01,7.630218395058687708e-01,7.427387813966536412e-02,1.184061764517850279e-01,4.639254982929745252e-01,3.222665982475559909e-01,7.774395056393194059e-01
9.358103697359499984e-01,7.900081687504806327e-01,4.823618481052900364e-01,3.896851326957014305e-01,3.246116893144620347e-02,6.862018473740070235e-01,4.295813209751341288e-01,1.810899919239400413e-01,1.904632871357770652e-01,1.414219009332859101e-01,3.848724940771827141e-01,3.567805860696700027e-01,2.501910058544569715e-01,3.739460268492476036e-01,1.221170381919184922e-01,3.576595582428327980e-01,4.570389528625627973e-01,8.537906884468997593e-01
8.811918677763720398e-01,5.644702016851705501e-02,4.284903808379965096e-01,9.133400411460300405e-02,1.093081451281809752e-01,1.525319268504584658e-01,1.498412949986610287e-01,5.772380181931269227e-02,2.636480846411369816e-01,4.059805678529027628e-01,6.042317625519970647e-01,9.997326317899721260e-02,1.042818253239643361e-01,3.018535709085604785e-02,4.645789368995447144e-01,2.232691429208043532e-01,3.042980586809789292e-02,6.111232343994974503e-01
8.589403583517321028e-01,3.163558757672538801e-01,5.343709838395144240e-01,1.594055573191559549e-01,4.004500356367458047e-01,4.570068428169422187e-02,4.802353886880044581e-02,1.778737488885844542e-01,8.409833312200629130e-02,2.874952574952036044e-01,3.688367804517446724e-01,4.997240490782851596e-01,1.284583066447333166e-01,2.146167889594235711e-01,5.842498486283017600e-01,7.684474818418500774e-01,2.315619895810631379e-01,7.005419745641512375e-01
9.337356582599183330e-01,2.736783537522373133e-01,2.744179058154263551e-01,2.116349149620397330e-01,4.431702656445252186e-01,4.356967180316874688e-01,2.345804920938223195e-02,2.109797531037800322e-01,5.552073730501756038e-02,1.911765082420688669e-02,3.916529214156326821e-01,5.216844135996688836e-01,2.255900755190288695e-02,2.986816291774860299e-01,2.074518409962097243e-01,2.209129276818185827e-01,9.784322312681684175e-02,8.728929800031458575e-01
9.367135527708577714e-01,1.068981837895798676e-01,2.025380346911854961e-05,1.516841028517423307e-01,5.176291806448892752e-01,4.289596392180451412e-01,2.320249299250154162e-01,7.512075307788289580e-01,5.253873569285819611e-01,2.163668688368970972e-01,1.773025485889964670e-01,2.358328660096217083e-02,5.615242988586932604e-01,3.257238031043159510e-02,1.810923783081757887e-01,5.220850870725806114e-01,6.863349897180261172e-02,3.883080695675236726e-01
9.216518703031724158e-01,5.979673751965604994e-02,4.764132045548225003e-01,3.520774259311992282e-01,3.752726377261998009e-02,3.740136132837701410e-01,2.569714888844218392e-01,3.800713314993511838e-01,1.712782490196256280e-01,2.912889846377713157e-02,3.934242755988667239e-01,2.841891201947726042e-01,1.098259254609328939e-01,1.339211008318341445e-01,4.265264537569462555e-01,3.898663969079942948e-01,3.716731683198798430e-01,6.095001331329646249e-02
9.138224383084303515e-01,5.809485027337344398e-01,4.689428936718537666e-01,2.144352511366322822e-01,9.350141107363889315e-02,3.940766524326397291e-02,2.171026256792236431e-01,3.164655710891471352e-01,3.360204744172398672e-01,1.196800354400476829e-01,6.482381107926903363e-01,2.313730453897070716e-01,2.567168166520019112e-01,5.668477309488710869e-01,1.059789661391824164e-02,6.666137952392218180e-01,2.563908268291185677e-01,1.231500304435983878e-01
8.713340726179600315e-01,2.221485047941802737e-01,2.145969165548407276e-01,1.980249400700202500e-01,4.252733736716220181e-02,1.281257670966073070e-01,1.561346396841368500e-01,2.776264652066008365e-01,2.529769444948058998e-01,1.570561505164292174e-02,1.682125792896592698e-01,7.668255372646221035e-02,3.093399943265467966e-01,1.231392146596671372e-01,3.120689269001346022e-01,1.143480484134222069e-01,3.690086680972835542e-01,3.595552306781497204e-02
9.494825759551825950e-01,6.882352059843667158e-01,1.593500222343053330e-01,3.911065787068031957e-02,2.904069391334096473e-01,3.771490235400275504e-01,5.436425948915195594e-01,3.473365284663000319e-01,2.562202902037008512e-01,5.117811103303775144e-02,2.873869107145219925e-01,6.161834568562009062e-01,5.778336440218289072e-01,4.359262587502497066e-01,1.080358070008325955e-01,2.067694825289480842e-01,2.090203327534386757e-01,1.557828997054767906e-01
9.098982835329824104e-01,6.014357215953172187e-01,4.639966020578796257e-01,4.444486506148921934e-01,1.912047941815576968e-01,1.485867445854387008e-02,4.857571701519310808e-02,6.264338453978932630e-01,6.342179099193221425e-01,3.990543912134054266e-02,2.835300758140765764e-01,3.527705876443544275e-01,2.577326895295261600e-01,2.524226004197877571e-01,2.954608153713026986e-01,1.467117630670501938e-01,2.332307847947233392e-01,3.577527157292009208e-01
9.110532025788069532e-01,8.320198666360369144e-02,6.116469697727485721e-01,2.638583538743384249e-01,4.736155021335201609e-01,2.540038253959184811e-01,2.506314094303342399e-01,4.597837431917903839e-01,4.620673248946480238e-01,5.365378878792091966e-01,1.459207844454864789e-01,1.761661016860245899e-01,3.245692818243985922e-01,5.586857826748529154e-01,3.741337925838214562e-01,4.325792531045434264e-01,4.998981028693424977e-01,6.913088905795762296e-01
9.061341253788088856e-01,8.060200472801068439e-02,8.154468739402982724e-02,3.591888445564220267e-02,3.392984140531967729e-01,4.513716740116541226e-01,1.214278213197900885e-01,8.021714128347497141e-02,3.957715345923968342e-01,3.285608751667393190e-01,8.737294232238837369e-04,4.725771960282871276e-01,3.904415692124111326e-01,2.667294873470676952e-01,2.780726883572285923e-01,1.755565647188926104e-01,2.332302072542810911e-01,4.346722342732897149e-01
8.212559671487149604e-01,3.922452894476141649e-01,8.278180948114809423e-01,4.014062626721817684e-02,3.231028215653544700e-01,2.607573502614163319e-01,2.928543792938915757e-01,1.187404196747258306e-01,5.037046380781574628e-01,1.281230610068909703e-01,2.523312122673077029e-01,4.533423781365685801e-01,5.444766404197890486e-01,3.861189784313893147e-01,3.390844543595658012e-01,6.585093224236362452e-01,1.870028199172840966e-01,5.825432072950712664e-02
8.989278324878947624e-01,7.497092585420532529e-02,4.128609744775541546e-01,4.441707899633415835e-01,3.599092039984294611e-01,3.460388780956867860e-01,2.564110768166993903e-01,4.642225756756969413e-02,1.898680773325023274e-01,4.155512193205350702e-01,3.948727434105541167e-01,2.345241040406365052e-01,7.621079005433131770e-02,1.195641001860587999e-01,4.218477716354521179e-01,3.540917042440137052e-01,5.938004909464716929e-01,2.912288803732031583e-01
9.766770432761864296e-01,8.413760008996629125e-01,4.769719519958554033e-01,2.374466474491814805e-01,3.889540660328850707e-01,4.151456718863715256e-01,1.592857917790383715e-01,1.959775735678446484e-01,2.025902471289435514e-01,2.587062709159229090e-01,8.599801163528282555e-02,1.475474341892090736e-02,4.962784423193725147e-02,3.001848613239381253e-03,1.690398098650121583e-01,4.311613930551992831e-03,1.851728715996525665e-01,5.550347025943661583e-01
9.666824919180443398e-01,4.101689305049454060e-01,4.538350522973914614e-01,2.902298993112782388e-01,1.250608407673304834e-01,6.368721579226473972e-01,1.896924227371609983e-01,2.710014054419117580e-01,4.336597880323174725e-01,1.957688435245109604e-01,2.063431531896202653e-01,3.148164906611033986e-01,4.844966314381674577e-01,1.828828560807373993e-01,2.083176817716386742e-01,3.905892687073444502e-01,8.712312852069455937e-01,4.884980641877426089e-01
8.075197311294022295e-01,3.838188884624069153e-01,1.352752857287687904e-01,3.009399021237280092e-01,7.239373818611635758e-02,5.372451958070675881e-02,2.693585779987888174e-01,1.462574729693365549e-01,4.378128208270323229e-01,1.996725445211516570e-01,5.656678000446850874e-01,3.025767464949452590e-01,3.224234377267348045e-02,1.340114137589303867e-01,2.399565068335565987e-01,2.160487113809293480e-01,5.213709348313964043e-01,4.334929605498801242e-01
9.166475646807147326e-01,7.034601104300854946e-01,5.490543312265399045e-01,3.041991891870721720e-01,4.570088267593013787e-01,6.616370835751255175e-01,5.501612716610889686e-01,5.277007232576016831e-04,2.562967417620731769e-01,4.077264982851858677e-01,7.848013519000357485e-02,7.672992772940701901e-03,3.831930257441114596e-01,2.624961471886838593e-01,4.978034152071958429e-02,3.496803219365239301e-01,5.026408575179970306e-01,3.209197843245811810e-01
7.733087572624242068e-01,2.853741512924792834e-01,1.794054503245577359e-01,1.061827997525353331e-03,5.231302577919858532e-01,4.335618524369667104e-01,6.830754905166056545e-01,5.724931672852836551e-01,5.501080847805458474e-01,4.373230196281118198e-01,3.468873393614496092e-01,2.896863653123548654e-01,2.508711859252097942e-01,5.243795608975472256e-01,3.829961889296080169e-01,4.428836684802378021e-01,1.331243471540043480e-02,4.665398578779250127e-01
8.920615362816874949e-01,1.509352668138587983e-01,7.912151222223666736e-01,2.665509321822328581e-01,2.771558999322107919e-01,1.956431031617223149e-01,1.318034833469753087e-01,3.126934467893550118e-01,5.190614932963687478e-01,8.878081451458982865e-02,2.196074739588865961e-03,4.336107599330439322e-01,4.704474156287687392e-01,5.470915086697424323e-01,3.599646125490547632e-01,2.874217974756116956e-01,2.250020981658809871e-01,1.616892815084648161e-01
9.169795034063722428e-01,2.246209328796763827e-01,8.333107863105920776e-02,5.974673150498380769e-01,8.916837839754604422e-02,4.295100557759828908e-01,5.773422478961452997e-01,3.853035064499709117e-01,2.344408190414644655e-01,2.667373969957697044e-01,4.625800070472955161e-01,4.774383026604528402e-02,1.228960416850047449e-01,1.891081283169673000e-01,2.024766136078197110e-01,7.115539729769354560e-02,4.341206664741231736e-01,8.109431887261943361e-02
9.756668480312333802e-01,2.396848043550125762e-01,6.641523101602194723e-01,2.007786935469447753e-01,4.760622985362182313e-01,2.727766492204306559e-01,2.107576758567943076e-01,3.092524693129140578e-01,4.649899438579354061e-01,8.021065423179446485e-02,3.362508286855916406e-01,5.643260753585355172e-01,2.709765650650104996e-01,6.014882541749863587e-02,8.566870291827598516e-01,5.517418764172425938e-01,2.245076031815489426e-01,1.320427855519789584e-01
9.053465362586415877e-01,7.791501401704493679e-01,2.327148079567937511e-01,1.970920505064330946e-02,1.054314581205523238e-01,3.965927073788599322e-01,2.767166692593890920e-01,7.264253316700231000e-01,1.677324447972083354e-01,2.987333710059561498e-01,1.369598641263102268e-01,2.610223392284350893e-02,4.461245655963876344e-01,1.547737136044446682e-01,1.732807458127658407e-01,2.967351616773576950e-01,5.979348620333122533e-01,6.062666795068365477e-01
8.780338204651406686e-01,6.063238629922003131e-01,1.783284905973037959e-01,4.770489723124098358e-01,7.233999592265532019e-01,5.872978334286496072e-01,2.757016625670474785e-01,4.837342511381062526e-01,5.085123948916127068e-01,4.465142863733761458e-01,1.364571597226693460e-02,1.063140530322612409e-01,6.240810862646061219e-01,3.279294076697014115e-01,1.128958438360076616e-01,8.276484046060093858e-02,9.392501572916402142e-02,4.243161964647098050e-01
9.496235030475420613e-01,1.474130511486431705e-01,1.936410078981767868e-01,1.496246518940519965e-01,3.356153403333770324e-01,2.108497619085138997e-01,4.631796287112305809e-03,5.228966975161128961e-01,4.184731998604477865e-01,3.111247799265879910e-01,6.820612026424097488e-03,3.263635777040949093e-01,5.267744019650605347e-01,1.723144557091872697e-01,3.147384428461894590e-01,3.828031066221582179e-01,5.938507057843245285e-01,8.670858160674226323e-01
9.133796403465438418e-01,5.043703767217380118e-01,2.411332936796210108e-02,1.796447885790018739e-01,2.849891933070512057e-02,4.527918836953355175e-01,3.169249487867286663e-01,3.274557853966046650e-02,2.818437008375727637e-01,5.694353421378104407e-01,3.351432630091879528e-01,6.028114204918371133e-01,6.050153417737207384e-01,5.810741879873871918e-01,3.990124570188570141e-01,6.748562088385861024e-01,6.531700508408707639e-01,7.287780249649931097e-01
9.543475798893167328e-01,2.860765334003579352e-01,1.808794868937834421e-01,2.082467905408280362e-01,3.672615568143695886e-02,3.553626037172143426e-01,3.322663470247963491e-01,3.021845974938763280e-01,3.398532696100622919e-01,4.073349459566338870e-01,2.413378184879821919e-01,6.602645682301476748e-01,1.895367974170599490e-01,3.835971150272832753e-01,2.998995571166990226e-01,7.771965528672705736e-02,2.397325639776972939e-01,3.116674490937685893e-01
9.060511431579483244e-01,5.232564897945650717e-01,7.425878660387807972e-02,2.404126664849902950e-01,6.623131176498463224e-02,4.136109384323964355e-01,2.135461541081788983e-01,2.613005093008103907e-01,9.617325451811704895e-02,1.458433861141547883e-01,3.131719929315039397e-01,1.976625294334856120e-01,4.223153882327392861e-01,1.367113451479146369e-01,1.538467492819104235e-02,5.957890167610908616e-01,1.476097886401832662e-02,6.403669167682204399e-01
8.923594398967955588e-01,1.930407244706450476e-01,6.852597384740704012e-01,5.603227058310975561e-01,4.349712394839537200e-01,7.521989072267774856e-02,7.552146427942124651e-02,2.077913215026679361e-01,1.369650966769770661e-01,3.232395663649886286e-01,1.629925630805973413e-01,9.356696697838133570e-02,2.967353017223797740e-01,1.426556558021451794e-02,9.087689409505304017e-01,1.235960075090881821e-01,9.030902756533588649e-01,2.240294555534173282e-01
9.143441478668173916e-01,1.497484060307903951e-02,8.364984359540068859e-02,9.036334292110843880e-02,4.688825857213991255e-01,3.655390320015576844e-01,3.144018687623834629e-01,4.321518755694923608e-01,1.688716603033430519e-01,4.593301675311952104e-01,2.307583569471981233e-01,4.635523135078885026e-01,2.662640126187929557e-01,1.718343017497215297e-01,4.879873437916086298e-01,1.543774269516051956e-01,2.845352788339332584e-01,4.578319210895827607e-01
9.233408487822676314e-01,5.106296871563146267e-01,4.019121798674177293e-01,5.193740694381093759e-01,4.799392938459403624e-01,2.594646447755877827e-01,4.154284802591488024e-01,6.989832077200565374e-02,1.141712985430323318e-01,1.060487361027774578e-02,4.428109531829415579e-01,4.261106722418648851e-01,2.282637076164353851e-01,2.172031093016598413e-01,1.248424826963182716e-01,1.874973292756905441e-01,3.032607643046088541e-01,2.563485454217191428e-01
8.806529990678333419e-01,2.980281209818849697e-01,2.029572801007936966e-01,5.425330906126538677e-01,3.711308263386106088e-01,2.620237254510295738e-02,1.234881960891847166e-02,1.120870037509235639e-01,4.089115678107052565e-01,7.976894819536724246e-02,6.820190119788043237e-01,6.260548016777880420e-01,1.662570462471337218e-01,2.101049505479180013e-01,6.531621585800190255e-02,2.897443368918414808e-01,3.223759200655398893e-01,3.169493501485272646e-01
9.459391527114845433e-01,4.413242985530650975e-01,4.521877006965142609e-01,2.228324415141776926e-01,8.960792985959571341e-03,4.632726827628750876e-01,2.945641843534717030e-01,2.749080495039633587e-01,3.941282468823941176e-01,4.056682219485051033e-01,3.238299105138407047e-02,5.703536588303084187e-01,2.018839698756340340e-01,1.193134342687275917e-01,2.453170331790409386e-01,1.706000090856195084e-01,3.554372939293882205e-01,5.228805886565801586e-01
9.136078952939316045e-01,5.771765354521845026e-01,7.174085793552666956e-01,4.481696377881319582e-01,5.753938428377332048e-01,4.772002604236892653e-02,7.218830436956212848e-01,7.569298281702947495e-01,6.053659203635864960e-01,7.039874305719945324e-01,8.581829999322814206e-01,6.163838580102269926e-01,2.638666450776548933e-01,5.974261742049362667e-01,2.145261587388996860e-02,4.338575786686230118e-01,6.643598645606643149e-01,6.963196097466392009e-01
8.708087156913210114e-01,5.019563309077913482e-01,1.991229681841221177e-01,3.487418614895972380e-01,3.437502780968741956e-01,1.002941449645423921e-01,4.988216824441789599e-01,4.585532956152276740e-01,6.022707706794693666e-02,1.947656475350535155e-01,4.448232445477000585e-01,4.812073752651005454e-01,1.482748672766160958e-01,4.498453109656398441e-01,3.453204665595002720e-01,4.899264589888889243e-01,6.588736216981865290e-01,2.445037361316791946e-01
9.541563852644101562e-01,2.813181081395328409e-01,1.856692369357206829e-01,2.871406375601645022e-01,1.118182145557733015e-01,6.188450153078260962e-01,4.878831463914947153e-01,3.905016403797089142e-01,6.607741522020457170e-01,1.534898488935088068e-01,1.822219610855253524e-01,1.050547039603151184e-01,1.984351059791487903e-01,5.483602899087427485e-01,3.496093492196586383e-01,1.027029454215010185e-01,6.132930647442085687e-02,1.857108442364867051e-01
8.457615615785861740e-01,1.452143011916936510e-01,4.415968686207575877e-01,7.794216968583851379e-01,7.032067961332888473e-01,5.872671712242311104e-01,7.487825624016837267e-01,3.819006632413205482e-01,7.740612593382769635e-01,6.826617994781751519e-02,5.410789860549347630e-01,1.985594869027723364e-01,1.835391689570765594e-01,4.776576045117987279e-01,6.243571252885213863e-01,1.509238142753242806e-01,2.419467397611833048e-01,3.877873300350862529e-01
9.636796970708749743e-01,1.719910007706220711e-01,4.443462433061986898e-03,5.152416275804643231e-01,4.673162610592420663e-01,4.356024555367310480e-02,1.562693428769197646e-01,2.741738140612153679e-02,2.758584398217312494e-01,3.359725287707057140e-01,5.471861241620950000e-01,4.334254642679844505e-01,4.509377941416746749e-01,1.586518937301832355e-01,1.387306117004079020e-01,3.763772607424356043e-01,1.708161977760090655e-01,8.798058070847784018e-01
9.115125760899989160e-01,6.545050106142833446e-01,1.302312664591553093e-01,1.617115786772527763e-01,6.432079331317120952e-01,2.576419174578519211e-01,3.881331614845825451e-01,6.305669405263972793e-01,2.002511565583220132e-01,5.292476891828294672e-02,1.071189851112669816e-01,2.254118401748512746e-01,3.449011781725260239e-01,1.139994309317771404e-01,4.207057161098284870e-01,2.575463897347858855e-01,1.168883739442029140e-01,6.197496419123570410e-01
8.743647617374790126e-01,4.483851715226995771e-01,2.394428515548798486e-01,2.197045349332104880e-01,2.318292403697933823e-01,2.022038403824575337e-01,3.159859776025412126e-01,2.957303938889884187e-01,4.421281821672223278e-01,2.121421148172686066e-01,1.560858059667476483e-01,1.420548258253493124e-01,3.837862019026597737e-01,2.965955233623976221e-03,3.798879310341286009e-01,5.150169109958356861e-01,3.016947081584874304e-02,8.579022977701085129e-01
8.076250382272711636e-01,5.350814286149794263e-01,3.700920686987153041e-01,7.716310492743672089e-01,3.170915604999351434e-01,4.509467869698044473e-01,1.745816213510584525e-01,3.606163102756301253e-01,1.478464083954044439e-01,1.577501725351647399e-02,1.176204674098901004e-01,1.816816442931831477e-01,4.717886875260152157e-01,2.687421811751515843e-01,6.814657094025931006e-01,2.441233586158007285e-01,8.947769296851154630e-01,7.742745823406692596e-01
9.406869718834726113e-01,3.610590582135094206e-01,1.055995400235948747e-02,8.496183591032088755e-02,2.061145815851444726e-02,5.851951612480822684e-02,3.675413705108076384e-02,1.264219248379212512e-01,4.670256291017680916e-01,2.771780689195018632e-01,1.093246110269941868e-01,6.694432925738565132e-02,5.541204986567035418e-01,3.176049425482210115e-02,2.762495645289942195e-02,1.008246477056698037e-01,7.732359837094413546e-01,4.762150391853160469e-01
9.176641321469951595e-01,5.428051853763325996e-01,5.846963139359984130e-01,3.945890367081525407e-01,2.489468930176555461e-02,3.572839430357128143e-01,4.885190562405036796e-01,6.849194969567654057e-02,3.036112733763540739e-01,4.452774898106579005e-01,3.863835221248404506e-02,1.549451723879871623e-01,1.711752639757734562e-01,4.106293052259510912e-01,5.772125200098047193e-01,4.719516451370896482e-01,5.387542397267213179e-01,7.672381060892046190e-01
9.438727183287076716e-01,7.607640022468604712e-01,2.652275444826231350e-03,1.442540397286627141e-01,3.706234509191566051e-01,2.220913122694538056e-01,4.316562343553299042e-01,5.320718095835167555e-02,2.965327083460268520e-01,2.036658804033380232e-01,2.702588104747410958e-01,3.164692333084087039e-01,1.122708709225335166e-01,3.651361495209083929e-01,8.027635780926281051e-01,1.211946205701505408e-01,1.797968543106148176e-01,6.347830636182440200e-02
8.606139712837694855e-01,6.068791975994608512e-01,3.369435544357604617e-01,1.732689888769755882e-01,2.832837050100534548e-01,2.421978117253928420e-01,3.255258746221914579e-01,6.348949199059218396e-01,2.397319141830830391e-01,6.954075896534940293e-01,2.887506992472266970e-02,9.360490567867278677e-02,1.353911836484377462e-01,2.210829358138253209e-01,4.050394060888796721e-01,7.117915862563853890e-01,1.470688614372929470e-01,3.521216688505315884e-01
9.718617795717732211e-01,6.616726491348914330e-01,5.757282420325616767e-01,5.015685739137983878e-01,4.666965876506622979e-01,1.589780198579384130e-01,2.116894773200353741e-01,6.160570682549135757e-01,4.993109538055137686e-01,2.854835524169450633e-01,4.967686637596038790e-01,2.828524111322339163e-01,3.167594446047818924e-01,1.425607155981676588e-01,2.461911045170497164e-02,7.030687103946059446e-02,2.323242693117400781e-01,1.625458404876454210e-01
8.797527428357739820e-01,7.524172890849060158e-01,1.832097486873400238e-01,2.832887911226587563e-01,2.930062582389132420e-01,2.914475563521334509e-02,5.696657318781956914e-01,1.683246403784439613e-02,5.183571103326432838e-02,9.877832546511804146e-02,4.497560117929069179e-01,3.236663524837775086e-01,1.124323115540259016e-01,5.107411124895998994e-02,4.416897975415696731e-01,2.937273206494099564e-02,7.549022100034105121e-01,5.663922358653360883e-02
9.469592062460538973e-01,6.593279489365576618e-01,5.078291992459376125e-01,5.237329358499055454e-01,3.301926785095106176e-01,5.051496183589609945e-02,6.701000338783839050e-01,1.733421328121231971e-03,2.826734979443765172e-01,3.322697976468885206e-01,8.837098237319726546e-02,4.483672117244211219e-02,4.726005675797632227e-02,3.216666539998862540e-01,9.395884294671777437e-02,3.416995310113554729e-01,4.984008151583710911e-01,2.076290890221160756e-01
8.914519305459185361e-01,2.277138978284767856e-01,4.716287398736474512e-01,1.742254662531196874e-01,2.733202561213014109e-02,4.444369872049620807e-02,5.216238203851693012e-01,4.573179004620031018e-01,2.332903618518250566e-01,1.170922343136523297e-01,1.843433814354568934e-01,5.843184960775645864e-01,4.438506642876610120e-01,3.490356226128280698e-02,1.230135206566336237e-01,1.656701402583686533e-01,1.835485426212438431e-01,3.696076996079098453e-01
8.131566758069561640e-01,3.632678962771287434e-01,1.388402715358983408e-01,7.301891161571953948e-01,3.124985843857797096e-01,1.983006360904484289e-01,3.765670319778216535e-01,1.320980334020265545e-01,5.001361440741554087e-01,2.783111186609980581e-01,7.816614321070903815e-01,3.165076379431695508e-01,4.281753127136191384e-01,1.682137818098965454e-01,5.799435941151614982e-01,3.506243938468576737e-01,5.196635021811772948e-01,2.074699630193322375e-01
9.190830468137310971e-01,3.395094311152124789e-01,3.569001167305027589e-01,1.855684942292342154e-01,4.537315507255111902e-01,1.933734145271908123e-01,6.323951402888331463e-01,2.956274074081755021e-01,6.724267700196032704e-01,3.147696525962774827e-01,1.488328266274540792e-05,3.690678907428774358e-01,3.466404847070114759e-01,1.312071686071961119e-01,5.135556365335324225e-01,6.369709560642216051e-01,4.459856066839634203e-01,3.885508885536747559e-01
8.884007578744372857e-01,5.181898596965438530e-01,1.645800895877370107e-01,5.332324496420206561e-01,4.558385482963431823e-01,4.872288122972046054e-01,5.002998397270006503e-01,2.362541327247540401e-01,5.396007555698064673e-01,5.442584967662726925e-01,1.932990211608196229e-01,7.413787804309698304e-01,6.579669394923305659e-02,4.475804171525611386e-01,6.613424715268007015e-01,2.814300234073218721e-01,4.072261155103887864e-01,6.063639126316633376e-01
8.918332976977723092e-01,5.449439109114839058e-02,4.208120432243838693e-01,3.487849078529461477e-03,1.866200246858654432e-01,2.474699983406235815e-01,4.847836824708291470e-01,2.697434668626552123e-01,7.764700598703183632e-01,5.425847941879671232e-01,2.384368800136716926e-01,6.779220637353057244e-01,5.051922758166473848e-01,1.785667099255013046e-02,5.214870172177739072e-01,6.479540349277556066e-01,6.331465089146472991e-01,7.917994048802838858e-01
9.433829558276761729e-01,2.844989450034803857e-01,5.620476734770581961e-01,1.595127152854211583e-01,1.584857130367995359e-01,5.893790564648911101e-02,2.021977449176696751e-01,4.194064136561354017e-02,2.141767472160831243e-01,9.171089711600374783e-02,3.091517527067821902e-01,5.450326640117878624e-02,3.507661158692884640e-01,3.031493460424219619e-02,4.042504996379443494e-01,1.354045966834000955e-02,6.620913129152032894e-01,1.029580885097084453e-01
9.333387857346965299e-01,1.875038725751825563e-01,9.654490126236334180e-02,2.947930354967101194e-02,1.556593353127183887e-01,4.153471610428743910e-01,2.894411241929573109e-01,2.338583627879493865e-01,3.858599210871224705e-02,2.509329461250900950e-01,9.511433371084256072e-02,5.823644437532489171e-01,7.601856301618414857e-02,3.195208366162329283e-01,6.159836121450439766e-02,3.322578043373973222e-01,2.298153240984444623e-01,8.925213916032236350e-01
8.506863683825289790e-01,4.568005742749078890e-01,6.016661264207021631e-01,6.148472134700808762e-04,5.016855133741084938e-01,3.847364152620467159e-01,4.127136598756269148e-01,1.262424149935250928e-01,6.304071356198328591e-01,4.851262792724617134e-01,2.486859158596431696e-01,6.146952489712005363e-01,2.845984387617875311e-01,5.298750687880467991e-01,6.241117732082207548e-01,6.256173751556449725e-01,5.791331240232853173e-01,9.371888948478237502e-01
9.267835334021169436e-01,3.075205921366191975e-01,8.557320191659638642e-01,5.307329000293030674e-01,4.505888579381921999e-01,2.090924312273748087e-01,4.093382886549450927e-01,3.350133106292928487e-01,3.473856891991311535e-01,4.670042319866756775e-01,1.519794403289653484e-01,3.642919578018334326e-01,5.415621366132327141e-01,1.043624822499765875e-01,2.499468325923896450e-01,1.449814922626638525e-01,2.921781119641895796e-01,3.911659641192490877e-01
8.556208953113321192e-01,3.711447430601277908e-01,5.784995222266194892e-01,7.614819499907807265e-02,7.325142761251103307e-01,7.676736543910471500e-02,3.363410623085433815e-01,1.075779023157289738e-01,2.270022811692776477e-01,3.315068799106574704e-01,2.511983351617078641e-01,5.924844317729190957e-01,1.951052776203691108e-01,1.359621761169307053e-01,4.549560542817461806e-01,5.570588119920648340e-02,3.611727856997136721e-01,7.387396702463653320e-01
9.462188230039384473e-01,3.992540263269014206e-02,3.922890410010967943e-01,6.210942596548357786e-01,5.044533547757091840e-01,3.173488341118810840e-01,4.487260128659064096e-01,1.433703074570859548e-01,5.356573904575998579e-01,4.608724575106051824e-01,5.558998175276194109e-01,2.496485378176827585e-01,2.065452999084975705e-01,3.875882926378480808e-02,4.480924733474966892e-02,4.146947105713851278e-01,1.047771443009411912e-01,9.357664418990990773e-01
8.904061287737495833e-01,6.421803555310922063e-01,6.614260705098317095e-01,4.303271022187989958e-01,5.657177683518056499e-01,2.877563935813330920e-01,7.386843609386382070e-01,5.320869806786048262e-01,1.418294987282969488e-01,4.537655759514009346e-01,3.516516521134946949e-01,4.288317851304981193e-02,2.172183811041448476e-01,4.973209051651260593e-01,1.722044744978830089e-01,1.254517355515248622e-01,9.042437952500818887e-02,7.070274679337444912e-01
9.514964775768586236e-01,7.260463753856328806e-01,6.388504287855738539e-01,4.486415584596682438e-01,1.348174237578874668e-01,4.224276522477247164e-01,1.493533151523192826e-01,1.938397770243896479e-01,9.135893748316054053e-02,1.312712597323077990e-01,4.312582292410300361e-02,4.264307884528271697e-01,3.360444762883035286e-01,1.710684455456067399e-01,7.428771155294613404e-01,7.485509926494416932e-01,6.510215307724347422e-01,6.991094720146592834e-02
9.142235973953369843e-01,3.557621625458197157e-01,5.197709437889069806e-01,7.975063608193116993e-01,3.750016927336427813e-03,2.393962991800689943e-01,5.467602082672629038e-01,5.954903477316066951e-01,1.806148176347186218e-01,2.195808707043958030e-01,3.311009109058777461e-02,5.005140860100616429e-01,4.282685602797591806e-01,1.384340999020240437e-01,3.028362066182631596e-01,7.199870620493519224e-01,6.842774871187418118e-02,4.783317068316255694e-01
9.226973307559701576e-01,7.954426477314304744e-01,1.756582895302546410e-01,3.066099422166938537e-01,1.291292117709110510e-01,1.204633887440254847e-01,1.628923022999103909e-01,4.385424472609357471e-02,2.070777128405928147e-01,5.150683717243179083e-02,1.260109480856127506e-01,5.384447370634355412e-01,2.542265451053855041e-01,1.865844413288144932e-01,2.449492481905267138e-01,2.827013675250344624e-02,5.353250182611422048e-01,2.287106559791384983e-02
9.160361255978958228e-01,6.058348989440189847e-01,3.114958808893915701e-02,6.746235688846934364e-01,2.680395655170388913e-01,9.745975616681865072e-02,3.473252067159314782e-01,7.354961029359356750e-02,4.353457003622298455e-02,4.055733360953719946e-01,4.087661418851202266e-01,5.190468948022849416e-01,3.931029880761309769e-01,2.901531206992426920e-02,3.639822507560817044e-01,5.423982903888127649e-02,4.660800020412245726e-01,2.962514944454366361e-01
8.739719331632876953e-01,6.150433319785165720e-01,5.283369545083547170e-01,6.742983742118308088e-02,6.248133008543679257e-01,3.628910157421925131e-01,2.570210529662730198e-02,5.867210244339396419e-02,5.118115611572062740e-01,2.134735459381807421e-01,8.413617180967618570e-01,3.923173782149443345e-01,1.546094264578338207e-01,4.804233626346756103e-01,2.822546725742737239e-01,3.389363742759268772e-01,4.569207114900186717e-01,2.794573969012867365e-01
8.682222562302958080e-01,4.754196725239258348e-02,7.988900360648460985e-01,7.293352287276423651e-02,4.423429833493361940e-01,4.053537047703988372e-01,4.783350792080739433e-01,1.573687391184328821e-01,1.950444719723345988e-01,3.920611433877825291e-01,6.407837186318431355e-01,5.242718048249010998e-01,4.881239609325230822e-01,6.339643608313554057e-02,2.874089800601445366e-01,2.256867001812480622e-01,2.330338168367608320e-01,5.844753275206444609e-01
8.400535645710681676e-01,7.433393265025070029e-01,2.492509216126739535e-01,6.089049007250982859e-01,4.941775877257338911e-01,1.185129500704933114e-01,2.652659885805330187e-01,5.182412829701010804e-01,1.283331388122292693e-01,4.325275585487225460e-01,2.498786631040032791e-01,1.731237790029827306e-01,1.621059812729998620e-02,2.949044112584659483e-01,6.790930180505565239e-02,1.943292880589523319e-01,5.208432689432770935e-02,7.898666272232847119e-01
9.474663681321672248e-01,6.682736344462473221e-01,2.719057132318747905e-01,2.581755073093996433e-01,4.239537942963220174e-01,2.234473915414420531e-01,1.121902864534365662e-01,3.680659579781418028e-02,2.752002167387559428e-01,2.828907558500564634e-01,6.744278465505019193e-01,1.752823539702407230e-01,3.691173164308695354e-01,5.922266042919135387e-01,7.252104992970799247e-01,8.036698804697579579e-01,4.683426639005646708e-01,8.801973154013373879e-01
9.079404717097511179e-01,1.723583327177756752e-01,1.320227716661324935e-01,3.130949264389640829e-01,3.490125370806443361e-01,1.086319359012588720e-01,2.001136040366928714e-01,9.271492050766454163e-02,1.371762086389340940e-01,5.553695175158581687e-01,2.969951370512760591e-01,4.770247207239986520e-01,3.220147438927966066e-01,2.654702662979938621e-01,1.864140535427231404e-01,1.361131114781384543e-01,2.067395019637604803e-01,3.808611451258371305e-01
8.902828203972543708e-01,3.249386981368128646e-01,7.993915050500331743e-02,4.446866684073052384e-02,2.242234483288330082e-01,4.431430843303140188e-01,4.483328966259131909e-01,2.945557054968613031e-02,1.018351486074448031e-01,5.923436363946176231e-01,3.698402463146858478e-04,4.228202806598565511e-01,1.106377318130331300e-01,2.756384037513359142e-01,7.097457043464308057e-01,1.723467400468307043e-01,2.878732501543218025e-01,2.322503666650369836e-01
9.280407483728099205e-01,1.357160486520738729e-01,1.678975812512077115e-01,7.434161518761206455e-01,1.741631665633514292e-01,2.593742899119134693e-01,8.567234968394804584e-02,3.185825920301409986e-01,4.657542820815334661e-01,3.804842612849769767e-01,5.564200915078731935e-01,3.289947885759332558e-02,2.744704328242731917e-01,3.478578988690678164e-01,2.645909244656253212e-01,1.068777437234991190e-01,4.571009823710117659e-01,8.883149681009387677e-02
9.345996168665023918e-01,2.833175705889980356e-01,3.807322487386037846e-01,4.677349381646431214e-01,2.539077916411818236e-01,4.273460150944635161e-01,7.925090061807890662e-02,1.454970846176905086e-01,3.540332448135691257e-01,3.525190443553821718e-01,5.957962605841392589e-01,5.144350404586737202e-01,1.478824287973367069e-01,1.788137534957200125e-01,3.772208361260450116e-01,6.879863342045468011e-01,2.490919551661625320e-01,2.296111854458920271e-02
9.020417707367597293e-01,1.479267471086175290e-01,2.676727696408327528e-01,2.061839358177413872e-01,2.504816442671664589e-01,1.524415062331052964e-02,4.711842503366294732e-01,1.084815257379062176e-01,2.307876084263963123e-01,5.011065796010498730e-01,3.295756499554149954e-01,5.708874890535264868e-01,1.586960390005924884e-02,3.234301086238863809e-01,3.995236320026155502e-02,2.973819608930866609e-01,6.338712874658836149e-01,8.680358110065186095e-01
9.233116300091499529e-01,4.240886693814426289e-01,2.072673287547099896e-01,2.633243439189225654e-01,4.813116723319642576e-01,2.447717153851793614e-01,2.028392652773051141e-01,2.747361522925702570e-01,5.299642354228900620e-01,3.478735431717032422e-02,7.454059403623325593e-03,2.407616893605619979e-01,5.311058235672640876e-02,3.987830553476888473e-02,2.305294661202359485e-01,5.455170990907145384e-02,1.195260222093010444e-01,1.125535777746292931e-01
8.735838172532627288e-01,7.021756930673009323e-02,2.339834927445784141e-01,3.838747275999718211e-01,1.524924177557303029e-01,5.060557124330513634e-01,5.551277949052477872e-02,5.015695488565995175e-02,3.966407458803671848e-01,7.922680300419106258e-02,1.497538408097890406e-01,3.566303198693157248e-03,4.613663747391748803e-03,9.568026500190677380e-03,1.389133287970303887e-01,3.901487897685157469e-01,8.087843208281321195e-01,4.783607025700398752e-01
8.347657557458291189e-01,4.184162313129152766e-01,5.447345067139399699e-01,1.167974834384385985e-01,1.561098449505757962e-02,1.292232454619947346e-01,1.293520495458037704e-02,3.498264039376427492e-01,9.052088769719944528e-02,2.462141868110609699e-01,3.693968497922554550e-01,3.664017119537539280e-01,5.049670193743264202e-01,1.883015001501888164e-01,3.037584110581436833e-02,6.266111235005621394e-01,2.804412811595154431e-01,8.961907705948924940e-01
9.639108938898184320e-01,1.144372887990046245e-01,2.134670922838746987e-01,5.110589757604048211e-01,4.260907574170201828e-01,4.119430131366794839e-02,4.799984941735620236e-02,6.016388552983443772e-01,2.847747191997965777e-01,4.499879530528245741e-01,2.664756068780909093e-01,5.368601283920062528e-01,1.715407544580848376e-01,1.816816512387224025e-01,3.902305325489855981e-01,1.077769446961255179e-01,6.375698867814473536e-02,5.744606088527818288e-01
9.393695976420547433e-01,9.814651229766803431e-02,2.802272431015157550e-01,7.457926666699531137e-02,2.933318484165891027e-01,4.680537556802180088e-01,5.263580839488263274e-01,2.519786368620638428e-01,2.093757572960419297e-02,1.858620464395684124e-01,6.498154047849677428e-02,7.615364907838539921e-02,1.053333253831160998e-01,1.384770490989579161e-01,1.194017009373763288e-01,6.466440522083587439e-01,2.617744732236224059e-01,7.251161065758011670e-01
8.701631182373855689e-01,1.784306967944314370e-01,2.702049975679876037e-01,5.323164445961390406e-02,2.119505384978324566e-02,4.427715151756821954e-01,5.345841512364926107e-01,5.134330304678205725e-03,3.368828374925718072e-01,8.793778811200100853e-02,1.897849011189304824e-01,2.965715922137053817e-01,7.434190878194312235e-01,2.481385702760500467e-01,5.503165745335840686e-01,1.956365353307626120e-01,2.645888261350509696e-01,4.925411342177747342e-01
9.057838160064157762e-01,5.156376003675270520e-02,2.483410268048454050e-01,1.985334996849576761e-01,1.960686097001811401e-01,1.123008628774787299e-01,4.135897213839599407e-01,2.830748093748114425e-01,1.348010140471912477e-01,5.163742377614407575e-01,3.246773726402051308e-01,2.023406140371501478e-03,2.422722740654934259e-01,9.861123847169794843e-02,2.573408030524667045e-01,7.328111212449334166e-02,6.625695251348371340e-01,8.379986490130348908e-01
8.502979473647765962e-01,1.817371425932588214e-01,1.998926814588661838e-01,1.282819660992800814e-01,1.836109235528587125e-01,2.223095306794108383e-01,6.857517047039158875e-01,1.544890268682867426e-02,4.133326414537690785e-01,5.725493698496748607e-01,6.564197845372682361e-01,1.716194124788762154e-01,7.572924496950984852e-02,6.408800226309747661e-01,3.547667285441346019e-01,3.798850495648783410e-01,7.182645009509394107e-01,7.658658811003301592e-01
9.521473033298006872e-01,5.821457286108608908e-01,6.408344390495143150e-01,1.197906733941436624e-01,7.200547022897607619e-02,4.297181886743007273e-01,3.653373228875478329e-01,3.408155381830378361e-01,2.051582736824733855e-01,3.131005921903479705e-01,1.738910551190955833e-01,7.250762849527867537e-01,5.323123568228231850e-01,8.136213656279743869e-03,3.623240599954123398e-01,6.543052170301348891e-01,8.495670416500507027e-01,3.144766424585841991e-01
9.520014971917422075e-01,7.192123625965441969e-01,8.807252323638122826e-01,2.023303489128994992e-01,9.860031126873713969e-02,2.263853817526112200e-01,3.315603560569861663e-02,1.746171081642039213e-01,6.471988492804985338e-01,4.612852400496717520e-01,4.096516667956900254e-02,2.191307410995652349e-01,7.465435827721344890e-04,1.063472591327891265e-01,3.186379661614541225e-01,1.154591983867452459e-01,3.538304635080324334e-01,4.384000432952472326e-01
9.629410238006905765e-01,1.486597023511224136e-01,2.761421366119444498e-02,2.172500161635694260e-01,5.998898956536723448e-01,2.958318490674352597e-01,2.023325815702768649e-01,5.119367786070309068e-01,4.057476480944456343e-01,3.287657882077107407e-01,6.537288466100350526e-01,1.548053593381840121e-01,2.854557884487663455e-01,9.329464928059447160e-02,4.158445327863551921e-01,1.047782555430576551e-01,4.806018569551258057e-01,4.706611035613125216e-01
9.379318616332694702e-01,7.135482707501180633e-01,5.856358045003027257e-01,1.241986915447749473e-01,6.319686801233900253e-01,2.739488571486864976e-01,6.166210786794561471e-01,4.889852259018882125e-02,5.956660771718863545e-01,1.110366528609059086e-02,2.261897351375418419e-01,9.977645452046360330e-02,2.579054564609702116e-02,2.073892457957483282e-01,4.139184007380077301e-01,2.571121146158880655e-01,1.945584941895540654e-01,6.057815469595413393e-01
9.060894411529282211e-01,1.223423729562914258e-01,1.526687017211888209e-01,1.111857083788737460e-01,4.060451450655851689e-03,3.721066033530063266e-01,2.597183343590563354e-01,4.722042563312169317e-01,2.266457645860458225e-01,6.551629441350604877e-01,2.997639375782661375e-01,1.900263294342031672e-01,4.421189237440774633e-01,1.571055297386723948e-01,5.069079430003070597e-02,2.993090732660438347e-01,6.898769744624606570e-01,5.618270221167545042e-01
9.802745617313749493e-01,8.349129934086632621e-02,6.321310937120401541e-02,4.919021841940063866e-01,4.772372726550876826e-02,1.913232985279791909e-01,3.730884447081085353e-01,4.077760596128054416e-01,5.602234980500157002e-01,7.551235378699577838e-01,5.966079073570852431e-01,6.334724914834657383e-01,5.343596362348749240e-01,2.070117702418643180e-01,1.554174973115948488e-01,6.768550885048920662e-01,5.849671075566950096e-01,7.417290931672715359e-01
9.428895858201392643e-01,2.545374990666672832e-01,2.781262193269636862e-01,3.061048874743302894e-01,3.474303964940489431e-01,6.187521373474835773e-01,1.625336553540383810e-01,6.254347919870230366e-02,3.628262138256013736e-01,4.236243650065609767e-01,1.866355090604530642e-01,3.102622566126236325e-01,5.438023040264543528e-01,4.517919754476613925e-02,5.941816507025184935e-01,4.339351092396712128e-01,6.704863810399658286e-01,4.411354042757585914e-01
8.252514871872035362e-01,5.524588007354319652e-01,5.869718727274327863e-01,1.087825207509965364e-01,2.585125772737401628e-01,4.265483724058817816e-01,3.051497167414549128e-01,4.004631821051852225e-01,7.116163701745682746e-02,1.661890197935570745e-01,1.088488875315031662e-01,4.715754460095614164e-02,5.824438204089588123e-01,1.816486215340096244e-01,1.100927253299895936e-01,2.245339493068919945e-01,5.838445151387395837e-01,8.923858485069755542e-01
9.546416295115581763e-01,4.523274293048767936e-01,2.196684951773837657e-02,1.540419103581401883e-01,7.630511485766432178e-02,1.468096880805106752e-01,4.879431339384368571e-01,2.600670327854576747e-01,9.176792419827475844e-02,6.665398998911530037e-02,2.962583982018914264e-01,1.289741548816384364e-01,1.417331590401136876e-01,8.376393457699592426e-01,8.895737583740573884e-01,4.188811771699512132e-01,5.309989182105788741e-01,4.338136143234859188e-01
9.150898986422413284e-01,8.922686997272087639e-02,1.568285662112700873e-01,2.349912437462378101e-01,4.577551521446568406e-01,3.621239378784117391e-01,1.584215839569956541e-01,1.358075336665814370e-01,3.633867755769856767e-01,6.781177973110646094e-03,2.554147283342795838e-01,4.262491404920181193e-01,2.254871190763261812e-01,2.742409099868461930e-01,5.651940879620347413e-01,3.139019899288582049e-01,6.724990317777008730e-01,8.105156066011347527e-01
9.056936683562472057e-01,7.010327933536986134e-01,4.795388656315254794e-01,3.487552655589829520e-01,7.297431244672888395e-01,4.403099655424286829e-01,1.542781127384063589e-01,4.402449097528152722e-01,4.805512659687042470e-02,3.768949946279694374e-01,1.162948145833082730e-01,3.999379346608057384e-01,1.904141297332221372e-01,5.435334035890599935e-01,7.993466157340220479e-02,3.860685398321232475e-01,5.849137043570503680e-01,9.222206405172408417e-01
9.664844977069182441e-01,2.520730840611611345e-01,1.114891676905552242e-01,1.428561908779393264e-01,2.987660392837017675e-01,1.073018782166472312e-01,3.125228007865309410e-01,3.812124842426507509e-01,1.444570605458407320e-01,2.724900248107322009e-01,3.838230233061429297e-01,6.285867230595939548e-01,5.970049438885524085e-01,4.392774296124838940e-01,2.000085428332343263e-01,3.804952389996532625e-01,3.776064918856124053e-01,4.391266950768634159e-01
9.009898032529189971e-01,3.660165632112812872e-01,1.399667853121949745e-01,1.418798156321879889e-01,2.094189439812053355e-01,3.590533514908504364e-01,4.210984007602991408e-02,4.379328001703098466e-02,3.388363264744053138e-01,2.308121922183731800e-01,1.976304113549420816e-01,3.123076769393677843e-01,3.628306663483875649e-01,5.466483646335681401e-01,3.836949215539842695e-01,7.646231658454744062e-01,2.996726870795839159e-02,7.941417945360640385e-01
9.742409750122262846e-01,2.591625100291406760e-04,1.629855628622926822e-01,1.081845373963060894e-02,5.697668500002071035e-01,2.142086147994284595e-01,6.613345245222983504e-01,1.627723701731565442e-01,2.149359164677746015e-01,1.552669011143036903e-01,3.057034301904101858e-01,4.510236565054583924e-01,3.817598106646586387e-01,1.895083337218216313e-01,5.415927331986072346e-01,7.868266573196967817e-02,3.461357691282009874e-01,5.957207080707381808e-01
8.944175903428889240e-01,7.986649900177443528e-02,3.328037899413451295e-01,5.983769513146094399e-01,3.148834987407020392e-01,6.303991717874944944e-01,2.958308402410090299e-01,6.446311927807586439e-01,1.425151206710170010e-02,2.612317705908813736e-01,3.630032882348278173e-02,4.573501705262627420e-02,1.140118482938208555e-01,2.691915130798597580e-02,2.926357868954054253e-01,7.598990644421822760e-02,1.344279665169595961e-01,7.674381732390482824e-01
8.864938540985284332e-01,8.334530863640686738e-01,6.725374796658625809e-02,2.571388369183239399e-04,1.792326691353895718e-01,2.880071728980780343e-01,5.127276328897975022e-01,2.928931669475738353e-01,1.230895642250679489e-01,1.955257990019030057e-01,2.329966045805099972e-01,6.836536200565239592e-03,2.511100656934735498e-01,6.376148243532726856e-02,6.939823794840911386e-01,1.632828283948887238e-01,3.509946085293835782e-01,4.704120601616051389e-01
8.842776466180557460e-01,2.634864219102385843e-02,7.380292231730397612e-01,4.708132894538273605e-02,7.377798349693910351e-01,6.695162494522484131e-01,3.745635453629076461e-01,2.332010523721837064e-02,3.159498411102474313e-01,1.126924729312601958e-02,2.798905260428883879e-01,2.372364716283601460e-01,1.479356354790082040e-01,1.355410798178588172e-01,5.939609617919927587e-01,4.878578359172961454e-01,8.332161986630696182e-01,7.521818396073363111e-01
8.667727780555634087e-01,1.735820944489681883e-01,1.310568137040784772e-02,8.212348561836798622e-01,6.333022786491808720e-01,6.034758031172441362e-01,6.190175211529785892e-01,2.764846026445076932e-01,3.839072147751423913e-01,3.565854950376561305e-01,4.316833844936882603e-01,2.442973703221813439e-03,1.090856885235157864e-01,1.941907125765360564e-01,2.148377923286058644e-01,5.882561152206550181e-01,2.382678272077385084e-01,4.819105254462485721e-01
8.969844016754862093e-01,3.791207879962681937e-01,6.126292930724792640e-01,6.310884256995122898e-01,2.896803980892880270e-01,3.280544817082105269e-02,2.012378756592425044e-01,2.084766244778074248e-02,3.340177536816694714e-01,3.026825553282788128e-01,1.490302493758391966e-01,2.957698536528787225e-01,1.677140271393307569e-01,1.882544583543236949e-01,2.608857340541410053e-01,2.675024556314655744e-01,6.840409304070723673e-01,8.357815578354269581e-01
8.565235793659404795e-01,5.848149082347697814e-01,2.596907221325005510e-01,3.628651176885033802e-01,1.807308715985646574e-01,1.847492942884405853e-01,5.916631808219885436e-03,1.248548610066374936e-01,2.438132657620671884e-01,7.100526288994136737e-01,1.433682203218593909e-01,6.898107735897807125e-01,1.503630760303925895e-01,9.389327830700415489e-02,7.644545838837780993e-02,6.557981195132300822e-01,9.389636781111633246e-01,8.095039306627324072e-01
9.143641227264693860e-01,6.566624003369171403e-01,6.074411431711953524e-01,4.010980321572241714e-01,8.291969972602036831e-02,4.467009384395828064e-01,3.279667132386874240e-01,1.319560355705635679e-01,1.425737400867080062e-01,2.145262052893949223e-01,1.858778243324952784e-01,1.627305269097081494e-02,1.131433003088731376e-01,5.523998245648360089e-02,3.147016548875807285e-01,4.060362556507592369e-01,1.312435766717254815e-01,3.235462001461271164e-01
9.125171577925055288e-01,2.382123294359038690e-01,7.415139097959921877e-01,2.295879089919037885e-01,3.146630693933686329e-01,3.579808190262321332e-01,2.625486433444326057e-02,2.858138983622301454e-01,1.717664702632477336e-01,6.190246838986224881e-02,1.991256091799424865e-01,2.053681162091513523e-01,2.111391591006711588e-01,6.737345622355098151e-02,6.063229605656162979e-01,2.186475120713679832e-01,5.382266050826322035e-01,7.253741628464206448e-01
9.149162637351464511e-01,4.244747922496889259e-01,3.024033608159221176e-01,2.787665324142178935e-01,6.480429917454861855e-01,3.970827299292668533e-01,1.764855422719983635e-01,3.961733213270500209e-01,1.653194342733992350e-01,2.411187132310995962e-01,1.928469647618185345e-01,5.852156896931778318e-01,3.538494289129074932e-01,6.959301532677383308e-03,7.104442733995988135e-01,5.279611920414545301e-01,1.751752386610423151e-01,4.593372198863958089e-01
8.269640462125501523e-01,3.803708028239424777e-01,1.713880585564266368e-01,2.904949677794592122e-01,2.533771932537413063e-01,4.425941812829923272e-01,4.902704010417153757e-01,6.286456410453243604e-02,2.644318907893410953e-01,5.887927192641702057e-01,1.322821488470090345e-01,4.549607329772096254e-01,9.928576848594916626e-02,2.909118397048485738e-01,4.576327839239285183e-02,3.901709757081053276e-01,6.087463554892404843e-02,4.078807163727204282e-02
8.960103366666238855e-01,6.871497517679721057e-01,4.286563975130381343e-01,1.362812306390343564e-01,3.402409331556241479e-01,3.416279513134037882e-01,2.127691180369690460e-01,2.983130659369253035e-01,2.373840063134955713e-01,5.621157541675659425e-02,3.011113342521404834e-01,4.899229160651791815e-01,1.254158945592769026e-01,4.633370482071779706e-01,2.316030813209858652e-01,7.479499434406425840e-01,3.822339655128919045e-01,8.674216943914452305e-01
8.776079772029051762e-01,4.254720104227222022e-01,7.978675978242690814e-01,1.614054832684313490e-01,3.340400352445765386e-01,1.057513470052858368e-01,2.942122527266310961e-01,3.032059678045202489e-01,1.979319420847756861e-01,2.306624928090788840e-01,1.690115567417246611e-01,3.787994460939721475e-01,1.501985805771700322e-01,4.264328343903991958e-01,1.851104967307075078e-01,4.967923101879060388e-01,3.018820300154962388e-01,4.389957659131720757e-01
9.556510024278769277e-01,3.281682137976070224e-01,2.632750311355627759e-01,2.814886791625810791e-01,4.380782851663533317e-01,3.003708190272680323e-01,1.882967425423938412e-01,1.009210205317217918e-01,7.104424565347829124e-02,4.264386735600180778e-01,1.277297220148315982e-01,1.951127213207284605e-01,1.903202594399204528e-02,2.265310557727330185e-02,4.234090515280766187e-01,6.542544742829846660e-01,2.694814008550611706e-01,4.193701752851219378e-01
8.400879987239695534e-01,7.905658318953352748e-02,1.729234632237027225e-01,9.852547858079618859e-02,2.130369186220229805e-01,1.234310809311501590e-02,2.462286887900461130e-01,2.235810676615473391e-01,1.394489913466372133e-01,4.325964790878421562e-01,7.252520711407469678e-01,5.507260733011264120e-02,3.021435781206590482e-02,3.797604679121033278e-01,8.767530488989659643e-02,6.148185532611779580e-01,1.649962508102565673e-01,8.513582426750891941e-01
9.508464844262054516e-01,7.115379038881645135e-01,7.281337674398291604e-02,6.466437100562447693e-01,4.105056088188723806e-01,7.587794254583907216e-02,6.285136803825960294e-01,5.908464672227492498e-02,1.796791828171103167e-01,4.918632604417438325e-01,2.814254332522599933e-01,3.620474358630396128e-02,2.895126602722168374e-01,5.208450544013402128e-01,1.909761350820323167e-01,3.075017849485098265e-01,1.912250670312060086e-01,4.684329595184482664e-01
9.484576847858665616e-01,1.813442805573815516e-03,1.231419055791394407e-01,2.460204544889234568e-01,4.930136646592253591e-02,1.162659632345512395e-01,1.088644588451880835e-01,2.279875145099466427e-01,1.531621582306945673e-01,2.644277424658211251e-01,3.573547066650702986e-01,5.093191702144758692e-02,7.882246473951015631e-01,4.273134409691490276e-01,3.393906109936725007e-02,4.786343250384852283e-02,3.728229761463192071e-01,1.196890806453725642e-01
9.350819591448757961e-01,4.551810319622430767e-01,1.135480159403558509e-01,2.281545175815697934e-01,1.390602763939557673e-01,3.541966436167756083e-01,6.742244592443102924e-02,3.142535744042912471e-01,8.002460938624700315e-02,4.522253701643664386e-02,1.173424327366823366e-01,7.253377139671773888e-01,3.917778300103484934e-01,5.789779971042313678e-01,6.612725469770232012e-01,3.548606393275891002e-01,4.962345252855635547e-01,8.236621037536321355e-01
9.156666755802911339e-01,6.636983260184975419e-01,2.070728516700969524e-01,8.301602122330342670e-02,7.147712152400651497e-01,5.087963700227794428e-01,9.962693247734914770e-02,3.797199978247822738e-01,2.620266254527896521e-01,3.327767774498807674e-02,1.818329448939900728e-01,2.948885974937935361e-01,3.113772489765690987e-01,1.587435012400617018e-01,6.082258419593632448e-01,6.575652638070907108e-02,2.451169673800757121e-01,2.622970172960854551e-01
8.849821877299383077e-01,1.015638727381691815e-02,2.740312172121759371e-01,3.800799000691913454e-01,2.590267598475319288e-01,2.621677949814555930e-01,9.031022919153684249e-04,1.823831834934198093e-01,4.919424885938534220e-01,3.457524357890561229e-01,2.714661700147188439e-01,3.417181610644854373e-01,1.090663144487496149e-02,2.327115883688084808e-01,2.131456949775245857e-01,7.913197837796615008e-02,2.538058245518292622e-01,7.849232918769677436e-01
8.417004964526281219e-01,1.969097919121632345e-01,1.758266441256188251e-01,2.723754189900091660e-01,1.809174103340102646e-01,4.802446469896991255e-02,1.517895402985385833e-01,6.556596238174479396e-02,3.309146320399235508e-01,3.202282121608077681e-01,1.999017622037262132e-01,5.297399999938514625e-01,9.045068493928726250e-02,6.723210198525086945e-01,3.700592228846051879e-01,4.255741265631466930e-01,7.239792345837823759e-03,5.923945993143989730e-01
8.683268756355156937e-01,1.598770491072377953e-01,2.309370724757500437e-01,3.516575471562177519e-04,3.701073251054889379e-01,5.675508384725667099e-01,3.888172182230143492e-01,1.672093154504665780e-01,1.222536519679637557e-01,2.547003067884384131e-01,5.077379580265617420e-02,1.812757569595861429e-01,4.951121523667640911e-01,1.497248259027467998e-01,1.246216289840045288e-01,2.988287623807567850e-01,3.897189029928666004e-01,7.164668636356744669e-01
9.155009726266171155e-01,1.195204480565348060e-01,5.687693858222618859e-01,1.780250106465829651e-01,2.503398216390025910e-01,1.272307926117584309e-02,1.784784170414001614e-01,1.617329185147034221e-01,6.051541674704230545e-01,3.012101980435716309e-01,3.363791560675947756e-01,8.552985042638395763e-01,6.422574320535232584e-01,6.108090247640257653e-01,8.770478659125767740e-01,3.394923340065154616e-01,1.001814332249065381e-01,6.153899819445838304e-01
9.088095577323004326e-01,2.585132913647872899e-01,7.857242038924184824e-01,5.405884161667509624e-02,3.653959452083265780e-01,1.961634885452885890e-01,1.716277008046001862e-01,1.786711266843913626e-01,3.701750480238575891e-01,9.798264049853300239e-02,1.272149453399916072e-02,6.696735454887787764e-01,2.781676952618495902e-01,6.209973548304814628e-02,4.953670126887644298e-01,6.653133501750712053e-01,6.058342242676242329e-01,6.778274902365356569e-01
9.335267502267632356e-01,4.625182301619192304e-01,7.631102678444554588e-01,1.223888669282891667e-01,8.660952772321602877e-01,5.313618500685717699e-02,2.552034098586424271e-01,2.637312395311043889e-01,4.610369579091957992e-02,1.524119791069300234e-01,5.975230113102231178e-01,9.661303699269802037e-02,5.295355766279083998e-01,1.059842015399991844e-01,7.802082209971657190e-02,3.385037683350970994e-01,5.533768713171455245e-01,1.242728296074514099e-02
9.336909981256105162e-01,1.635098990252717988e-01,4.432529350258637146e-01,5.525271679550269877e-01,3.035287577974623008e-01,2.393771261290460750e-01,5.368946090824199685e-02,7.205925073894195454e-02,1.848437930748636215e-01,6.878479103005195362e-03,1.696088666519671162e-01,2.492632799219366146e-01,2.300852208847280755e-01,4.194891212683645176e-01,7.034889548561339412e-01,5.903955821428414907e-01,5.447577653946231724e-01,9.038904328791256271e-01
8.410068608237438736e-01,6.542055725900487728e-02,4.914869857234553385e-01,6.503172473859471225e-02,1.564323230807630194e-01,1.972541844418285173e-01,7.397578375184162003e-02,2.531467301641865397e-01,7.327925929358360124e-02,1.825188712767416566e-01,1.994245321621078426e-01,2.365921174002915406e-01,2.041333692291201207e-01,2.107712303424809641e-01,5.604653416686098399e-01,1.571661919871141233e-01,3.458917461036026819e-01,6.368912775035290297e-01
9.380337368230080575e-01,4.409952542108006579e-01,4.073348747156717020e-01,2.251171619496560306e-01,1.615603267198355564e-01,7.448375875475218844e-02,1.905410626650397843e-01,2.541805880630050307e-01,1.556181814510503025e-01,4.177251077089545461e-01,3.437183071353681896e-02,4.447714984951099404e-01,2.826169828312656840e-01,3.825361514717490752e-01,7.053968549402772625e-01,8.002608115590587046e-03,1.831606885109556548e-01,5.982948438963209270e-01
8.323906888495309353e-01,4.992423625346311677e-01,3.135011213978998179e-01,6.080578255798212428e-01,6.109974206766539684e-01,4.616940977273505942e-01,5.190693719869855505e-01,3.188159890413294062e-01,1.329230866195564853e-01,1.434470146355626696e-01,1.511580614451978055e-01,4.125272063921158749e-01,2.824183388875897149e-01,2.456811274702553893e-01,6.140414360880393913e-02,1.549718180796093303e-01,2.029309332030278523e-01,4.665776189093006066e-01
9.482359477293367256e-01,6.858384477285187630e-01,5.952022066129878386e-01,3.721819582906490953e-01,5.338227644594399912e-01,3.700928781007823548e-02,2.780022047509548289e-01,5.387141263393905311e-01,1.739380766551006097e-01,6.244110794005172105e-01,1.082941037731963013e-01,9.921497756779955324e-02,3.146669741354078953e-01,3.803639200359120731e-01,2.295811491287704648e-02,2.993846100723911441e-01,4.588560878187517011e-01,4.203947368199816292e-01
9.463811169029326953e-01,3.642482093286297240e-01,1.458596056101413851e-01,9.767881850626893014e-02,5.220015886878456302e-01,5.950310670057588069e-01,7.368971368933986688e-02,1.468373398446481404e-01,6.930140109636460100e-01,2.935754516913438583e-01,1.455034567264081868e-01,5.218614962596596768e-02,5.943905737118180266e-01,3.798945534690226916e-02,4.468340722864903025e-01,5.107031576249712046e-01,9.556634566885592597e-02,9.016295862650638426e-01
8.566329929482319194e-01,8.189732182423367646e-02,4.962058516224010507e-01,1.275806260850124718e-01,4.073926136373182683e-01,1.367291678680218441e-03,1.425346292270784632e-01,5.982853767354171515e-01,1.505344295144960542e-01,1.982143570240583672e-02,2.052916719526516956e-02,2.435086501289674688e-01,5.010930103164586980e-01,1.173076875387043527e-01,2.454633813695909217e-01,3.206402319108173637e-01,8.713718663483061011e-02,8.205931948099693951e-01
9.048262420705035503e-01,2.550699176645048194e-01,1.463230292482252670e-01,2.944769497089745336e-01,1.810314881411957677e-01,6.321926666431918473e-01,3.149787490507362925e-02,1.415537827367824020e-01,1.835313321923994767e-01,4.836219980148654951e-01,2.400771659274012759e-01,3.497031404048259184e-01,1.464187105089994612e-01,1.018927642468145517e-01,9.197209769295419668e-02,4.004283358894011879e-02,2.225403161402528529e-01,3.250092219732230170e-01
8.732464939460748976e-01,7.405708611520559481e-01,1.681885819283230887e-01,6.149763351633084074e-01,6.387050189343708162e-01,2.045903664678161982e-01,3.306661839167989725e-01,4.000131559521245550e-01,2.359282085553341957e-01,3.198358633931694395e-01,2.435221146509991552e-01,3.825426125953483858e-01,2.489526628467171043e-01,2.561494665743694332e-01,1.741435573613523413e-01,4.253182313520386115e-01,3.508497520640447842e-01,3.597767502141066553e-01
8.544084267887935846e-01,3.599447697060056961e-01,1.530434393148031036e-01,3.034954812980629191e-01,4.004646672421157683e-01,1.496062053653863799e-01,2.124153870220981191e-02,2.861012713492761539e-01,5.536923412284234375e-02,6.615099439936471537e-01,5.575687986382461547e-01,7.036995966563677207e-01,3.512660959578344788e-01,3.812562415382739212e-01,1.563714123504433007e-01,3.086720173549233892e-01,1.797261588692663226e-01,5.744359059860830730e-01
8.343940404379970310e-01,3.455680310715794623e-01,1.039284520536318118e-01,3.418772777494816228e-01,1.572627759114090251e-01,4.075931291401747036e-01,4.292700210577205522e-01,1.455005073703083684e-01,1.417246191624499663e-01,7.089857353736930268e-01,2.750927819586556078e-01,5.688685567192608428e-01,7.096232889809113431e-02,3.714665873120228667e-01,4.887627372327441599e-01,5.313828543637588719e-01,3.071723168686251934e-02,3.052879626938377333e-01
8.716488403136797292e-01,1.264064599402757727e-01,3.972598325928772822e-01,3.393962964839686847e-01,7.289203270218660990e-02,2.684826956805078102e-01,2.367496663031869175e-01,4.293453790261625436e-01,2.357598321006358633e-01,2.569178033467083844e-01,1.534684623229015388e-01,3.190879651970857100e-02,3.855624704323306617e-01,1.727957858229715038e-01,3.579912041495491026e-01,6.032244395677218707e-01,1.342803351846109383e-01,7.981708467182292432e-01
8.444920317109180230e-01,1.390620669530193976e-01,5.222425835262400895e-01,2.311878470315252287e-01,6.035048290748827871e-01,5.391511042127949266e-02,1.617268125999693773e-01,2.978776856425621178e-01,5.501586956350128510e-01,1.392738633552628447e-01,1.207002749418583931e-01,5.116790132653047385e-01,1.289511303058819003e-01,1.505410426954486847e-01,5.962122109888199351e-01,1.301306542754653017e-01,2.442175473338400460e-01,5.122722589395019011e-01
8.948497734990111807e-01,7.599674462891529980e-02,3.590244073491091203e-01,7.310573644805716531e-02,4.116947323339423814e-01,3.858549835080768431e-01,1.088447321161298553e-01,2.868477777870604428e-01,7.247620182751657314e-01,1.341644481281986656e-01,6.661090273534647777e-01,2.155244424544081883e-01,5.361531563998673811e-01,3.269282970979873748e-01,2.639823990692100053e-01,2.008020611654956489e-01,8.348688036993118233e-02,5.404774086540267697e-02
9.263975534443594784e-01,6.786045373757154664e-01,6.570534288302221082e-01,2.988729178281725463e-01,3.374855114089665622e-03,6.405574978349579673e-01,4.087897863226376272e-01,3.362254702124604644e-01,4.378879721537661668e-03,1.995648912684422904e-01,1.385680588568899974e-01,9.843649916618869844e-02,8.603501536056067100e-02,8.836191858068734306e-02,6.312175462098184031e-01,2.028904352776744191e-01,5.469455551542944383e-01,5.556732739691412348e-01
9.561331188366741785e-01,8.415987480217927696e-02,6.252290845445961087e-02,1.481701349372834542e-01,5.185594665060586639e-01,4.676788764413521426e-01,1.286922460465517726e-01,5.277887232244650451e-02,1.212763539364831028e-01,7.321439193334007278e-01,2.830195716469277034e-01,1.273434524626523290e-01,7.191252990055789496e-02,2.949021687670057568e-01,2.384360885901557758e-01,6.831484445576742059e-01,6.253523602548034521e-01,4.369452426054264149e-02
9.541988977144033601e-01,1.205205224523850718e-02,1.646998310762454176e-01,1.140821827709569830e-01,2.559592750878802447e-01,1.960443689615906093e-01,6.399994818875731628e-01,4.101484486637387711e-02,2.280349514662004529e-01,2.607409618962590603e-01,2.062520518386992130e-01,1.936042890261349403e-01,3.065422325497502154e-01,3.943313776839100226e-01,2.912477080697794540e-01,6.999521738817332528e-01,5.885488583197376888e-01,3.681322475460735433e-01
9.001110137111785203e-01,6.357131310183805617e-01,7.635399544713993014e-02,3.675777474146209034e-01,4.559273690606754914e-01,5.582952773500485799e-01,2.800559622295626938e-01,2.332930841878440020e-01,1.401758399000864186e-01,1.913579742144231113e-02,6.717477549012588200e-01,6.507525395597207885e-01,2.659946940442975416e-01,5.873865245950745662e-01,4.966032756175153828e-01,1.096612488146514325e-01,9.828777437413817319e-02,3.976718292057288690e-02
8.972045123257551547e-01,3.850569123725678389e-01,5.392977126043130287e-01,1.284210379715089445e-01,7.029477636056062906e-01,2.240255185157549178e-01,5.492882500206506258e-01,2.620402386442561779e-02,3.501449440000940078e-02,4.024414707956736059e-01,2.732621681581100526e-01,3.777087632644822168e-01,6.540664198887766734e-01,1.655119328011244589e-02,6.225443375470367524e-01,4.521010310383442032e-01,8.389980513175233634e-01,2.028590059691313952e-01
9.461786197215206196e-01,2.017364955188508113e-01,1.236135728097513820e-01,2.603151304027308544e-01,6.338783223270942624e-02,2.229333698543108089e-01,1.587738657016089317e-03,6.892580975506160668e-01,9.819852554884928378e-03,2.486724826115596643e-01,3.605264224988375399e-01,1.380955062421117818e-01,2.498265436345224744e-01,3.023035247181737190e-02,5.027200934806389521e-01,4.557393069310337608e-01,4.275461711142038435e-01,4.561591763068758576e-01
9.131940907417149811e-01,1.579476367834237172e-01,3.770047802762377387e-01,1.736357667165224494e-01,7.016303680425723943e-01,1.218342355780333980e-01,6.126241064207728071e-01,2.897849487190561346e-01,3.868909954066979823e-02,5.495792923408878705e-01,3.490775131628929273e-01,1.367189708489691402e-01,2.431182479608076930e-01,6.546252152841599559e-01,6.193936833517076357e-01,2.494916386930561003e-01,3.826300807571413887e-01,2.198830755798962255e-01
9.284302504034652737e-01,6.322062621564435159e-02,3.561881062417845412e-01,2.355838285414411093e-01,3.825138540635560913e-01,2.832064425015878295e-01,7.234600190002236919e-02,8.010113471717608125e-01,4.206792702577077381e-01,2.652441611719124626e-01,6.867342704204064674e-01,4.972619630289684123e-01,4.348712918649549897e-01,3.322370283415144177e-01,6.777441188120759685e-01,6.145058140845325312e-01,6.693268753458301301e-01,8.936343119637938370e-01
8.885271448372394909e-01,2.755961317166797930e-01,4.316505441328952197e-01,2.881387490109125760e-01,5.994538278407313125e-01,1.753111196439686159e-01,3.384841968774435217e-01,5.532636531306591721e-01,4.504848645490709680e-02,8.374387632804795867e-02,1.617448682915123837e-01,7.456508249669902000e-01,4.428377214257484540e-01,2.985967240234054659e-02,1.830192913425502665e-01,1.137097631003406856e-01,3.077664382490309380e-01,6.127235844413181365e-01
8.797734337985994024e-01,3.027243532787287084e-01,3.631730118201211832e-01,2.875182117325972980e-02,2.345117837187402354e-01,9.503133018960438494e-02,1.407030482706358443e-01,2.184318540776340190e-01,1.947409600779424210e-01,4.232462669466716121e-01,2.803968893469666601e-01,1.739248881393974933e-01,2.544908639544683493e-01,5.594350717395086825e-01,1.848621529997415474e-03,6.693066431428347229e-01,8.757534120484252727e-01,2.249733395185767593e-01
8.977649219455055007e-01,4.189682471449644729e-02,5.050777043032878000e-02,3.740316887310332072e-01,5.116427953275916041e-01,5.729388978630486351e-01,4.155603101585426118e-01,5.249873972174736725e-01,3.803769768016018737e-01,1.901636884842779485e-01,8.440415957368049837e-02,5.197186291969339011e-01,7.582625523436349775e-03,6.759546910079927695e-01,1.411506375218902869e-02,4.660353359844319199e-01,3.200635654995297452e-01,3.927718132086183145e-01
9.493840864331996032e-01,7.227416779640856159e-01,5.542097194305343200e-01,4.699188643681155853e-01,5.690799381720880179e-01,6.857924319806280034e-02,2.842536791886529635e-01,9.429183779165081769e-02,2.042458993836618886e-01,3.327621056236644836e-01,2.917469851029554362e-01,1.523841955731360664e-01,4.768732699271445163e-01,2.416349046197154848e-01,2.354647525666428154e-01,2.060383191355731058e-01,3.393007173992371728e-01,1.012202025271494166e-01
9.791438501252406335e-01,1.569499197567883753e-01,1.349378640788659045e-01,6.380232808419675390e-03,4.876549265828523938e-02,9.417124764173337437e-02,5.016595628001230961e-02,1.911686450455672426e-01,2.634219301720572715e-03,1.035334824329867676e-01,3.286599325476120548e-01,7.802245479802155659e-01,1.763906829158298772e-01,2.318103905087377237e-01,8.055753695563316885e-01,5.487162444056705723e-01,7.993592307749063375e-01,8.364836915534444861e-01
8.354996684711678556e-01,6.371359197964593379e-01,4.021885873839363135e-01,7.131629008919514179e-02,2.487885779616673398e-02,7.465647571194040932e-02,1.639924344773192599e-01,3.645639368720923756e-01,1.830004381419018389e-01,1.470281093940259132e-01,1.519090557489085613e-01,1.378619832113363586e-01,1.061975139154739262e-01,1.888589216641752833e-01,6.750464842583245861e-01,6.833749408992673136e-02,9.956325066314802852e-02,3.460594830170681258e-01
9.418145792428032070e-01,6.584026189602257828e-01,2.384692212594265448e-01,2.954434869359401361e-01,1.718464765831848040e-01,4.185380246193784459e-01,1.871646891067323681e-01,3.560324185194015389e-01,2.510212421690530826e-01,3.568279320245695829e-01,1.767732621406123972e-01,6.485193125567849382e-02,3.011452909125615363e-01,3.383472229253873809e-01,2.558457457890334075e-01,6.198865020583190777e-01,3.039020522272481428e-01,3.309821971829799980e-01
8.917535668357980949e-01,2.934816910830014836e-01,2.364415160343225908e-01,2.562680226413535656e-01,1.479090652345332046e-01,2.805792858126983647e-01,3.205660838006400559e-01,1.219653443696055439e-01,4.583173472526301251e-01,5.761225571582498928e-01,4.686981677604619145e-01,5.706402080293226931e-01,8.762024716499684784e-02,4.379415015885744777e-01,1.411849664526347303e-01,3.910054332855445458e-01,3.305003145566116074e-01,6.952095744221665763e-01
9.275488396735357410e-01,6.933861516138202230e-01,5.483218731750523212e-01,1.621139456033815207e-01,1.222483761942046859e-01,3.453784960890621258e-01,4.245846773542665820e-01,5.802012317832404981e-02,2.707711996794362128e-02,3.640317146761692935e-01,1.987782598907408826e-01,5.237485924222258227e-01,3.376065568575749992e-02,1.799057907081480778e-01,2.658300096785567446e-01,1.023557025608769766e-01,5.395086717299025780e-01,2.574682325493962143e-01
9.551929082031497265e-01,6.569205008237599674e-01,1.473459740720892974e-01,7.603907254395360707e-03,7.992764875566403526e-02,4.185979289038944673e-01,1.295519052310084296e-01,4.242869119580659487e-01,4.321231516216344493e-01,2.893032108174158346e-01,3.792966151448172729e-01,7.064721642780655286e-02,1.192110241269239562e-01,5.125021480396398932e-01,2.010356494602496547e-01,6.149579422607540785e-02,5.876519860719447985e-01,7.021030664527000420e-01
8.803310454632156112e-01,3.860729812587890275e-01,4.377162862321884451e-01,5.580973437705206708e-01,8.818687926890809992e-02,3.422172342140472057e-01,2.556514677675854053e-01,1.743466835273112248e-01,1.701250050946825354e-01,1.539258121545057090e-01,3.654510420925519143e-01,1.746952666243497820e-01,3.697041199748392626e-01,2.728093669463484972e-01,2.023391853292826059e-01,1.185795864678205608e-01,3.764505453852717842e-01,1.484369035648459290e-01
9.548637799316443964e-01,2.017881723743237821e-01,2.765624775565435622e-01,3.885210628195441274e-01,2.832104999052147409e-01,4.350816164047576762e-01,1.162168281488700355e-01,4.904411555942180811e-01,1.421533614054476535e-01,3.963925909366856626e-01,7.021403469708001888e-01,3.189169704650086090e-01,1.374991144060650969e-02,4.217883272141133011e-01,4.242325950505400067e-01,6.872259800787750006e-02,2.336608905378856627e-01,8.858598431056432521e-01
7.390622800593742436e-01,3.064314066993892305e-01,1.069085215557367546e-01,4.934552702865094287e-01,9.249241035940718170e-02,3.474554417489649771e-01,8.301462436781388565e-02,2.815891024895161299e-01,2.353504020400741803e-01,1.383238879262415899e-01,7.039967470832075858e-02,6.361259426311853815e-01,7.807754626974263701e-01,3.615696238674631635e-02,1.223748820100204089e-02,5.821372996504969866e-01,5.693450311797969565e-01,6.586601997599210723e-01
9.128386988356985698e-01,6.553001191651306456e-01,6.997693176075053811e-01,9.835575387984456242e-02,1.894085962625207398e-01,2.608756936455856601e-01,1.948262411837213826e-01,4.929738578008723282e-01,2.871625753206841214e-01,1.661588411530062204e-01,3.894919083645383417e-01,2.044518067501056857e-01,2.716556498916943285e-01,1.461890202381390114e-01,6.929941424017624918e-01,2.282831333633608406e-01,2.769039756375459294e-01,7.623760171309891254e-01
9.442886699179995347e-01,6.093254636440484373e-02,1.291523768588898891e-01,3.826801829831855128e-01,6.598277602747787407e-02,3.552083792496013026e-01,1.708604197035864802e-01,2.419137291481551766e-01,5.990989431835096711e-03,1.151110122120840018e-01,4.559891226197663183e-01,5.619886183801857671e-01,2.101829824412007885e-01,1.542833886091919404e-01,2.444006959557573633e-01,7.592752761888891255e-01,3.970598687442230545e-01,2.185390424561365896e-01
9.483133543551733879e-01,3.220115627545728221e-01,1.142658299534612537e-01,2.792231092225304634e-01,9.345723332834633690e-02,1.390825914258138896e-01,5.374170346194551140e-02,4.708188492603231773e-02,7.296920034337502081e-02,3.059603014008255850e-01,2.064031461725784056e-01,1.556520611239401997e-01,4.109876236316034603e-01,1.715750696473438974e-01,1.909504183264944255e-01,5.349147563640516134e-01,6.899359106902663852e-01,7.965994652355672390e-01
9.162888259639754285e-01,1.708830429740401113e-01,5.623233839561436742e-02,6.856676731086142063e-03,1.246092222218649487e-01,6.818680415408334694e-02,2.900369281619529782e-01,4.232890477173897326e-01,2.584280816432752426e-01,4.031534700409340477e-01,3.984485426257431545e-02,2.429964058083977640e-01,4.618026198109939084e-01,6.280556087039084190e-01,1.264699073914715977e-01,2.487191541189043009e-01,3.586274752997151705e-01,6.916954892150580791e-01
9.078515632023114179e-01,2.657361000707773591e-01,5.129532162431281739e-01,6.823374918277725909e-01,4.333346933869640094e-01,4.211931214468131457e-01,3.562038208303484610e-01,5.106304721091887711e-01,8.670324792759978583e-02,3.636950026666257441e-01,1.067862601709864412e-01,3.359857574224436177e-02,3.970713219696492824e-01,1.918389729338917937e-02,3.844063436677851997e-01,4.235649175558599544e-01,2.273865328668378816e-01,4.206879394012982831e-01
8.513820802316586223e-01,4.840779119371822481e-01,4.898392746158843347e-01,3.284849650236429941e-01,2.862104945018774105e-01,1.211860743467224055e-01,1.816864251040271327e-01,9.899144691660066719e-02,6.109508703144844038e-02,7.105856691966989658e-01,2.753309466861073029e-01,3.125738730815719874e-02,4.301590148492356880e-02,7.026640446874895529e-01,2.709786431145900787e-01,1.765672388739844209e-02,2.475241599632904081e-03,7.775305997282078163e-01
9.430522978369403342e-01,4.674130995476109551e-01,9.672192356058607887e-02,4.107703775724238504e-01,2.726743338386150572e-01,5.143436327413344333e-01,1.131690647973126046e-01,2.132432227257969881e-01,1.989362687698184862e-01,2.425546214224640340e-01,2.454114423761425967e-01,5.863852960867214220e-02,1.009496882224904524e-01,9.405450994770902032e-03,1.253640420913056663e-01,2.646167211119109242e-01,6.675260490777409350e-01,1.061243917074038146e-01
9.057164172345625319e-01,8.969450795447779512e-02,4.310270731288152191e-01,1.540809212610681489e-01,7.170787808669344676e-02,7.024508130354928381e-02,2.893960637688341997e-01,6.187033343895575327e-02,4.529871518699906535e-02,1.183689610188085189e-01,3.292201082388498401e-01,6.874550161699086726e-01,1.580899712927978373e-01,1.331680290616289730e-01,1.247796177884805541e-01,2.404411381446859841e-01,2.932893398876206814e-01,7.591680473128598061e-01
8.947373782287250110e-01,3.094796157512664792e-01,5.373295678421161764e-02,1.113015673874821476e-01,6.522810456739731588e-01,3.895997033008037347e-01,6.108237749063505362e-02,6.150911907708593862e-01,4.453403084006728463e-01,6.872069520781523000e-01,1.741632325034576656e-01,4.646262946299455354e-01,1.967158846099204550e-01,4.908290721566205828e-01,4.016174136553479768e-01,3.756428571152667928e-01,3.898989893910070892e-01,6.782393150128728232e-01
8.357663001088379007e-01,4.945850398104280621e-01,5.695972634654106193e-01,3.331524720210750079e-01,4.763074226150485618e-02,2.886895850566873478e-01,2.390831569977028281e-01,1.306776959967143048e-01,7.808981761937546784e-01,7.057766779803660052e-03,5.118360736779281606e-01,2.268990703474385029e-01,7.557294529074759515e-01,7.080610458430992571e-01,3.346737947709915173e-01,1.958509625142079713e-01,7.143498090787879506e-02,5.556986291007696144e-01
9.524951452896893711e-01,6.842097520666716726e-01,3.296346672538008615e-01,2.607647957105744055e-02,7.639210378107785804e-01,8.273609978170382018e-01,1.749056326700133834e-01,3.008627857274145390e-01,1.866792877354319369e-01,6.262219190705317629e-02,1.641706965494764969e-01,1.823036396937907366e-01,4.232397058774445275e-02,2.262210135923516940e-01,3.941135825756070798e-01,1.778748599851854018e-01,2.099703864049718705e-01,2.984412947433149818e-02
9.161063166076459652e-01,5.443127483941792022e-01,6.909212037188452449e-01,2.417450653261105087e-02,4.817074689514230235e-01,4.678011346189575592e-02,3.654569980380001359e-01,1.695015764557262772e-01,3.054458928978504018e-01,3.133280597268025408e-02,4.209198831358245130e-01,2.363342094437542174e-01,1.303330981601522054e-01,1.838309541403528591e-01,3.268302062411928000e-01,5.454348228488965500e-01,4.528186360132983035e-01,1.726816215589870862e-01
9.176039255746433199e-01,6.785423916854811388e-01,6.726789963303516640e-01,5.473730779020843373e-01,7.106714606651455268e-01,3.367371844081408772e-01,4.776694766683145521e-01,6.042315549472823122e-01,5.937426627653007438e-01,2.839835749378886165e-01,1.067203092569576073e-01,7.034021607050436886e-01,1.551269084983274427e-01,2.272554268105275999e-01,9.848567212192143108e-03,4.349377050351445062e-01,7.775931970642951940e-02,2.679472943037673471e-01
8.094657817303223535e-01,3.812189128820562822e-01,4.114322005986488784e-01,7.253252276855380598e-02,4.105436549353060904e-01,2.175348311044822680e-01,5.223504209152549649e-01,5.135506109571837952e-01,3.012775238914111031e-01,6.478098597782583346e-01,3.390864165355924054e-01,1.303623044904568540e-01,2.206142293613313488e-01,3.351608001775513990e-01,6.524621810639407160e-01,5.588727434705565988e-01,4.241186544722069796e-01,7.575967459559622696e-01
9.219542912838712967e-01,2.013134258002512722e-01,9.178196167689729734e-02,2.780375246336381778e-01,2.113061178463505885e-01,3.345194663571489091e-01,5.174438169627720852e-01,1.832777202615016032e-01,2.280116113246850873e-01,1.802761715443655377e-01,1.518295637078557192e-01,1.249476285428759714e-01,5.274932575298235671e-01,3.127180904376605231e-01,8.657440491786445869e-02,5.076292161183698637e-01,8.312849281660883438e-01,7.657456185684871075e-01
9.004442245180698245e-01,5.712478019989394307e-01,2.180517756495211346e-01,3.776481905282194074e-01,4.698796629956231152e-02,6.258674094114234643e-02,1.487042284533729997e-01,1.456726298000648456e-01,2.913880421923981112e-01,3.427665199498162174e-01,2.979095328929127207e-01,5.382808547401952692e-01,1.603856477960771687e-01,3.833549182171956948e-01,5.447972310261909312e-01,1.778855114369727319e-01,5.042923103117542549e-01,3.838247736661332676e-01
9.453785979164845976e-01,1.205503177259755754e-01,6.121380027292672860e-02,1.793383731717481944e-01,8.027221795258342452e-01,1.304096741021681938e-01,1.832215434263088083e-01,4.801430724912146286e-01,7.718348551398293567e-02,4.365856415698782245e-01,1.575140171199233274e-01,2.748223757243442589e-01,3.718037987997542815e-01,1.343656996856703589e-01,3.875962935735782766e-01,2.865901669090762938e-01,2.144651956734038301e-01,8.744530508071532982e-01
8.972566325899925532e-01,5.682608091056799982e-01,7.566712983817401872e-01,4.263460036670451148e-01,7.361388534299839748e-01,2.650846326110388729e-01,3.639555288266051458e-01,7.500361362642433971e-02,4.404205208250890347e-01,1.246926653313378958e-01,5.905378125699839442e-01,3.173284046133326708e-01,9.900816179965203634e-02,2.105664596954456014e-01,7.106954207975829663e-02,5.700401491181024405e-02,7.123371646930616308e-01,7.029997300714602160e-02
9.347182503966172673e-01,2.209017404856225553e-01,3.414143473547119889e-01,6.143466865562501322e-01,1.623264425344237427e-01,2.859175737447317567e-01,4.700852725161759893e-01,5.318107184556810640e-01,6.257589720913271369e-01,4.232511608997543973e-01,2.616347944687350546e-01,3.304319582271236233e-01,4.625671731309964341e-01,5.396670962280366579e-01,2.138157510245736748e-01,4.901409306355835466e-02,1.340109892445306983e-01,3.482276960683604594e-01
8.685521967340519289e-01,7.731351608955083776e-01,3.514695403864080969e-01,3.287830486077354397e-01,4.052311351433420805e-01,6.139414348743359867e-02,7.735995988889534658e-01,4.127846868352624266e-01,9.438768096130562002e-02,3.181078705238196136e-01,1.787445239915414763e-01,2.665379169909666210e-02,4.250554198006999407e-01,2.320866879952251938e-02,4.197175616583566082e-01,9.197975367618310694e-02,7.712482538391095543e-01,7.613738907346961904e-01
8.737812896644281402e-01,8.006034251825189241e-01,5.545617253723061912e-01,2.069157023508977067e-01,1.351241089515110017e-01,3.678646581914102875e-01,1.833653760004458066e-01,4.923040968212025748e-01,3.473961249846667099e-01,2.730799497993343650e-01,3.038022496964157618e-02,7.598672797741005090e-03,9.042490799393447520e-03,7.291298993485008373e-02,3.593116200059112697e-01,6.291265191970166759e-01,3.900380933200361389e-01,6.125758385741378875e-01
9.461366250952084611e-01,4.234310754936783106e-01,2.789468535159915774e-01,7.287770354739974143e-01,5.463667150283346707e-01,5.790371021385525702e-02,6.489025662758201030e-01,3.311345472134839124e-02,1.512263313844560142e-01,7.727504012555266866e-02,4.439499167598349311e-02,2.180907854834304160e-01,1.205358918977064570e-01,1.298960272002561422e-01,1.870210967322280191e-03,8.362840072977594241e-01,1.003117963220665106e-02,7.696527062544981090e-01
9.713690686383015249e-01,8.287515988610344442e-01,3.667682220020510031e-01,1.459974398331726209e-01,2.675606267602361754e-01,9.122694424296064197e-02,4.250234302136650377e-02,5.574822733133819735e-02,2.643829950625988801e-01,5.374853639746492995e-01,9.375118147989534856e-02,4.751946483991674741e-01,5.494698442640137959e-01,9.161912863822764541e-03,2.394298058969470400e-01,6.298186272849400913e-01,8.070416269288380740e-01,1.489010932630092099e-01
8.940689201801351738e-01,4.013175765580894172e-01,6.873032396616061135e-01,3.183680467504303446e-01,3.612453223367378952e-01,1.822844065853033713e-01,1.217230755897288075e-01,1.215274185752725083e-01,1.867071903836216643e-02,4.446824401347054811e-01,5.465995226073872004e-01,2.040155972516052296e-01,3.382179099511228304e-01,2.943000151233367001e-01,4.113142243475539916e-01,7.362809949079018867e-01,6.786736513041380370e-01,6.841729891548519182e-01
9.013561613001994655e-01,3.764114591588709202e-01,1.411422113420122415e-01,1.955972556299982457e-01,6.723274703781368933e-01,2.945677255965568064e-01,2.039069519490130655e-01,2.320965902714448303e-01,1.887921028021176742e-02,1.871113963322584561e-01,1.674998739049112506e-01,2.605060124591013770e-01,1.876187668245130058e-01,6.237402857953953939e-02,3.637619178456160118e-01,8.414538468324184173e-02,6.709684197737090239e-01,5.125107983915966336e-01
9.563225324437857333e-01,3.177932892113063956e-01,3.459258080304556393e-01,3.475979761350249664e-01,5.986909200331519409e-01,1.703586099071310866e-01,4.132654713411270109e-01,1.794662458041138831e-01,3.171980116545408124e-01,1.125635845808482388e-01,2.639615291458294877e-01,1.009553468528009562e-01,5.818063390499263188e-03,5.731381619033653063e-01,1.709835599682271168e-01,6.973852558764910281e-01,2.385459431733666924e-01,5.282209576845666721e-01
9.300763780786075463e-01,4.937697855093847732e-01,2.879619552524547710e-01,6.832845986755776702e-01,5.311904160973963673e-01,2.552923402233667205e-01,2.178414473748689906e-01,3.818866346592167949e-01,4.644727455989264842e-01,3.440528176104928337e-01,6.258621638781536323e-02,3.524917431289041891e-01,2.227418809621557472e-01,5.302535624936989267e-01,3.615551147074635430e-01,7.216343831140575871e-01,5.829062414721897234e-01,4.712308178157286198e-01
7.495349977462163471e-01,4.027534429132029747e-01,2.980161622366948038e-01,4.530038007704505487e-01,5.393359928685050875e-01,3.184631884395986989e-01,4.272018835037538764e-01,2.774433428701777449e-01,5.215944229169932056e-01,4.891205713656051057e-01,2.389650526459455027e-01,2.540626379013641301e-01,5.508237013464274412e-01,3.719719289089944425e-01,5.481140604454670662e-01,5.206307210492855386e-01,7.214550022787619143e-01,4.470093488536744375e-02
9.332617796561480938e-01,4.275322557115867617e-01,3.860061242898696898e-01,5.662024089257274850e-01,4.562325915823919331e-01,6.922873107479819987e-01,3.991180051513941174e-01,2.711717847285169958e-01,2.748725110507568292e-01,6.262270946790998716e-01,2.394785959731289826e-01,5.892764697065217688e-02,5.127181671355290904e-01,2.099302322692480349e-01,2.447751461877031853e-01,2.771928825003724950e-01,8.560251803944965987e-01,8.519771334505333860e-01
7.674445141299154338e-01,4.096049066038757736e-01,6.270543323101825939e-01,2.553504470071759069e-01,4.911564807583981285e-01,4.930009189195701524e-01,1.238979345991706310e-01,3.239932527668859530e-02,8.116837696948220326e-01,6.747282435230114728e-02,7.982046080384183617e-02,2.454584475583857228e-01,5.167411613307265617e-01,4.743999353983854306e-01,1.930503348917780304e-01,1.825412722420589884e-01,3.928821158296317839e-01,7.875930463077440713e-01
9.609083003970383396e-01,7.201519313661939314e-01,3.773335954708485068e-02,2.987604089330554991e-01,7.944881563416564818e-01,4.060006299866557034e-01,4.985747264933343414e-02,3.877171875453099270e-01,1.366716032606613007e-01,3.932536020084368977e-01,3.145520442660292848e-01,6.610987589963239763e-01,4.580785260156428618e-01,3.575944520495107359e-01,2.351820569269968686e-01,2.420026773857684999e-01,4.531453734467820738e-01,2.953179320602081215e-01
8.189129796892729019e-01,2.946928498909322514e-01,2.866932916209918858e-01,4.090186697119185255e-01,5.883527058393668296e-01,4.829544882712586973e-01,1.074892119425771564e-01,1.381463020858179347e-01,2.199524974223715235e-01,6.832640577285538364e-02,3.593476474074288607e-01,4.016918162245163883e-03,2.123173747076540288e-02,1.224585162257216531e-01,6.034797800375847343e-01,5.320319369228558859e-01,5.962965074323390846e-01,2.865425521168732392e-01
9.206269945721232695e-01,8.271769543970529659e-01,6.845661038305179691e-01,3.538431201802994530e-01,2.599998252602041537e-01,9.137151197275418524e-02,5.112657459703204843e-01,3.128119726779265419e-01,9.589325350172178686e-02,8.328337365688087343e-03,2.536629397766457794e-01,6.110957631885158281e-02,8.570640309063513873e-02,4.815701441220611723e-01,2.591778779702574309e-01,1.862128227647076584e-02,7.318931598960790597e-01,6.035695019402280703e-01
9.310806718765003431e-01,1.602012003924329908e-01,1.586486223548828900e-02,5.232324640814315503e-02,8.946307844747207472e-02,2.134169448633234933e-01,4.654117062052084419e-01,3.589911724580293062e-01,2.784108933303238165e-01,2.907056958434938720e-01,3.991107012213107041e-01,3.275415842915950226e-01,1.992020446933163713e-01,4.980774739004334428e-01,6.875269521163935860e-01,7.083846733085160663e-01,6.035218319521552521e-01,7.295533023193432332e-01
9.250298475232494599e-01,2.030316307046138580e-02,3.443438355280752372e-01,1.217879932632225659e-01,9.963496884174294355e-02,2.331346342957966167e-01,6.506521745301027670e-02,3.198324732838768170e-01,1.690083274886799991e-02,6.891733168600424619e-01,3.078725241725245865e-01,2.487322581100825658e-01,7.353697177575155286e-02,1.629407431343286861e-01,3.896822529221750653e-01,6.922551253481232791e-01,4.746037629295092874e-01,3.778548081996068730e-01
8.163249783855236474e-01,3.349561987307418942e-01,2.085203067388184395e-01,3.089539778969870309e-01,1.618813150820546110e-01,6.644182246393454117e-01,1.124051312365109412e-01,3.900400213367011260e-02,3.711916343494054554e-02,4.266621991028070604e-01,3.946661623511256711e-01,6.171106572778370936e-01,6.500812823844133170e-01,3.706737240929694477e-01,6.908811919537004298e-02,1.719957666290904685e-01,6.898971104390209941e-02,2.463598287297613654e-01
8.998229660154508647e-01,2.301168406664739693e-02,1.527352842684601975e-01,6.044118043621875547e-01,1.256119197151619737e-01,3.467764723678926075e-01,4.644034239532969233e-01,2.750276371003487763e-01,3.845287384833550592e-01,4.217672716858364979e-01,1.294911571550211860e-01,2.386640496997988539e-02,4.233739257992674698e-01,4.598433537082804445e-01,2.141177265500701643e-02,2.539063878300013566e-01,2.030351738438222753e-01,3.682234374301935897e-01
9.179071887920419170e-01,9.405446814621547247e-02,3.153789222361646494e-01,3.975972289156595729e-01,4.884164767129156592e-01,7.031532797229657072e-01,1.893422663861459021e-01,1.422767684259012289e-01,8.202400271584320279e-02,4.626312302504372725e-02,1.972233397715917047e-01,3.519319994357967274e-01,4.402777643085916126e-01,4.466683317348931204e-01,3.545573999816785116e-01,3.801093155906475063e-02,8.311752065242702381e-01,5.805945969718008248e-01
8.293138460488257424e-01,3.837826074708595714e-01,7.768830923059111271e-02,7.754537063752636739e-02,4.204632900517119021e-01,2.085376064562589893e-01,4.047240241324015497e-01,5.686131167951106180e-01,1.950720038727838113e-01,3.092056001423519954e-02,3.105953876198205288e-01,3.413149228895233089e-01,4.156692523944371387e-01,4.022417837508710514e-01,1.128243391634001502e-01,6.705666877664335779e-01,4.424072524870042988e-01,5.536511561178379948e-01
9.215070330340963123e-01,6.419950353161865686e-02,7.116938378411764576e-01,5.146089937530134995e-01,5.157122787064781777e-01,2.893365072474368138e-01,1.789076489142268633e-01,1.221336534060935008e-01,2.112527319031607675e-01,4.434321385577557062e-01,3.069061011222957158e-01,5.458663495524136433e-01,2.178996705145388735e-01,1.666425363745852317e-01,1.439817128143405234e-01,4.121813289547263670e-01,4.451767417821928530e-01,9.349003761760323883e-01
9.307204147876750877e-01,2.253796339556233819e-01,3.999542701069495609e-01,3.012405171331868359e-01,2.401644113993278012e-02,2.242545138076832562e-02,1.171412146060875903e-01,5.315798042459570771e-01,2.001638354172828871e-01,5.687417423624288593e-02,6.720080208352002815e-01,1.621819037222202442e-01,4.640929603116053515e-01,5.098634068917918816e-01,5.514557271567683827e-01,3.462100013638934604e-01,7.201647064225902284e-01,6.605267633771834124e-01
8.981209665683334009e-01,8.106068109554459555e-01,5.048873723799511826e-01,3.507382205866622082e-01,1.751176331309212131e-01,9.262859076224159993e-02,4.383894480015271822e-01,1.746243780982162652e-01,5.604428394848893352e-02,4.641897353446355345e-01,5.737328605213615207e-01,1.467853077709827814e-01,6.314125676745672815e-03,3.543456864454087585e-01,1.551499771325307205e-02,5.721516374759934020e-01,2.257202695795923753e-01,4.109047044288408057e-01
9.535113903279891501e-01,5.999988036634964494e-01,7.870240094347608073e-02,2.252825664679725393e-01,5.811413215424541256e-01,2.607637800882698365e-01,1.996195009099573370e-01,8.311587245340848473e-02,8.541351826112461576e-02,5.735340309406908865e-01,2.387995256863516824e-01,4.296224675800822679e-01,2.249083254719721481e-01,1.453450869591913219e-01,7.478356267559366222e-01,1.745055465780804005e-01,7.522626807933693316e-01,3.471116643426181425e-01
8.642248598374959734e-01,5.555274532644028929e-01,4.777112381814875852e-01,3.823551622612904044e-01,4.190938437087399215e-01,9.962583494797618011e-02,1.434793235167743930e-01,4.955539211656519866e-02,4.616304358395134644e-02,2.282602496830589967e-01,8.601993805548439898e-02,5.094016932449892815e-02,4.617136335415569781e-02,4.637171206196545326e-01,2.331017863871449186e-02,4.241707523258254897e-02,5.668575029288982492e-01,4.986158104645131983e-01
8.785421159276904923e-01,6.288218458552226053e-01,3.575866137025963121e-01,4.856794120979847640e-01,1.706626311974409616e-01,5.974010997460234007e-01,6.086875589064986158e-01,5.113059083851816400e-01,6.272181390343023466e-01,3.498207198298065174e-02,1.269843877677758193e-01,3.348535821924495393e-01,5.021287258385305208e-01,1.971125039546882396e-01,8.248627627092887382e-02,4.719959155194076161e-01,4.250219125641093720e-01,7.310051745458822081e-01
8.385336510326500958e-01,3.425817260143391718e-01,2.169462829545075744e-01,1.846516843108692574e-01,4.019120561803922465e-02,9.997296991216353401e-02,3.886998789099809781e-01,1.145030944568147940e-01,5.208114005055649587e-01,6.303396133758723541e-02,2.186585627556342781e-01,1.150133130259150677e-01,5.826225293115712134e-01,2.864427480733452436e-01,2.401233884370047311e-01,4.231690487647649102e-02,2.322934222623989908e-01,3.657429338130119834e-01
9.237895976944591192e-01,3.774489140702911305e-01,4.276105950738477435e-01,4.399415874890635902e-01,1.372787976101382812e-01,2.540184861299477626e-01,6.243257596488797079e-01,6.501397677843720468e-02,2.478671460110556668e-01,4.182678844193826184e-01,2.205786598323825898e-01,9.554499540034269711e-02,3.445000764890117639e-01,4.566284197378700505e-02,1.311806652036200463e-02,3.357574261922214309e-01,1.178585591716098113e-01,4.679585262553155323e-01
8.578436847544914645e-01,5.454416103679089467e-01,7.472767519741544406e-01,3.908464607263921753e-01,3.116289603988782186e-01,3.485764860161216783e-01,8.330705023402440457e-02,6.289114658718124584e-01,4.021342803346238393e-01,8.423837137119409568e-02,9.490020009323590910e-02,7.232761316057358114e-02,7.575341237935859784e-01,2.054320719379737481e-01,2.093087480146631763e-01,3.150422254504637309e-01,1.476761520089953095e-01,2.407838701534255610e-01
9.189576447204119702e-01,3.946850126967886285e-01,4.365279395844304799e-01,6.378698874852340994e-01,6.214066126058119810e-01,3.881518985671354727e-02,1.976465253934751309e-01,3.184466882067097937e-01,1.138568655819113679e-01,4.781311730976454261e-02,6.202365018536959429e-02,1.812672261493101511e-01,5.101731297960052647e-01,3.124734253507306936e-01,1.424237963156808548e-02,4.589212969459308678e-01,9.411800978177262134e-02,6.751327101216525461e-01
8.971205646527737887e-01,1.060969202049234644e-01,3.240323257806491247e-02,2.334496376636530368e-01,6.989549568656361345e-01,2.321974091966517717e-01,3.106030568925413626e-01,1.251715322626483218e-01,6.017744849210374981e-03,7.045843065242182179e-01,2.228081018123144741e-01,4.116881518789287236e-02,2.496319912445213798e-02,4.798255532720336891e-01,1.714045156357373867e-01,5.549079273114183586e-01,8.158877146897483001e-01,2.483392758937809919e-01
9.156760959368261954e-01,1.111510964353236847e-01,1.608538848476104982e-02,5.970434707836341781e-01,2.518592911132959133e-01,5.051508752412096070e-01,1.253957747433503411e-01,5.202749886903824672e-01,3.570422380422507702e-01,2.123631554899084450e-01,1.736399997679432816e-01,2.591830514335728419e-01,1.008247375288606335e-01,2.138492591470055604e-01,5.024102661260432257e-01,3.381299918263691584e-01,6.888876322535263386e-01,8.112182907000390353e-01
9.200703654682070853e-01,3.068940639582556917e-01,6.545699062090049036e-01,1.310087897398283241e-01,4.475710233380852388e-01,1.560623951034948720e-01,3.173842921042315246e-01,6.494707188529459385e-01,3.450015788435363273e-01,1.716325031735035228e-02,2.175453004942246027e-01,6.562754362238810979e-02,2.411805134857016031e-01,1.401394773755802181e-01,6.514561160733520762e-01,3.608479398258012671e-01,4.733311612453216521e-01,6.956715861515226917e-01
9.341971932038765081e-01,8.130445957632006504e-01,3.675975407147779456e-02,2.714000234846886683e-01,4.902428277138200508e-01,1.794256409713180789e-01,7.847299533169103947e-02,2.176792642643809728e-01,8.166317559913963131e-02,5.654068141170094652e-02,7.567361460307193283e-03,4.086761700340560410e-01,7.590319648247943057e-03,2.366066049631533885e-01,7.406267104739054918e-01,1.775681808458195315e-02,4.119462771507180765e-01,1.545553724350358371e-01
9.135674588912101601e-01,3.431904302625877756e-01,1.123712782799884541e-01,1.356867018575591555e-01,6.466693872280462191e-03,2.359403756413700481e-01,4.505916628727146822e-01,1.327339516795214211e-02,5.897838438847755604e-01,3.539338093084472975e-02,2.875453892977891321e-02,4.040409209377258670e-01,4.165422169398027008e-01,1.390577883972572704e-01,2.722532848154582408e-01,5.382775126375503039e-01,2.870304023027347440e-01,4.717608916875259406e-01
9.028373348511760099e-01,3.630462651605178004e-01,9.316916162302226953e-03,4.418707345166359990e-01,1.213803112657525635e-01,1.608734112884825929e-01,2.795475613859226272e-01,3.666713781898345292e-01,4.739526132762770794e-01,4.305461925427840897e-01,6.954761636286520554e-01,1.841105161945389423e-01,2.748363347198364837e-01,3.095464633839187241e-01,1.353398020874755636e-01,8.545293148433563690e-01,4.323188646178291461e-02,7.600789421901757992e-01
8.153957010397221428e-01,2.477180370569474765e-01,1.728549990120917257e-01,4.299544964330928032e-01,4.866249979192181080e-02,3.680695190866181132e-01,8.718971253993587633e-02,3.540726934669008452e-01,9.183174722421655334e-02,1.705330542733809185e-01,4.151749353437707568e-01,2.443328260662760154e-01,3.232097222060966724e-01,2.088551749532636670e-01,6.320144256951417683e-01,3.907442863406686562e-01,4.575772821982211913e-01,5.469274479818669876e-01
9.493544945393196377e-01,3.852513701248661548e-01,5.426165318844216046e-01,4.799771960649073382e-02,6.546751877427853250e-01,2.155732116331585402e-01,2.015255421119701018e-01,4.674022979942616951e-01,1.356010989663578303e-01,1.404179619669236878e-01,1.323937343727013272e-01,7.702643786791156799e-01,1.020953301166082766e-01,6.487072071873700718e-01,2.058017506571107047e-01,7.237708700110300208e-01,4.804974177155516557e-01,9.082435610167797213e-01
9.279499699107486288e-01,1.805574190467779672e-01,1.429688712002522566e-01,2.778174884102228570e-01,1.967767893626253262e-01,3.113713145133860660e-01,2.192591544635056344e-01,1.291476288986133369e-01,8.488063717497586202e-02,8.799790308176002121e-03,1.743650008208683932e-01,8.791457668596650010e-02,2.084221229633918468e-02,1.396350243105123068e-01,3.529924624308463654e-01,2.487319534560779311e-01,4.811469203590960086e-01,8.324621597619170643e-01
9.425667607094073697e-01,2.240266034654638805e-01,3.098351516132478167e-01,2.257088058856388246e-01,4.444041317410041270e-01,2.803362956789254845e-01,1.263470549338946702e-01,1.586104340979562766e-01,6.794278573146582401e-02,3.229011720655319828e-01,8.408115568769830572e-03,2.815875900155551670e-01,5.846352018277415352e-01,2.736372312353705927e-01,2.190959529838994446e-01,6.813840429141234667e-01,2.635380955532655167e-01,4.023779680435854433e-02
9.269805130567817519e-01,4.941952165744230574e-01,4.295766943110445046e-01,7.830532264328346481e-02,4.261421627770048404e-01,1.660767851232387293e-01,6.919545677620242419e-01,3.277449227187997222e-02,6.695399031971421486e-03,7.332999373638419971e-02,1.633901949050121927e-01,5.043124044681103202e-01,1.571911893844874508e-01,3.213971900331200615e-01,2.660298361457360539e-01,1.303703234059992999e-01,7.421072028132800202e-01,1.389071884195776097e-01
8.964435346765836643e-01,8.545275657147706483e-02,2.475162095809216034e-01,2.877447398946090806e-01,1.545039658058624810e-01,6.230528341934379877e-02,4.723692046366327890e-01,6.093734216448072338e-01,5.276454289650562846e-01,1.838474928298992894e-01,4.536532005128407485e-01,2.842322200321443226e-01,1.250375135318355369e-01,4.462478428282175974e-02,4.533006939152654513e-01,1.527802195596018042e-01,2.722357496944865507e-01,5.353712523003393287e-01
9.772030757623393349e-01,6.354563443744397633e-01,4.555871188089594681e-01,3.874277698078223420e-01,1.625924673093560313e-01,1.806252992125126078e-01,7.624031793623352316e-02,2.875892855479082466e-01,4.546547837114487539e-02,9.139912375170587688e-02,1.885242884690994936e-02,7.406446298457917132e-01,6.141114668518100200e-02,4.972847520854292713e-01,4.301626247490519250e-01,6.876217837838686231e-01,1.737504928948784833e-01,3.661807042213691132e-01
9.645220542982803069e-01,5.883109930646922975e-02,4.503012685994550179e-01,7.370344876935300826e-01,1.468960130569669509e-01,2.249841009815198301e-01,3.165382774285945833e-01,3.632413831374037838e-01,1.519695759294512893e-01,7.914404941600883259e-02,6.036138301525866279e-01,5.758835769092501833e-01,1.149790541456141985e-01,4.732720636184250401e-02,1.115685484630632718e-01,1.862186340071460833e-01,1.466564266853143672e-01,3.580822118313037317e-01
9.311323137932061567e-01,2.141652980854411303e-01,1.787466602196481069e-01,2.512014208604438914e-01,5.476389284601698021e-03,2.084265082863427931e-01,2.305354036408452933e-01,1.309997144404525249e-01,5.854128117139395515e-01,1.378835560704339547e-01,4.227071177977433925e-01,7.176504931433668188e-01,1.068483696691461815e-01,3.504937845027252807e-01,3.007111622710104126e-01,7.293203750788100903e-01,3.229964772311808008e-01,2.583287342905377648e-01
9.609399570705966509e-01,1.944248396682932423e-01,1.035843433354798927e-02,1.077586337492363044e-01,5.905491867784502108e-02,2.741012583733697938e-01,4.712111304620965058e-01,4.596471327866273326e-01,8.905036902961312173e-02,5.502033942716025861e-01,2.204062305749610873e-01,1.151772643963872300e-01,1.627997121450887041e-01,7.025062260184041299e-03,4.987219374026728436e-01,1.951409851444448063e-01,6.031555253804821159e-01,5.448405916314247310e-01
9.145688441592020324e-01,3.768859460970633291e-01,7.194280939838459954e-01,1.271700861636770041e-01,4.057107416644982201e-01,2.240681849194417763e-01,2.071707112888309943e-01,7.006030072441704615e-02,5.023961329017044043e-03,2.933965448615578064e-01,2.212037557670301913e-01,4.909424040684652324e-01,1.221330921146984577e-01,9.086504134996105028e-03,3.103226482024108446e-01,3.281333553570817685e-01,5.899521798862477490e-02,2.954748951050936157e-01
9.296165325815851643e-01,2.594874088273824153e-01,3.776540459398404770e-01,3.883859634659722615e-01,6.248178294824816570e-01,5.478395126333777121e-01,5.110428584268541519e-01,7.611479011238865278e-01,3.913152482307707958e-02,3.426647350975312034e-02,4.597468274477285455e-01,2.799548270719822707e-01,3.349194935270073392e-01,6.407574353982038451e-01,5.903556268505472104e-02,6.525709307369393919e-01,5.957117188289318133e-01,8.314858571049787983e-01
9.627290810954711731e-01,6.712578369556716495e-01,7.686821269403786017e-02,2.630334161140215343e-01,1.143897382685996195e-01,8.429922452897947727e-02,5.355821491052821237e-01,1.180689517396953624e-02,9.571083281668518739e-02,3.037021990694899753e-01,1.162472581270486936e-02,1.608412299857061301e-01,4.549285096807615392e-01,8.039944317061444023e-02,3.383121004139769128e-01,2.162817180655571270e-01,1.306599769400838273e-01,3.164477117094226521e-01
9.831294431109132148e-01,2.217680398613602610e-01,3.018180016238745655e-01,1.984782775417338607e-01,4.136349293831751567e-02,5.035776484882790310e-02,2.192769842995670737e-01,3.103954906426151794e-01,5.090080319432460643e-01,2.035776553773486694e-02,3.953096534962471376e-01,4.913147757172314084e-02,5.216023421273638938e-01,2.743254886741130494e-01,2.056076116983712454e-01,9.656264376051966469e-02,2.526638700533432869e-01,7.742039301647986038e-01
8.682822784915557035e-01,7.024013551962658697e-02,8.375353605270654533e-01,2.649946271607312442e-01,2.683167410139247200e-01,1.753632965504652308e-01,2.364672882097006434e-01,3.897477925928892195e-01,6.332350100238807178e-01,2.438146713813718058e-01,4.358706639347383893e-01,3.487183338590824078e-01,3.627640605515373706e-01,4.957538188468800788e-01,1.604495579998198584e-01,2.054081897527421652e-01,3.685484309954747961e-01,3.240806912470128170e-02
9.107780494670419946e-01,7.019129398491119609e-02,6.770318401946736619e-01,3.375781096568647444e-01,9.956394369167397007e-02,5.784808115626214331e-01,5.121553207509058625e-01,2.130636582968301052e-01,3.711648350926701756e-01,3.466499686463722085e-01,6.403732305831527638e-01,2.335854447395947775e-01,3.086690941472026717e-01,1.645503558516012432e-01,6.214879487186363294e-01,2.086419743901596346e-01,1.742902470804902626e-01,3.846604968271563063e-01
8.861489281438945653e-01,4.273417891618364051e-01,4.030927644990696113e-01,3.676234699509528525e-01,1.787972987100554800e-01,1.177315069722694868e-01,1.667794008268752570e-02,2.948535368107850219e-01,1.088331985911789035e-01,3.441524563779491119e-01,1.383661506441890817e-03,1.623063451374133492e-02,3.431350703162029392e-01,1.299595906874779494e-01,4.967288994720152340e-02,2.270376545470098040e-01,4.060756508859184044e-01,1.497404418108930768e-01
9.545232091215016812e-01,3.892261853682130179e-01,6.957770015130968488e-01,6.540030397853431321e-01,3.252995002185916640e-01,6.718740727224637999e-01,1.097262397087506863e-01,2.196861644835927663e-02,3.351475489310832279e-01,4.139618710626193909e-01,1.957263572443369293e-01,7.964311713449870322e-02,5.303087906020425013e-01,2.494510245240248170e-01,5.595841639293743786e-01,5.877631839082171628e-02,7.007161297564036273e-01,4.408363355205064393e-01
8.051081893241864851e-01,4.755074319014200301e-01,2.924587337148095156e-01,3.103486348314796195e-01,3.814573066000238599e-01,3.372439874036732843e-01,4.471363591766460699e-01,4.268430468071246486e-01,1.491250620131503828e-02,2.543552423661568085e-01,3.017088508392836710e-01,3.846720573029956958e-01,4.918073561919032444e-01,6.014517975258100169e-01,2.540814089930173991e-01,1.541654415522662747e-01,2.834206651176453540e-01,6.945201268882532364e-02
9.244963567129186321e-01,6.241305438254257654e-01,5.523733589550809953e-01,8.864655549612715513e-02,2.393412355735854147e-01,5.561462746864189732e-01,6.314134145033983847e-01,1.013388691013482057e-01,4.757590887044583217e-01,4.322357428546217406e-01,5.058318818529290439e-01,1.440400999438976593e-01,2.359018483708966440e-01,2.763879121194819932e-01,3.988549872685517306e-01,1.920325358651767400e-01,4.181803163092411291e-01,1.522402598826963493e-01
8.116536536003672309e-01,1.973485652883444907e-01,6.644701800647396794e-01,1.657518983943726265e-01,1.404406253988162157e-01,3.754619509264504607e-01,6.809627621139906217e-02,4.276110990468161288e-02,1.604151614609129273e-03,4.203473603672654851e-02,1.648563288873575727e-01,8.998780293378805251e-03,4.080231285246955220e-01,8.370493259155149524e-01,2.113694343115570251e-01,2.198710983147754428e-01,1.635080683001085000e-01,9.143365076467094843e-01
9.642194127021507244e-01,7.033441420696270319e-01,6.008452690534785701e-01,4.529980119238782854e-01,3.108990997111624188e-01,6.056105524553336839e-01,3.127819243708356289e-01,3.661822763496765942e-01,4.730602066817316542e-01,1.424962218506916900e-01,5.354668949771004272e-01,6.532332453007165529e-02,3.794407032830089399e-01,1.478784324900417335e-01,3.758691582687723881e-02,7.499227713796812189e-01,6.155313624364419089e-01,6.917233153580317762e-01
8.762970341839878552e-01,3.198729797061731356e-02,2.484795615602478080e-01,4.482158000763825645e-01,4.326714507088331163e-01,1.364556403650221857e-02,2.967360673748835054e-01,2.362390748114822636e-01,1.566397329882991338e-02,3.251307560159501509e-01,1.967881514109136032e-01,1.098329070500310561e-01,3.958684228320603626e-01,2.595888257025083523e-01,4.039184093462335756e-01,4.525079448958838069e-01,9.039206739864120710e-01,4.291707033324543841e-01
9.018230748632245497e-01,9.853197694983827082e-02,1.539432364724182267e-01,4.354700219393316946e-02,1.649113220325489348e-01,5.704241074303103565e-01,8.371928604527587026e-02,6.130271319652450535e-01,3.169386482351159162e-01,3.718944140478490090e-01,1.694003685327132025e-01,4.614760772678335732e-01,4.505270085502444122e-01,4.912814171994813184e-01,8.719851061097784461e-02,1.685870653600602953e-01,1.946503213072904026e-01,2.630913856113700211e-01
8.089272683336587999e-01,2.365845747173709601e-01,5.672921102316917930e-01,1.230202357520721462e-01,3.953854154101002494e-01,2.790550381287977832e-01,1.471890866567382716e-01,3.308182293938390361e-01,5.756274172229684793e-02,4.811681005729994548e-02,5.234863260337105917e-01,4.172052842332519274e-01,1.769602922748425289e-01,3.890274494631837388e-02,2.471531888561169232e-01,1.325442969352195466e-01,1.412851876447145938e-01,2.789650404652280757e-01
9.167927797094368447e-01,4.074793080793998046e-01,5.090519844541337990e-01,6.427692965262397917e-02,3.002426838073854465e-01,9.345035723930991342e-03,5.622490005470301977e-01,2.114264384286732024e-01,5.080070788675659088e-01,5.320058828444609311e-01,3.027622481581011549e-01,3.744991805257052997e-01,5.722137896810280955e-01,6.307766540468244809e-01,1.652674307732223402e-01,3.714629879876150675e-01,4.371600245673873397e-01,6.270467803540145102e-01
7.786383804711421996e-01,7.568678794156440820e-03,2.217642696913585121e-01,1.689609844126598592e-01,1.139490300309479315e-01,4.702455830763608430e-02,4.417132424598514684e-02,2.156896355491513539e-01,1.111415631360582051e-01,9.304954615790553274e-02,5.196851933750598063e-01,4.671659483507376032e-01,5.492089174094438864e-01,2.474842347265855946e-01,2.762716519695182504e-01,3.894061961904299873e-01,7.123347094953977332e-02,5.101300508594061034e-01
8.948690661084333087e-01,5.209853818500105316e-01,6.296196477411519776e-01,3.532516397152239973e-01,1.477568657905451929e-02,3.998229297722446507e-01,5.944692150226347227e-01,1.641045032489850397e-01,1.815300177296373108e-01,1.291221947477060872e-01,2.127771114171403688e-01,9.999029631404775242e-02,1.095209648686351761e-01,1.406638676725340265e-01,3.446146308414584913e-01,5.746675914926487883e-01,2.507548490702543043e-01,5.155652745560564965e-01
7.535361846311408041e-01,1.224887866392049968e-01,4.853286738745121731e-01,3.581786076560520837e-01,4.400971319733521514e-01,3.700494758241150706e-01,5.789858875953198813e-01,2.786493378962054956e-01,2.869421032847219166e-01,4.690122922743242273e-01,4.923759201310827782e-01,2.320443726595729228e-01,3.161034486222504269e-01,5.547705546210860428e-01,9.447491561358759005e-02,4.550578703916384193e-01,2.315040958643170554e-01,5.713767911110154696e-01
9.011608550329759382e-01,1.547799489329836631e-01,2.478343062781283856e-02,2.387972921943026516e-01,1.082153499337862312e-01,4.508997448203867497e-01,3.156170731608596292e-01,2.932790002107952265e-01,6.939640349461084767e-01,3.658057259178440490e-02,3.120711258886922912e-01,3.636283099734421986e-01,5.901743891625843563e-01,3.949140998293900195e-01,2.349855079787021850e-01,6.996978988351462703e-02,1.243947971354940479e-01,7.841290107860090508e-01
9.062420076373595146e-01,6.560047824519968929e-01,7.576430793412963771e-01,5.599610668843200134e-01,3.830130217223253752e-01,2.720936855175803970e-01,2.172745128189922659e-01,4.637930143656437965e-01,2.205374821462213752e-01,2.635086634922040871e-01,6.570831156285925623e-01,6.501931504400569883e-01,2.698910973814416803e-01,4.838065480111336525e-02,5.611097625429470881e-01,5.937337348163634898e-01,8.218402180064758866e-01,8.689201592080057768e-02
9.656730401311058865e-01,3.254565225948337637e-01,3.840578287861617923e-01,5.099024416421794603e-01,4.991240591760335299e-01,2.989377085290933489e-01,4.816277772524676370e-01,7.371279849092957082e-02,3.938466162160895734e-01,6.869312607452669750e-02,4.738295995106705516e-01,2.173930494490927678e-01,8.013645307219878500e-02,4.546725044653580627e-01,2.795186830164622660e-01,3.850868113447657448e-01,4.638541692522933357e-01,4.623229409094496423e-01
9.269754037412306635e-01,5.992154310660477989e-01,7.227634710295058884e-01,1.907048875553941647e-01,5.971245089047280130e-01,1.174793414726512247e-01,1.196921820272976861e-01,6.211244186898454700e-01,5.841876238843314237e-03,5.169984701072557476e-01,1.291699669667217276e-01,2.717154253148810206e-01,6.462588905610361367e-01,7.837940729063440637e-01,4.367311869379961187e-01,5.202211656396400485e-01,3.428036201472676181e-01,5.741495251351225876e-02
9.001575697840102919e-01,1.610745785184770074e-01,1.174309510710345311e-01,3.163834978187816671e-01,1.611839364885050419e-01,2.599362039361488574e-01,2.137557344672252058e-01,2.291792626332635474e-01,3.073617238838160515e-01,5.797406882957399921e-01,1.364116952769237612e-01,4.200452846909324411e-01,6.222688856932886425e-01,5.744653561476504855e-01,7.844899276030992130e-01,5.982624142303647474e-01,7.474234979282273761e-01,6.351888314663955981e-01
7.509197859375404960e-01,1.128501234965323674e-01,1.641987243716928890e-01,6.824329648231035328e-02,5.118907345735579373e-01,3.183619650683878199e-01,7.442282710913082910e-01,5.429859304754827004e-02,3.264750688570438042e-01,2.980147042288235348e-01,6.268738823530672910e-01,4.845501827281498142e-01,7.204056170776654278e-02,3.119500885174895100e-01,3.869804909954414063e-01,3.072578186610224263e-02,5.287886370824597115e-01,7.638730674956276667e-01
9.260269520374529995e-01,3.219347547090376516e-01,9.895080848587835265e-02,2.412556113897297017e-01,2.724031033729534257e-01,3.939834427952317308e-01,2.607870953961256566e-01,2.694939184014562006e-01,2.973526949015886656e-01,2.644450647070330576e-02,9.751695198519369501e-02,6.217142518402525575e-02,7.666423799179121756e-01,1.541915336633538913e-01,2.680640150849307179e-01,5.663639899868739835e-01,5.864606806014087681e-01,7.184793353765144275e-01
9.284400001445279882e-01,2.354640928667725286e-01,8.268412929103924336e-02,2.028813648250779034e-01,5.325003553844880333e-01,3.577371394015382844e-01,4.987919297165471222e-01,7.438802588661939941e-02,3.943026061139295324e-01,4.623202653403874485e-01,8.903403889364434887e-02,2.988707196472049910e-02,5.820331631822199814e-01,3.660531443633938120e-01,5.152000153506453711e-02,3.063191095655888319e-01,7.324692843566508182e-01,6.561048554653942100e-01
9.485847832403289104e-01,4.063599631419975711e-01,1.325221491953082753e-01,5.942552079915909280e-01,1.085325733896198713e-01,3.058249221401516671e-01,1.776144963855710857e-01,5.989568065793708929e-01,1.088058590724829550e-02,3.563766298946147160e-01,1.436851667987719683e-01,3.785976421144204296e-01,9.860385572190855097e-02,1.580616599827859015e-01,2.673172209801909505e-01,3.450097120033216447e-01,1.545087211851886300e-01,3.709926745763277300e-01
8.659748730267529115e-01,3.109396055942269532e-01,2.741892048381521785e-01,7.576858700624942156e-01,5.942696040471963093e-01,9.833642174615093989e-02,1.733110905887610964e-01,3.661578720880171445e-01,4.482167169012714059e-01,3.961969689840836861e-01,5.596139415911479675e-01,1.689283190533606427e-01,2.312162516941867474e-01,8.970986305969864960e-02,1.031624990690797328e-01,1.288172466806642991e-01,1.874039934239209865e-02,8.487504905520570908e-01
8.876854507458465937e-01,3.299240988397576513e-01,7.753974624647207436e-01,4.480110735412475530e-03,1.817000650162827469e-01,2.700085677648529359e-01,9.968512685549413277e-02,4.062075707368832944e-01,1.825915047835131866e-01,5.969634255039983906e-01,4.462255316173025510e-01,5.628130062319375293e-02,1.547814617538916249e-01,5.693356961195842336e-01,5.632509889200632003e-01,2.189215244618111095e-02,7.374263122861766107e-01,7.525263904163865814e-01
9.382204008631350733e-01,4.399881928502091116e-02,1.024748183221121933e-01,1.581581491959666297e-01,4.374403512351679457e-02,6.547231823879706702e-01,5.953762824407774490e-01,2.376108944252904864e-01,3.486922517395280585e-01,3.729786028690190713e-01,7.390073121234659592e-02,4.610765481772305940e-01,2.414672343382388287e-01,2.078353430896623943e-01,4.187346564895378931e-01,8.549546712146487148e-02,6.208067773886283974e-02,1.697909097075495366e-01
9.294857598235176654e-01,1.758204507241887538e-01,4.270129343268067590e-01,5.005395446246871383e-02,3.509025721797107145e-01,1.490421869020853562e-03,6.963511339719092863e-01,2.567074968912541055e-01,4.961730089442358271e-01,2.062264602800879809e-01,2.744045316272349377e-01,2.474641974984015044e-02,2.894649085593377635e-01,3.095568089482789859e-02,3.826740354437809799e-01,3.315719944044204226e-01,4.908925096441608682e-01,7.880007651106751831e-01
8.719949637973832823e-01,2.908696118890360394e-01,6.635295642504949187e-01,1.216940998029051729e-01,2.234528359360787031e-01,5.142566418515889248e-01,3.455387163438556897e-01,3.571785016646352173e-01,3.475224617122604168e-03,1.660721264824608912e-01,1.379283574677979685e-01,4.243097910885490487e-01,5.252049513363309385e-01,1.117325636530396987e-01,4.107391364192014560e-01,4.515223203296561127e-01,2.457457502677886096e-01,4.406884974096512142e-01
8.954210786868813665e-01,2.205088434670968989e-01,5.126013521509582560e-01,5.685593617463765570e-01,3.963672789373853256e-01,4.183801045157202643e-03,8.882874507113311391e-02,1.585776495641066930e-01,6.299625013008934848e-01,1.245984648175081921e-01,1.510806699914860329e-01,6.356755060833337856e-01,1.014001128441260335e-01,3.276056004455564219e-01,8.681079756077270115e-01,2.294986427803016038e-01,5.051032939465842642e-01,3.299824389524120272e-01
8.792800374386912088e-01,1.141212175464177275e-01,5.018403333212111406e-01,2.613954038020265269e-01,4.636584170394917326e-01,5.960705240320713916e-01,5.303114345418576958e-01,2.997462059307933191e-01,2.777784762213893477e-01,6.227161860736962762e-01,4.337966227827099591e-02,2.360809044241708177e-01,4.344272036364684175e-01,2.465762933707107626e-02,6.489901945533178840e-02,4.519021459630839094e-02,8.136429352332518183e-01,7.906087480077694796e-01
7.200414679646303107e-01,2.924357433481126756e-01,4.494784907015019759e-01,9.054333557658394982e-02,2.961300463788740234e-01,2.253654671991301983e-01,3.976562693463212006e-01,3.219905612936758699e-01,2.825925848188290956e-01,3.260417597544947310e-01,2.593589462641663346e-01,3.655953455987777656e-01,5.314521504765692406e-01,7.612546199438134653e-02,3.820493897276193151e-01,3.047650815366681129e-02,2.673353972998809280e-01,3.195039187373095446e-01
8.982042108845157413e-01,3.407047843112182006e-01,6.980959636515290945e-02,5.304940643189622884e-01,5.240072591721469664e-01,4.570021436338091159e-02,3.797719968640422827e-01,3.004039996354743169e-01,1.711984886783900761e-01,3.287523579254713613e-01,3.707469344780872644e-01,5.926182370071486627e-01,6.099186522222002638e-02,3.829015774190691612e-01,4.315979122753357267e-01,2.887484129175015291e-01,5.262018593167013814e-01,6.815642166520006207e-01
8.940672157968572176e-01,2.459920913692151823e-01,5.971375377187808642e-01,4.420010254418434426e-01,1.666894099411222463e-01,8.975680078264267059e-02,7.030413982231353831e-02,4.685955194188418105e-01,1.391777695861973196e-01,1.120913589991878734e-01,4.135625278192303078e-01,3.075548729259194869e-01,1.016939525632344493e-01,2.957677101037999856e-01,6.230385560964949582e-02,1.005954066916332768e-01,1.873300977598939820e-01,5.729320781946979357e-01
9.072690639251960176e-01,7.184731349768952446e-01,2.852231244854379066e-01,6.794301096011546859e-01,8.958719095154180079e-02,6.958918522875659485e-02,3.922970246043911979e-01,6.090194214999540279e-01,4.887656943158255607e-01,4.822131409540282854e-01,3.609440370842676993e-01,2.371997462984483940e-01,1.275798643299665969e-01,1.171915972619200497e-01,3.958557855903890865e-01,3.347471829836420887e-01,7.017832910360781717e-01,4.746465263141149138e-01
9.507889109433026453e-01,7.368188706044392910e-01,4.087621224072305881e-01,8.715468969372690278e-02,1.664123791529953655e-01,5.148875169586505235e-02,1.793999660520336770e-01,2.151512913284220896e-01,8.703571814952265617e-02,4.203335301480978781e-01,3.278527228925439130e-01,7.187637677966568495e-01,4.162539725938385615e-01,1.646023476948989817e-01,7.212331105078104709e-01,4.667812525611222951e-01,2.659112969128668569e-01,6.279221875367491101e-01
9.395426594234388418e-01,7.254804624962746251e-01,1.321573393745653080e-01,5.135681459401369997e-01,1.458146129127287638e-01,8.278432059640333796e-02,3.211790857224859908e-01,2.259200159444950395e-01,4.866033111731575544e-02,2.592706525135665685e-01,4.699967980270911561e-01,4.559988241966552169e-01,5.791158483525622458e-01,1.845955150306179404e-01,2.576373490754865214e-01,1.999270307798857449e-01,8.001091992906050887e-02,3.740015243387123656e-01
8.419401707194621443e-01,3.006014095399170416e-01,7.410576946137147070e-02,4.629166465692110544e-01,3.983174243847271978e-02,1.797310321697557778e-01,3.211301279855224670e-03,7.283301599805694915e-01,2.408859045503318197e-01,1.759685922961591320e-01,2.022364481750860699e-01,5.813295334618829441e-02,2.242009724440881813e-01,5.277346580057903358e-01,3.147930309195225429e-01,2.246753534350442172e-01,2.327266851859989827e-01,4.643095903109055733e-01
9.649144941872185299e-01,3.613638088273944393e-01,4.222666090726738541e-02,1.304544198775275388e-01,2.792540003932690307e-01,6.215087894160625792e-01,2.643746352284876908e-02,2.053697469664675368e-01,3.123352623493310110e-01,2.124397179612019237e-01,4.550374880566733782e-01,1.365835456960787274e-03,8.146878414751358710e-02,2.179917959457752241e-01,2.299213702895605838e-01,4.713138993153546674e-01,1.148601083138946349e-01,3.525644188870182827e-01
9.579424049297686761e-01,2.349739862548726743e-01,1.733984503817370959e-01,8.780443267393793494e-02,3.529111392379546408e-01,2.617723936951673047e-01,4.747748775451202108e-01,5.407470919917064522e-01,2.750675527631507022e-01,4.653988221500044986e-01,4.724874837578149078e-01,3.393292849561390656e-01,4.651802663319764553e-01,1.420909748902247638e-01,3.226367395720506348e-01,5.001990280351956697e-01,4.070040582661204054e-01,9.017256260565909010e-01
9.136926884745784072e-01,7.052387540144384737e-01,1.766837701268109129e-01,3.924878406554149074e-02,2.253683224466243584e-02,7.293229116173338689e-02,3.570138081641196504e-01,2.214148865809074662e-01,1.865922500415002350e-01,1.091526138169526816e-01,1.525777248176025946e-01,1.508491941736259390e-01,1.154124615784005298e-01,1.503250750675909908e-01,5.005549337150179134e-01,4.130150040790570021e-01,4.801718246639059551e-01,8.453076190865436157e-01
9.270055658743208138e-01,6.955887046431723508e-01,5.824747243984874645e-01,1.553866201832573846e-01,1.806211644122331927e-01,3.124324962470653722e-01,3.315496486383740504e-01,2.611066431747085526e-01,4.475836749157140887e-02,6.250242432915529278e-01,3.406147631444320090e-01,2.110419837840126628e-02,1.814266484631106569e-01,4.505336084138266556e-02,2.541777480444855630e-01,3.566358211091553154e-01,2.814160528778070769e-01,5.810973087069745135e-01
8.675244833612796302e-01,1.882702244898640520e-01,4.724583845300907026e-01,1.541812735434860693e-01,4.438738908913631986e-01,4.493724003794480892e-01,3.414441356628259427e-01,4.322810620579405766e-02,1.409944861427717966e-01,5.965411975537888711e-01,2.389289377023976757e-01,2.023997853039634642e-01,5.949647254736271096e-01,1.273889043837085067e-01,1.733845195802157513e-01,4.763517560858898658e-02,5.037210849207503227e-02,7.775599044971741591e-01
9.169917103405044179e-01,5.601801195933640010e-01,6.858733945540327337e-01,3.790473237663686268e-01,6.422117775502811376e-02,4.420310283648537508e-02,5.502865365747624526e-01,3.749274638714141239e-01,2.652076295514237403e-01,1.724822863261978312e-01,1.957971536128449985e-01,4.910149614260329032e-01,5.476072639416419419e-01,2.169243636273019901e-02,5.413752908175550882e-01,3.507928717945217323e-01,5.342476386663230770e-01,3.012146342033418800e-01
9.556291569225530136e-01,1.671075006428675847e-01,3.145188805905821394e-01,2.103566795176410320e-01,5.310633453713894392e-01,5.076351896616306814e-01,5.366790608182057110e-01,2.820122770785472854e-02,1.707728772795382988e-01,2.384594739955449572e-01,2.222885265676843858e-01,7.781997661459072457e-01,4.243407438405645271e-01,2.694321119778749218e-01,5.959036821179958254e-01,4.418284427651946178e-01,4.059033027598638044e-01,8.728814243887070834e-01
9.156084807299658124e-01,5.399666627951668074e-01,4.571403632504066894e-01,1.552784295721948427e-01,1.301726007111432271e-01,5.512536139748483444e-02,1.163899866438383168e-01,8.692281826181991189e-02,9.865841492486175646e-02,5.443608123176240099e-01,3.797046628072328622e-01,2.368833990539846723e-01,6.171388076103362375e-01,2.551516834659002808e-01,5.499413570513249361e-02,6.259968578449738308e-01,6.187008289391312532e-01,6.547459187409598869e-01
8.937092432454557533e-01,5.411738421354831408e-01,3.495177433441101211e-01,1.015674320431365352e-01,3.944980769607456250e-01,4.771479289492365217e-01,4.881342823454253299e-01,9.727737739817921003e-02,5.414608701859786599e-01,4.489840723230090203e-01,1.378631921950878580e-01,2.885543146373970025e-01,2.804725057849511982e-01,3.440180404178135309e-01,8.446920754893786354e-01,5.053653095789074623e-01,1.144480055534742025e-01,9.265126693611240860e-01
9.146048831686452996e-01,4.707587277002232007e-01,7.934211351036978277e-01,2.169611833657534294e-01,4.974144312390155892e-02,4.846970777402129227e-01,4.171424392696134742e-01,2.711504066906913479e-01,4.004958588622531401e-01,5.216170291414402582e-01,4.651958780770820007e-02,9.024512654097567935e-03,4.199716550159718897e-01,3.782293378207471357e-01,2.666918334957606995e-01,8.793274913565952700e-01,7.389143616012514570e-01,6.131033100253898693e-01
9.089386454040172536e-01,3.583708542200864655e-01,6.030497137773270788e-01,2.243071004806753976e-01,2.538106192223111290e-01,5.222613303898298448e-02,1.212741222973742067e-01,4.354798631911014906e-01,2.732599751803435617e-01,3.996312863689689410e-01,6.021235808762542829e-01,5.126848569657250776e-01,3.716915168379654189e-01,4.595018388674838167e-03,6.224961024069394222e-01,2.883726601956898006e-01,2.847336113235717225e-01,4.605748669747398716e-01
9.111249366283843409e-01,6.554496599649578537e-02,3.430118882231923960e-01,3.581442581552051196e-01,2.388575651575754466e-01,4.153693537845178779e-02,3.682359019966089941e-01,5.893392550531694613e-02,4.200315959568064472e-01,2.823487735863050574e-01,2.891081624151900509e-01,2.680388669348199304e-01,1.074753897163572974e-01,3.057185836966488379e-01,1.494076629082212726e-01,5.799736572033227511e-02,3.685010967052581576e-01,6.665527769000996194e-01
8.303379676663406039e-01,3.737294226412770093e-01,3.840906323026112013e-01,8.179567233764703515e-02,3.069688573416626265e-01,3.569118072501337724e-01,2.947465689311466741e-02,5.917282836851599503e-01,8.590993369621383047e-02,3.552820282417564757e-01,2.700763074428432775e-01,4.443477475048620007e-01,4.879216310478919350e-01,6.274269603600410306e-02,2.387740489638758845e-01,3.072547349188586852e-01,3.548577104074331356e-01,3.635823511653130113e-01
8.698402497757272700e-01,6.415259997189617369e-01,6.040006532809556461e-01,4.904889975450646422e-01,5.321209552921779551e-01,5.217928439664778484e-01,2.176825281375545373e-01,7.154024960450946491e-01,1.414709062136972062e-01,1.598909619859490150e-01,5.066605860691072438e-01,1.789695268029961872e-01,4.527266715525963270e-01,1.478841506099482228e-01,2.168238584795074975e-01,3.020180596990367228e-01,6.910213344959275084e-01,9.314548772858641801e-01
7.747445044482277332e-01,4.736145427007795172e-01,4.189454528515412779e-01,3.829907595879095128e-01,4.587844086515098230e-01,3.563782784670045389e-01,3.725248673480092143e-01,4.661364842627446770e-02,7.298777707552964178e-02,1.687900790983975774e-01,2.885241810571636534e-01,3.311983996082879522e-01,3.573315341750893381e-01,4.726895312605708388e-01,4.401722896039304139e-02,1.295028545682147536e-01,2.188187836588755264e-01,3.135157965612332953e-01
8.589300942934774419e-01,3.371211741993080380e-01,5.253797350429093883e-03,6.912825182536830315e-02,8.187552395812824901e-01,7.979562228335770890e-02,1.799232927502251722e-01,1.969290344263656956e-01,3.228975834532955558e-01,5.053744326770522877e-01,6.874901908126516137e-01,3.784363298643345641e-01,1.840812248078034161e-02,3.101770216987554014e-03,5.023028730818155374e-01,1.199114651136133219e-01,5.213131483364539243e-01,7.927404128350421519e-01
9.592040690495565736e-01,6.471663688867091736e-03,4.238448808446331761e-01,4.227389958051276930e-01,1.909398413347469792e-01,1.935219595607752530e-01,2.685934582321427566e-01,3.939969994324248326e-01,5.825862443327767953e-03,3.914263941267194236e-01,4.153986017362060190e-02,6.651933247659370663e-01,1.966705365813839201e-01,7.943087180347016552e-03,1.954036853992081046e-01,6.109929549422185024e-01,3.035002890651146770e-02,2.974701920136746947e-01
9.000603894380925230e-01,5.697832849875373862e-01,4.146308417869835061e-01,4.959585091169726456e-01,3.983590248102569231e-01,3.744569100763482372e-01,1.687292456981423772e-01,1.468808717964822097e-01,2.149967629580858131e-01,9.704365474245311984e-02,6.933198313416017999e-01,4.254149469206350287e-01,2.768748877893070781e-01,2.991490012509692709e-01,1.781629981136171603e-01,1.171480674915583164e-01,8.113150353473466692e-02,4.123390546559997927e-01
7.934644713913385772e-01,1.806592287751169756e-01,5.989200560618376246e-01,3.900911653176890592e-01,4.366638216889384694e-01,5.528113322427295881e-04,6.234204661866922237e-01,4.548924775165428397e-02,6.099111076798960918e-01,1.297894685572772433e-01,7.027812643997330966e-01,7.134160439700344414e-01,3.346381618495377630e-01,4.066244583770096677e-01,2.311809605401305423e-01,3.034689742131902943e-02,4.686880336470140573e-01,5.343017389440130049e-01
9.575955529476415373e-01,7.474767012940186639e-01,7.396242498429310697e-01,2.698859004717099053e-01,5.968892326162933415e-01,3.586355539684857319e-01,1.261699292431463504e-01,7.078556719492230071e-04,5.970710123042068940e-01,1.294507386572784080e-01,4.731539973627393314e-01,4.208354742677102300e-01,5.283213347126897164e-01,7.718168163281316496e-02,8.582353039168331144e-01,3.570085518428376403e-01,2.422021277878597112e-01,2.739738386375044077e-01
9.189569157911939845e-01,5.552837456081848311e-01,3.234025984869745018e-01,9.158041394136100244e-02,6.973429289380776996e-01,9.143681274440419726e-02,2.960203487503699771e-01,5.023778218585294164e-01,6.574967827413461530e-01,7.915635719542384319e-01,2.498003820944499354e-01,3.709994188138274890e-02,1.833254445025106483e-01,3.446008897593891285e-01,9.584836603828907065e-02,3.482943820325659634e-01,4.188630415901936632e-01,3.738713656359605175e-01
8.822571535046113134e-01,1.515079852124477933e-01,3.501686898581482521e-01,5.836226725348331312e-01,2.931757863552659216e-01,6.086489611346067585e-01,2.192834981341582612e-01,6.920793362840504948e-01,5.410762642066314909e-02,2.049640289588917919e-01,5.418973297510216725e-01,2.288814392918292195e-01,4.544385829026787588e-02,2.340823587801172390e-01,3.580241815892101220e-01,1.047370041046190650e-02,9.302421788159025429e-01,6.895616759091693915e-01
9.200512441455763746e-01,4.146358793944786014e-01,8.356851325462676394e-01,5.580945808133988550e-02,4.966713743756315247e-01,4.129800408782168253e-01,7.616035330858585972e-01,2.651675890345123743e-01,7.279694903116708249e-02,3.492465551130012336e-01,2.011127809143591905e-01,1.735195361339670894e-01,7.995268966865913540e-02,5.590969205759740990e-02,1.864745337407328896e-01,5.647069326820303159e-01,5.088972211366341591e-01,2.760885221479437157e-01
9.037797560668817676e-01,4.140233526722074120e-01,2.116382158476460551e-01,5.673213308411753086e-01,4.361090263166998993e-01,4.916419853383092731e-01,7.195629600734825271e-01,6.892494252642473729e-01,3.884963693717931599e-01,1.876074377063503273e-01,2.791392533915854623e-01,2.541143408696713291e-01,1.293257946401438763e-01,1.808317989432414175e-01,8.468610069777918192e-02,5.015931308342895523e-02,3.800631803831603373e-01,3.727892731697223239e-01
9.406304758800191346e-01,2.103573529354906546e-01,8.385570728801895468e-01,8.220159177177413512e-02,7.624174635585405646e-01,3.621867977866710664e-02,6.190775251847292077e-02,3.677699069524224540e-01,6.305392714254309805e-01,7.364920724607431080e-01,5.023186052861546846e-01,4.030252013209343481e-02,7.198752547713035410e-01,3.214171749055000915e-01,4.714509648090891014e-01,4.798591650227553851e-01,4.765268380844167040e-01,6.066059303248324541e-01
8.932884292199083642e-01,8.288380510107007382e-02,4.998616308357142213e-01,1.889982474141941871e-01,6.345099727332700335e-01,1.350328710494015996e-02,4.982480561776549410e-01,2.304641107648892906e-01,9.014715199147368963e-02,1.627028591049388406e-01,1.462145861770874355e-01,1.876649344907213024e-01,4.642402278473640731e-01,1.878415805097068125e-01,4.086632026998525125e-01,2.590103060936385648e-01,5.248346090798946539e-01,4.923679985956606608e-01
9.621862979991572251e-01,7.244511852370016936e-02,8.418791185939410449e-01,1.536071125226964595e-01,1.069063930996212441e-01,1.244785037388694698e-01,1.651362553375934628e-01,5.255429242120106537e-01,2.240317277037443336e-02,3.417635380563113778e-01,1.831716291773088368e-01,2.373836204082839796e-01,1.083084779509264212e-01,2.485524711420618038e-01,4.827616414665759637e-01,4.184944930730081225e-01,7.863551242371166206e-01,7.867332000486145782e-01
8.317405969070870153e-01,3.450484255323792437e-01,8.427144281530882242e-02,2.113071995565820593e-01,4.161314850726151593e-01,1.412089806887070198e-01,5.536011861143369517e-01,4.512076462062201143e-01,3.303428231012490168e-01,2.407058359808879056e-01,1.544590381177591565e-01,9.042272255884771515e-02,6.247025496725167742e-02,3.222414420696082527e-01,1.696957976935578594e-01,2.648777818903339520e-01,4.781901174289189815e-01,2.921395496288528570e-01
9.439012720390531630e-01,4.944731799994329657e-01,4.743261810006489387e-01,3.677331236996577712e-01,2.121526669537023013e-01,2.867951101092169885e-01,2.608246686798344803e-04,2.424606079666940250e-01,1.914536885273773054e-02,2.789111983947867301e-01,3.926057899725434730e-01,2.223801608846158739e-01,5.078180528660229676e-02,3.296626511746664906e-02,3.886156923419563092e-01,6.332607749492451255e-02,7.386594579388001680e-01,6.529628205927445750e-01
9.086401929280901735e-01,4.063013331674584783e-01,8.469909546933424016e-02,5.220510353182704621e-01,3.619115078453960521e-01,3.391783603432565464e-01,5.291224934257430235e-01,9.861960194863607365e-02,2.664765539929188076e-01,4.535818168858692934e-01,2.518553580443275153e-01,5.051621156558913084e-01,7.171907924862600536e-01,3.248340774454269164e-01,3.125519081857300874e-01,4.461994364087712439e-01,9.391568392919402708e-01,7.705577872026685426e-01
7.916413833730805427e-01,4.625172080776311367e-01,1.385658644012159602e-02,3.868159013010814135e-02,9.511932696470354331e-02,1.387370884941245830e-01,4.356513920145855812e-01,1.522287487435715070e-01,1.645565731828650402e-01,4.819560371430886558e-01,9.782544714829995158e-02,2.791626065916122945e-01,2.336305937605372141e-01,2.671679291784015975e-01,6.262208274564597943e-01,2.663680531078223002e-01,1.270971038811567200e-01,6.828951714087272418e-01
9.595770643465170169e-01,9.128275576913304212e-02,3.640011139059492473e-01,5.068293829228062153e-01,5.238388811353523744e-01,1.226229323399522786e-01,9.758305849101138463e-02,2.936282766200393538e-02,1.285854457338956869e-01,2.741045786652536731e-01,4.854681869962654828e-01,6.965007302950321222e-01,3.700192457834866611e-01,2.256634881177450869e-01,2.367876921008678914e-01,3.667952929295442699e-01,5.762005991001708516e-01,7.653722363270291096e-01
9.266283785477643642e-01,6.251011606071482651e-01,4.205639058038196376e-01,6.694099668384448365e-02,2.625230982576339800e-01,4.400465735967952763e-01,3.129958918330643103e-01,3.767198455748907437e-01,1.218426717112757185e-01,2.431684767268670055e-01,3.036484369005638673e-01,1.466571353392461807e-01,2.684008204871959902e-01,3.767187339156258807e-01,1.295586487336600756e-01,1.537306959185143485e-01,7.743070688308358873e-01,2.132450338054754924e-01
8.162357393531379790e-01,5.332366749854097199e-01,4.534275074019629148e-01,1.961298767217175831e-01,5.511971789218182982e-01,2.887461178958887764e-01,1.842037793989871330e-01,5.631477226715722040e-01,1.379391809919006950e-01,5.764745470274901251e-01,6.020005981946945361e-01,2.412931714531880989e-01,1.099233145603397029e-02,2.365897682395171342e-01,6.644162256051596716e-01,3.849112053009122181e-01,5.189246401370747330e-01,4.179029581024679696e-01
9.067287184117981402e-01,6.800899458438705025e-01,7.352914954526995617e-01,4.147717759542780547e-01,3.624038582103955575e-01,2.625487208178967635e-01,4.800848763219830138e-03,3.940773526036245311e-01,2.224413771773497139e-01,2.193582618819905627e-01,1.227889136876641335e-01,2.913190843611528913e-01,2.587784621088283776e-01,1.792110865675925202e-01,1.567409621997709890e-01,2.945658688936068637e-01,6.754998237253500015e-01,5.996538523094084860e-01
9.249657539019038310e-01,3.552184355533496291e-02,3.491487170931056316e-01,2.746545439586001169e-01,4.123358834466766543e-01,4.370393258228589400e-02,3.207585843985950036e-01,2.685807849909687128e-01,7.778805650357012436e-02,3.919958958038539422e-03,4.789834816901188952e-01,1.462235893696540723e-01,6.161080608416571458e-01,2.180863728348129277e-02,8.443664451438147589e-01,2.882991188772536795e-01,5.070975390139924321e-02,6.236833584110428319e-01
7.359002531837781635e-01,2.961707904267008584e-01,4.443047240163769951e-01,1.681659250806954164e-01,4.716071726124363428e-01,4.233414661744031005e-04,1.066078174664367578e-01,3.751615816029490319e-02,3.950230429974502244e-01,3.096211158275519182e-01,2.891760806123338523e-01,2.764491594819856179e-01,6.655924288559924573e-01,6.295886535169817333e-02,3.351852804308455003e-01,1.147766023450546569e-01,6.973885509111785175e-02,3.478955859400582051e-01
9.451069898672345149e-01,5.312584933044294244e-01,1.149855419154989511e-01,7.471450736194839605e-03,2.879073600028116409e-01,1.817677138276928284e-01,1.960928987693418279e-01,1.572775101877612047e-01,6.943122947351978991e-02,3.001539913280630231e-02,5.495352511737578750e-03,4.315325270750525188e-01,5.266452044437017754e-01,5.517866078025256832e-02,2.157939934429388765e-02,4.256142935192859800e-01,5.800419086264453350e-01,5.339808353444156497e-01
8.253520850109701268e-01,2.107970547584293863e-01,1.140613991784009407e-01,1.368372487903582735e-01,2.738501993175980753e-01,2.531524048225016754e-01,2.632451414476602580e-01,5.255731053602496344e-02,2.887185383741998623e-01,7.709848580987572753e-01,3.095320260045841265e-01,2.318925907856765056e-01,6.356714063178419138e-01,6.914990351543366387e-01,1.268327360836500606e-01,2.085081005299804779e-02,3.981445474788670724e-01,9.036415050063141274e-01
9.026814644389747899e-01,2.166069180748689260e-01,1.569672802174742754e-01,2.386204419743638561e-01,2.122006430902450003e-01,1.445556602535999213e-01,8.163264167103191637e-02,6.214201134961830908e-01,4.350801952661081246e-02,6.203805387463735554e-01,5.146140629110512732e-01,3.941069025713612173e-01,4.553408961866597937e-01,6.010882465950802972e-02,1.643905600283542823e-01,2.856140372585989073e-01,8.989828687566601140e-01,8.248773057350741178e-01
9.729826746795539050e-01,7.196184469234090386e-02,7.404430431456169304e-01,1.976008861433986297e-01,3.153373941788100154e-01,4.680901183357127904e-01,2.349119333097947904e-01,3.265179950781949558e-01,1.588016458434902134e-01,1.577913379317966852e-02,7.631349787753299863e-01,5.295128047645039082e-01,4.660212968881517481e-01,1.618423976487887161e-02,2.138256254098689080e-01,1.564928754471095196e-01,8.652634033853557893e-01,7.633384596116380427e-01
9.538172512118816559e-01,3.661746735256557472e-01,2.219545245631725783e-01,4.190926861267584014e-02,3.988785427555029822e-02,2.161128256587146190e-01,4.392204963484429570e-01,3.548822850656429551e-01,2.401404959387617721e-01,3.341425951510650916e-01,5.732156860211033989e-01,6.434709732145287298e-01,4.373019879253012832e-01,5.491488582914301197e-01,5.882524098491995895e-02,1.887561594888689798e-01,1.799065783073750813e-01,7.543950599456146489e-02
9.267192714367311623e-01,3.908018907339364523e-01,2.684160150108715892e-01,2.319847219840262820e-01,6.628784169255794168e-02,1.540261229460067605e-01,2.751051540946675145e-01,1.231060209292513530e-01,3.202443737730803486e-01,1.670220948719498000e-01,1.722230828595134114e-02,4.634537344636496803e-01,7.919800715883570374e-01,3.673970832098717443e-01,5.028822842207260058e-01,6.769434847085533669e-01,4.993725916899316442e-01,4.956525537352796662e-01
9.138724696545057480e-01,3.968897822058180536e-01,6.170631036356816201e-01,2.939116246828752388e-01,2.191772740399876851e-01,3.921744800550766574e-01,4.707339343688427546e-01,3.595583077216368273e-01,9.231104257087564824e-02,9.528681530400408273e-02,3.763244647814721344e-01,7.096517884538022791e-03,2.235473770673275518e-02,1.719400706290969694e-01,1.033121991316725413e-01,2.002255284054845486e-01,8.179495541988546226e-01,1.671721604289942986e-01
9.006027139153955918e-01,3.180040422323416882e-01,4.881740897907078658e-01,1.360337835880083002e-01,3.012253054220805359e-01,3.081793396830397880e-01,2.141186348131141615e-01,4.271985642516112902e-02,1.800535895728430091e-01,4.542854159432830330e-01,4.297340819990249083e-01,2.817887576065503108e-01,4.228985773205310439e-01,4.117069396919565971e-01,1.022341971026107660e-01,3.200242038248213294e-01,7.386827226338814334e-02,6.308983645018326758e-01
9.044302880431567271e-01,4.237843429298741027e-01,3.196691959764707547e-01,4.915941013729640402e-02,9.932437161257447189e-02,5.147606469954717490e-01,2.268304808467382083e-02,5.196100124473241877e-01,2.526875739342555049e-01,3.106322161876336474e-01,4.429761188438608582e-02,4.541038585213065804e-01,5.743105328287670952e-01,3.513665509137616771e-01,3.932508260413735690e-01,1.318073603715162190e-01,5.552312756801206506e-01,8.560961402094670047e-01
9.380581518314894396e-01,1.722891395956653304e-01,1.210726944875644417e-01,5.582550613516988891e-01,4.774494757218089025e-01,6.246631993011426687e-01,1.292522159822113992e-01,1.192209315519488222e-01,4.538458064821440652e-02,2.616432090127994714e-01,3.946976848508253477e-01,3.565783140442416732e-01,2.929747248071698507e-01,4.034679690686923115e-01,3.857120115069049421e-02,4.910123158557275769e-01,3.327183373388428733e-01,2.558373415913622884e-01
9.357246752347690988e-01,6.725264479803984008e-01,2.691264559851766491e-01,2.778802492918824307e-01,3.778107894496088304e-01,4.821498742190757913e-01,5.666703333511533686e-02,7.333136235660413227e-02,1.048554589560023453e-01,2.189530049963597236e-01,3.614138006781579260e-01,3.284949830951540695e-01,4.809669489661363428e-01,6.781980059319304976e-02,3.339621685606767865e-01,2.084677129294788267e-01,2.567372691578060848e-02,2.813207745475087007e-01
8.968400340733415632e-01,1.573284472208058837e-01,4.764833331294801577e-01,2.663195638153511569e-01,3.937929134667700892e-01,1.878361009705115103e-02,1.139024757351144029e-01,1.790516321022622009e-02,1.960472552004891011e-01,4.213233384924213731e-01,1.988858936685847512e-01,1.263692287008061355e-01,2.763152163553224128e-01,2.021874765252521522e-01,2.146430156788830257e-01,5.919964053613803179e-01,4.959320462749999825e-01,3.038332025224352306e-01
8.901029651344928295e-01,3.538997822549822536e-01,1.219072558291215691e-01,8.003303084954018765e-01,7.783002688178937145e-01,9.820079277016054153e-02,6.496017316812846554e-01,5.336301418844464212e-02,1.593484316528788747e-01,5.268078155933163531e-01,4.453772498853877382e-01,4.243915548768689150e-01,6.215325418185324580e-01,4.250376078967806337e-01,5.616334025771583249e-01,4.225422739046852394e-01,1.394342600327134196e-01,6.226403034165239880e-01
9.532827176825993121e-01,4.880868041860362272e-01,2.083012267132345469e-02,3.196939366723426379e-01,2.001923899929886064e-01,3.785285576129893137e-01,3.345432715209713248e-02,2.740719077804250614e-01,1.921720974751534028e-01,2.298324825829473061e-01,5.502899018257521035e-01,5.601253524344391721e-01,2.613707244120832759e-02,2.611083357898409951e-01,5.462164407221753448e-01,9.523269123015251636e-02,8.759766250257094988e-02,3.770244646513789544e-01
8.800244472358714765e-01,6.352482408302512207e-01,3.750811351100686863e-01,4.310312175005569513e-01,1.521152397597403706e-02,4.742804201580389650e-02,1.573564554996584874e-01,7.240820878550663364e-01,5.966647474761986591e-02,5.261646634255436883e-01,2.527311568574941991e-01,3.613733467262092436e-01,3.166466299413319817e-03,4.754943021789904134e-01,3.764915877604308458e-01,1.711596351690134188e-01,6.757563702795966742e-01,2.012522795339199422e-01
9.011665836143476493e-01,9.173039037700959908e-02,4.713045395027925522e-01,9.523752288854003822e-02,7.556705330729258652e-01,1.235548016756614909e-01,4.323573736090576269e-01,3.891516473934095721e-01,4.317308326512735994e-01,3.912579005913025681e-02,4.485826716668272485e-01,6.722500311845950316e-01,4.398484514220870611e-01,2.637911725028237522e-02,3.418586727385165922e-03,5.774452558444603811e-01,4.467771824789717461e-01,6.391395947150787515e-01
9.113475092123013432e-01,6.376431360751766420e-01,3.448836892522432196e-01,8.767947184028285212e-02,6.643178093835583331e-02,3.868633311035301059e-01,7.833547593097809347e-01,4.039597332716502454e-01,2.245231900042596596e-01,3.122052652786477256e-01,3.583442698647569813e-01,2.387308045979937010e-02,1.581569819943984267e-01,2.145636933766907617e-01,3.869629739974194682e-01,7.823539587273922180e-01,1.713042730037092343e-01,1.550378884380861355e-01
9.292505160707195122e-01,3.778990292864570222e-01,5.425253788700047652e-03,2.874432973095860655e-01,5.397315409429795929e-01,4.674408066128214745e-02,6.182287234011407673e-02,3.519221773360544647e-01,2.257170198253025672e-01,4.471742024400250926e-01,1.336623153493935734e-01,1.684379251207472616e-01,4.476019517446490348e-02,6.576271698087459870e-04,8.245166870020793903e-02,1.851969568284042023e-01,5.596911729832246829e-01,6.510648212016971748e-01
9.096372761135917973e-01,4.819085502484062311e-01,5.133009855595781490e-01,5.880918421555504372e-01,1.664751255916802064e-01,2.541935278266398979e-01,1.358209765429320148e-01,1.989159897642451547e-01,6.181727619289072162e-02,8.711295919109881061e-03,4.477294918440068439e-01,4.540128495098798567e-01,2.540779435022443855e-01,1.641908345564948787e-02,6.325814945427975511e-01,6.893162201394262834e-01,6.441543234253522821e-01,7.321332045129892441e-01
8.838087954497977350e-01,4.923397726330512869e-01,1.091331215227762802e-01,2.662781165641524561e-01,3.515796158013831385e-01,4.082589631937849628e-01,4.802453579571731579e-01,2.810227685020530441e-01,6.855118936361140891e-01,2.551146714519624339e-02,1.295494676257600286e-01,2.669919347415656286e-01,1.359836154880610104e-01,1.057457982313943501e-01,1.402057026914100002e-01,8.898807873345794886e-03,2.617235823161153663e-01,9.178805105228671213e-01
9.316042954013655786e-01,7.536831823264376062e-01,5.490459035851241731e-01,4.802297072333281958e-01,5.095711923234852447e-01,9.477293260893807081e-02,9.132624988950405198e-02,1.834604764729579063e-01,1.797431105417740538e-02,1.186562650261550195e-01,2.015403298063891402e-01,9.755339817936718727e-02,2.049611812135356537e-01,6.354711601280215172e-01,5.195777945764796790e-01,1.144270107658012514e-01,3.735816459593749306e-01,7.957399870333429215e-01
8.927514625635267764e-01,6.877874640085578362e-01,5.889705581517538091e-01,3.706903503454016535e-01,3.882017161388653936e-01,6.407806082329138286e-01,3.679602539532909611e-01,4.223475819061236480e-01,4.335262293318890570e-01,1.120867491317752984e-01,1.998833565270909107e-01,3.615815321559316398e-01,1.836416942916923034e-01,3.463546648126372696e-02,1.972096354457801570e-01,5.948198637383487197e-01,9.783472839921930619e-02,2.482651827063543926e-01
8.010526467035162801e-01,6.535306295217463424e-01,4.308410408472094777e-01,4.913821732321729807e-01,5.775631275020306488e-01,1.760646075848765202e-01,2.369217390582943339e-01,3.898044068673296447e-01,2.797226716224285314e-01,3.403435460153446668e-01,1.541439701854177280e-01,7.316552661192418094e-01,7.391634341427718580e-01,3.681755465898803314e-02,3.368537751393790303e-01,3.679637612768261179e-01,6.024427178348464862e-01,2.343820448578351825e-02
9.133979564843940357e-01,1.433955772912624549e-01,3.668243191526409652e-01,7.387298984623911213e-01,1.223812216167975003e-01,3.935372104592545495e-01,3.933627696295506904e-01,5.990428853555098548e-02,3.954341604156219603e-01,2.752730394155886717e-01,6.084271666928733335e-01,5.045167447123295561e-03,1.758058458822923109e-01,2.284013977176229671e-01,6.169780653880664323e-01,2.862965978990900662e-01,2.740474066135633602e-01,1.872258410707235143e-01
9.613099729210721200e-01,3.498110507831810878e-01,3.322946989608214219e-01,4.054947605582566172e-01,7.214135195070187079e-01,3.278441467211332672e-01,2.676757019041615671e-01,5.378245215775041554e-01,3.585028070858615745e-01,2.497957593316591507e-01,2.239765435623512491e-01,7.210366668348696662e-01,4.581610731160443151e-01,2.473356149911088986e-01,5.472122568759351102e-01,3.183711930147863356e-01,7.464029279864686783e-01,2.984443240204589509e-01
8.349512570909001230e-01,3.843390489782151365e-01,3.133103635773578644e-01,2.341057289259612095e-01,4.989658267243411993e-01,3.397833514486102158e-01,4.335370236564228263e-01,4.357164403617922455e-01,1.537147658762188229e-01,5.454294408190497601e-01,1.957040045963634733e-01,1.582191632736847375e-01,3.702963800623325641e-01,2.923425583587766288e-02,2.558678745726010173e-01,2.860335596831037885e-01,3.539922110096524466e-02,5.087601411222196779e-01
8.447424830263797757e-01,1.893582177198878114e-01,1.448095300309984179e-01,2.635589352136764041e-01,3.660150910492624976e-01,5.592075793976802878e-01,3.411533786710603255e-01,1.712605276428389930e-02,2.977857698154522392e-01,3.997931112464945258e-01,1.422789322075351248e-01,2.666689965004669354e-03,5.242743303080770190e-01,1.729024281362263882e-01,3.891462663045280879e-01,8.116078545794561672e-01,3.260248710150147611e-01,5.251375220811271838e-01
8.666943534771091029e-01,7.723467201576794672e-01,3.134366326380157164e-02,4.031814468473093327e-01,2.129010738766766702e-03,2.993953027642159287e-02,4.911452998209677179e-01,7.568038013035458533e-01,1.072406768014545937e-02,5.068054893989146770e-01,2.604291792326867694e-01,3.630308425239862635e-01,4.695013495404182780e-01,3.423315574638066965e-04,2.755680008814815896e-01,3.547400498544197034e-01,4.276670030877882667e-01,1.537040290461626768e-01
9.024994979658316208e-01,1.217648808508411118e-01,1.182675152698843407e-01,2.125872787297027611e-01,5.406130988374268087e-01,1.937674228357432749e-01,2.500610621955219881e-01,4.742293235379049232e-01,1.764149602710626263e-01,4.802157247871362000e-01,3.203426622523933842e-01,3.553522904546224104e-01,2.800840944402739341e-01,7.416069370860354226e-01,2.510784720761657374e-01,3.443189372208577126e-01,4.525371250899569153e-01,6.016309217614330684e-01
9.097954511032835256e-01,3.871743398336454645e-01,5.443505195836202404e-01,2.444543269233039606e-01,3.555471858544610037e-02,1.059691810165805798e-01,1.470569130410102725e-02,3.679134799437236425e-01,1.344322977611808190e-01,3.480261111575564947e-01,6.694862852900859695e-02,3.207360527947420437e-01,5.211599521095069409e-01,1.746850241459696751e-01,4.462232726892483847e-01,2.862765452065604288e-01,4.935788758964277934e-01,3.326389214809737371e-01
9.659660565227187190e-01,2.676913752121460877e-01,5.139573287721588279e-01,2.393811410544083029e-01,5.144613635515737915e-01,4.244098248343429747e-01,1.960465485053339008e-01,5.449872891600602287e-01,2.675722751701524738e-01,1.823503121525154869e-01,2.405220365356604828e-01,4.162069705896186966e-01,1.904753931958156066e-01,6.362798576062524969e-01,1.132664414612552517e-01,4.999526145028903579e-01,1.046898684636906607e-01,8.389234090453718817e-01
9.528945047004113711e-01,1.982721255043524422e-01,5.223190738598086913e-01,1.600556116773826365e-01,6.999132963522447515e-01,1.773388711992126276e-01,2.985145829015938279e-01,5.903121163936715377e-01,1.154951260238761684e-01,2.698362922048114232e-01,4.496606045027524146e-01,8.192941123079350296e-02,8.078032036713027608e-01,4.226060800982193166e-01,3.936300171904872358e-01,8.902778113630714640e-02,5.095116817958370570e-01,4.500141827931959382e-01
9.407287967483726199e-01,4.118018951401056227e-01,2.536126708650148220e-01,5.821375878934821335e-01,2.150608695080760135e-01,3.050080426333856565e-01,3.140189787353722672e-01,1.443710646151697141e-01,4.273335893878996150e-02,4.500340810204513931e-01,4.798190932655101992e-01,7.503238089942504407e-02,5.297714074297168452e-01,1.259876932592498833e-01,5.758841153968843329e-01,2.002124841663585342e-01,3.915249542218550705e-01,1.063229914411960575e-01
9.354569217855459584e-01,6.000133263575853082e-01,4.839390361244819139e-01,3.029318204126372205e-01,2.260439910081677994e-01,4.972886152731775811e-01,2.382745972070139384e-01,6.678088590445523109e-02,6.455188446377167766e-02,1.132194385571698020e-01,1.572835431823609853e-01,6.795713599241398617e-01,1.186987318202203517e-01,6.701734264101938399e-01,7.625513229996360165e-01,8.857983167688443515e-01,8.092934882677297326e-01,8.571732041419545256e-01
8.809949413950415309e-01,1.023752147175857746e-01,1.091368486953423755e-01,4.677319785539862940e-01,5.631316077736105152e-02,5.324345646797455922e-01,1.149090385252635738e-01,4.909991450367442445e-01,1.876011252693495224e-01,5.563560818545866260e-01,7.689496378767715634e-02,4.373911036853637135e-01,4.707183153440174794e-01,9.462386707228120919e-02,2.411840946108253225e-01,5.339645089166681347e-01,4.639987112075796838e-01,5.122161394264963530e-01
7.401610693124207607e-01,2.826297572642239020e-01,4.050619982133497610e-01,5.477016680677868621e-01,6.248447901319030828e-01,6.620170702791955408e-02,4.391761656142912917e-01,4.919801005173512487e-01,2.880535841001089503e-01,3.285015430076371201e-01,1.582173153734552917e-01,1.977207369072362109e-01,5.394743716756957713e-02,3.006007529254389743e-01,6.489830306892031553e-01,3.132049343684880083e-01,1.195299540523183379e-01,7.570896027411013751e-01
8.721644096488581077e-01,3.098293729503141525e-01,5.175745035937061589e-01,2.298067546361519387e-01,1.767668643957488739e-01,2.269055091687562919e-01,1.742650855584477673e-02,4.339550905784248513e-01,3.497914092484968318e-01,1.218262256009072508e-01,5.739517097879999197e-01,1.564278947386376628e-01,4.335523191058164860e-01,2.597703127351705943e-01,5.804233764648382143e-01,1.581814826928392703e-01,5.837055189491384688e-01,7.625188379606607780e-01
9.280929787881503357e-01,2.654960013734639079e-01,3.564927540719546872e-01,6.422394392228211388e-03,5.693394829445986849e-01,3.240691536839406250e-01,5.100986757051800824e-01,2.118664244469394553e-01,3.592269142336473875e-02,2.976295080530880766e-01,1.603760760270156738e-01,5.721418933569757254e-02,2.915710437199448349e-02,3.497159637161290080e-01,1.436620918611009601e-01,5.455634876323635085e-01,2.123988658884781167e-01,3.556531400464783554e-01
8.868099819090133895e-01,3.878241697712118130e-01,7.495250314986107686e-03,3.808082125537765594e-01,9.146724686000411164e-02,3.755485956079812060e-01,3.926285729426148285e-01,5.298624115859632555e-01,7.147124553076401876e-02,4.023909934839889901e-01,4.388653118085325544e-01,2.102932097235044387e-02,2.932493708625285023e-01,3.669272613121706827e-01,8.384445806585291705e-02,1.469763390671806891e-01,8.187508975039390346e-01,4.740339977689957407e-01
8.367127721857396949e-01,6.822272655755163839e-01,8.034792975955946659e-01,1.256642083521406026e-03,4.082437343422263831e-01,6.852505053911505106e-01,5.967760852048533682e-01,1.100838458052166291e-01,2.443349780862568432e-01,6.472746152105234296e-01,3.849964488219105307e-01,8.901358138954515442e-02,2.643816723995345841e-01,3.747764334495761740e-01,1.579123982201296739e-01,4.232574925647131781e-01,4.712222028919916816e-01,7.046710519896013381e-01
8.586245598977554350e-01,4.691384341870194485e-01,5.285739513735536743e-01,2.560643062548062510e-01,7.436677278276537795e-02,5.027695140934365092e-01,4.270626836814485627e-01,5.281200416109689266e-01,5.319310389559579050e-02,8.140807508372635559e-02,4.705412815860414155e-01,2.610187766154076772e-01,6.450011113161595311e-02,1.351191927947013316e-01,3.036181336724529389e-01,1.185901234555898076e-01,1.816618638661363083e-01,3.220874008880117989e-01
8.125494290626948946e-01,6.450966171719018094e-01,5.067436808962502148e-01,4.506436701154600821e-02,3.129308678913354513e-01,3.176140455479721514e-02,9.882943443789922455e-02,5.921798840093338984e-02,2.057582106407706765e-02,1.265359233059235589e-01,3.557701105248714524e-01,4.206479209615020531e-01,5.536556749584609430e-03,2.196045688936019979e-02,6.550554998708620902e-01,9.416189747958191025e-02,8.365920122852505969e-01,8.819903962125718033e-01
8.455404240136238370e-01,1.588070485803524667e-01,3.630403734962116546e-01,2.088492599615021095e-01,2.601037039496514325e-01,1.307465595697560601e-01,6.826245169807354518e-01,5.300677011312902864e-02,1.676887485426753754e-01,6.308379290230319014e-02,5.638873004504754011e-02,7.781701160365162018e-02,5.096378041365579037e-01,3.872384223752124710e-02,2.374151826096300710e-01,5.225068628474471844e-01,1.534801658593985541e-01,3.101982124281518205e-01
8.404002377611989871e-01,6.044989149477103529e-01,2.372683980030255435e-01,4.786415170014096110e-01,4.900138103205749496e-01,1.009762012469713061e-01,3.440273053668588821e-01,1.882252888207800734e-01,7.565815180378353266e-02,3.327484219789358377e-01,1.601887551316724667e-01,4.534011078841675979e-01,4.049364259381086906e-01,8.394579634774125554e-02,7.970428256165186173e-03,1.828733439730101940e-01,6.324503320513151783e-01,8.515508076880954347e-01
9.723961248653949507e-01,6.974649154732169842e-01,7.147284889357489179e-01,5.508283772861986005e-01,3.890975418459793889e-02,1.766362917223655155e-02,9.164115765520002010e-02,3.866652863309154031e-01,3.401982279111837593e-01,6.187829981445931438e-01,2.947727953800334810e-01,2.214672047112666575e-01,1.015301389858823920e-02,1.528848660007220972e-01,3.397893617512640074e-01,2.709632129861646033e-01,2.148490502158927062e-01,7.352754120279737515e-01
9.186321476614454085e-01,1.072357703250308297e-01,5.218317003041247348e-01,4.027611113836605528e-01,7.304190352132583497e-01,1.828305463782641249e-01,6.002469163228213445e-01,8.947013485376689723e-02,5.629694051409694228e-02,5.681198868810000135e-01,3.798706441267629685e-01,3.216796571101084856e-01,2.577473017315264348e-01,9.705866312775481008e-02,5.404005716170288964e-02,7.364476396504684996e-02,5.408715791917773075e-01,6.164382286698709690e-01
8.373571715516233693e-01,1.911817691926767093e-01,2.504187811694019161e-01,3.159252580515654052e-01,2.039522426296205837e-01,5.635761617209136820e-02,7.185622148810047460e-02,6.025754448776518557e-02,6.158543029008105574e-01,1.889679420557432155e-01,3.521546948096608842e-01,4.147016693099295770e-01,1.991764555107617407e-01,3.006876435109632206e-01,6.701901845320126228e-01,4.652420950523873944e-01,5.940161406859048032e-01,6.898122973068875341e-01
9.113596843699590666e-01,3.695954559169728482e-01,6.387682380466019882e-01,3.205127716579729280e-01,5.864384332689855928e-01,1.234572238606176514e-01,1.050254931464329883e-01,3.489785799705922287e-01,2.436321877981366402e-01,4.269166926470842616e-01,3.609319430199612877e-01,1.063703571050617774e-02,1.560721231562177957e-01,2.312413947080378118e-01,6.521932378255121954e-01,1.687370539628219035e-01,7.385524942868779696e-01,1.828514771697040478e-02
8.819722111609773485e-01,4.777713518623312727e-01,3.544625818036484244e-01,4.928902336045117710e-02,2.475931318249884605e-01,1.221117667664699674e-01,3.114865153718364699e-01,3.202001415772911530e-01,5.524433477913738288e-01,2.801824829176017273e-01,2.476835561369526428e-01,3.786004006885498319e-01,1.470169879090679477e-01,5.208167964149745116e-02,4.071303758768708980e-01,3.683775348014145523e-01,2.726985151901549220e-01,3.804355287083073245e-01
9.646555671999087478e-01,3.542854501133277378e-01,1.664387588623673364e-01,4.562869354544311640e-01,4.402130198626582613e-01,4.611990107356028212e-01,3.598648819331722731e-02,1.859702955783801570e-01,3.165924063825334978e-01,1.288705637319777480e-03,3.635349309909416959e-01,5.996032409467160207e-01,8.548036712909670709e-02,7.716612460994424216e-01,6.564602547802359522e-01,2.446664061279550939e-01,6.250446136653680096e-01,2.982067505581930122e-01
8.906263041282367343e-01,5.969640433722376294e-01,7.291741013155734752e-01,3.341306652209403150e-01,2.733071449246103346e-01,1.578681870820226596e-01,3.770135240015629607e-01,4.040979351806473496e-01,9.582433473118517897e-02,5.104297246549523992e-01,4.234332580945918828e-02,5.313568775948311895e-01,4.305378047556470550e-02,5.904708409788431700e-01,1.985261407357164221e-01,4.468948693871356848e-01,2.444799677940071025e-01,6.117985755510402940e-02
8.807439984206576478e-01,1.041286809484786025e-01,2.093639324301033444e-01,3.567603484383087276e-01,8.472144583179076760e-02,6.606041165976428431e-02,8.980368816584708563e-03,1.351940318314162059e-01,3.188727945762585558e-01,4.545429613203900154e-01,8.643608908269512225e-02,6.036278104703855785e-02,4.912706201655309135e-01,2.944526941654411756e-01,2.593680069397362106e-03,1.315148483463406404e-01,9.316554638342010586e-01,6.383174956372503761e-01
9.125575958422481593e-01,6.055421738299072709e-01,1.988847786787316108e-01,6.629086500815358773e-01,5.766046798649150373e-01,4.335300145678683964e-02,2.497855450031079283e-01,5.225272721271262411e-01,2.271989937316599706e-01,7.083484375864675456e-03,4.073992044414773694e-01,4.136224596724945995e-02,6.841376329311936455e-02,1.019893521026523087e-01,3.802947106660571619e-02,2.376377280948399617e-02,2.741966135117513415e-01,1.303621024023152719e-01
8.413769833212242366e-01,3.830198915924545311e-01,4.077732477624669283e-01,2.179726236497522562e-01,6.135452595445994861e-01,4.342582685210200077e-02,5.397163264373946445e-01,2.777043315194964723e-01,2.016579987408549102e-01,1.415161882588816256e-01,8.878706972568707612e-02,1.166423574189361101e-01,4.770000111792888076e-02,2.006658299641453647e-01,1.264664037426734833e-01,1.539676635880503908e-01,1.206873827105374788e-02,5.334960078393647942e-01
8.778561213423136111e-01,2.704057268468143538e-01,3.014151942512084403e-01,4.366880478183075009e-01,1.113486086485232923e-01,1.160018835345456023e-01,5.543434813951190199e-01,3.703612356083752638e-02,1.170515402439321340e-01,5.972762204273995845e-01,3.190997519160896356e-01,2.949025889280831522e-02,8.843851007260013219e-02,4.695317358300255539e-01,5.799400034583467312e-01,5.344419916535896320e-01,6.199387644013470977e-01,6.077595313082655437e-01
8.514172683924114970e-01,7.432480783270171976e-02,4.171492077247259539e-02,2.480627196285748598e-02,5.058903263478560230e-01,2.585808561226952129e-01,5.306304239121039101e-01,2.888665063675356550e-03,1.431365326930997793e-02,1.704746447675735133e-01,1.555641578318031626e-01,2.718246709345693846e-02,7.777749141552814383e-01,4.610830749343905466e-01,2.810362951319423375e-01,2.034673758180357422e-02,5.517959093285216277e-01,4.765202505425779056e-01
8.980211708207183063e-01,3.737921097988952668e-01,8.317745486790454335e-01,2.305202130938411864e-01,4.432956700363160363e-01,2.542315939743987063e-01,3.702273299457151112e-02,5.514909127322751292e-01,1.012608678043862981e-01,3.179978292138589402e-01,5.294284499891219742e-01,5.331312829215242299e-01,2.096069601672675142e-01,3.152283353139803679e-01,4.724318277181449588e-01,7.201756039000213605e-02,4.120191174856168703e-01,8.138390040631208189e-01
8.669875955990010707e-01,7.699573030634536686e-01,1.690196357192968735e-01,2.116005005679177930e-01,2.024315105774714477e-02,1.795687795994370395e-01,1.154450559864576009e-01,5.360115760290177223e-01,1.389038807401207221e-01,4.120064810366075303e-01,2.386041506417340696e-01,2.410075255733885868e-01,4.877569064918955699e-01,3.736086391802734830e-01,4.509343182964576924e-01,6.220615687056457732e-01,3.993163539987451549e-01,7.784221419547037168e-01
9.081363940359955533e-01,4.598438580078871851e-01,3.577764997126818836e-01,7.247885475127502364e-02,2.043140666781304848e-01,6.371441271561208985e-01,6.202968868484310949e-01,1.602169391871012261e-01,5.334766777878522381e-01,3.230702070973089091e-02,2.420101561613057783e-01,1.809438118569741127e-01,2.530421711928964590e-01,3.974726384962993797e-01,4.386722895697049429e-01,6.156846517695797605e-01,3.015786471540086722e-01,6.751064246821703030e-01
9.096195208014042910e-01,5.164398478353432465e-01,8.549821906857638654e-01,4.976545477290543751e-01,5.067217658468892855e-02,2.224940969328997598e-01,2.430193749851803364e-01,4.489064144482222685e-01,1.722392370976697784e-01,5.583522655156040182e-01,3.055161337654052622e-01,1.213812191081360264e-01,2.377377834985612282e-01,1.268996284960475784e-01,1.048829718514843190e-01,8.117171611645267182e-02,6.046928380211195053e-01,6.063209497825278183e-01
9.588549997415600767e-01,6.820396615141355312e-01,6.104802359949094148e-01,3.210569316960585895e-01,1.943247369345122433e-01,2.968805768318943591e-02,2.725542799116024706e-01,6.528880383231867590e-01,7.608188507194627581e-01,2.398950312343117452e-01,3.698871219684090050e-01,1.731156809120359130e-01,3.342612315364169862e-02,4.374023964783083640e-01,2.074216411818332328e-01,2.628570372195220828e-01,2.609675109644383085e-03,6.539692819806203206e-02
9.457131685579415192e-01,7.749041650215152677e-01,5.477283920655898752e-01,1.254951068515675339e-01,5.288497281418951257e-01,2.155652521950380540e-01,1.150444405952409377e-01,5.491958777291351679e-02,3.691867330736572361e-01,5.848791624974002817e-02,1.347019257071930265e-01,1.898908534884835922e-02,6.247152645495406276e-01,1.092403172651295329e-01,5.193450104741255124e-01,2.351396045589890932e-02,7.585759074521514211e-01,7.679163818593138791e-01
8.671202498244497958e-01,3.865674836983353235e-01,7.069871269186188689e-01,5.768240710594512155e-01,1.849997289453719218e-01,3.338289358703713239e-01,4.804228792789554392e-01,1.129217726515135412e-01,2.469188726110642940e-01,1.746682946127066927e-01,3.598322658236796645e-02,4.742604518352486198e-01,5.848795872371768123e-01,3.146263591231809320e-01,6.344043387921733945e-01,5.924755705584512366e-01,4.583487405339486953e-01,7.160300856234330658e-01
9.337786944395121136e-01,4.968361401981090664e-01,2.044742913913668789e-02,3.500552529613102370e-01,1.494016038967714566e-01,5.205734639206848202e-01,1.776172570311248256e-01,2.503669772209318189e-01,2.343295556993875428e-01,7.002338872640249956e-02,1.629087567897401223e-01,3.972128209583577485e-01,7.904845221739037475e-02,4.680286797786095687e-02,3.305445833366266184e-01,4.641473108572723993e-01,1.954684385316523831e-01,3.867973276708527308e-01
9.149598192969616850e-01,9.511840224479956030e-02,4.460515054387047540e-01,5.318531990841969259e-01,4.466053650851574131e-01,8.207571604709128221e-02,2.397921437291796257e-02,7.982590797910499303e-02,8.126870034892703931e-02,2.834664796774234441e-01,1.266103014544575911e-01,3.161549164096042475e-01,3.802324037931314460e-01,1.540083274630977550e-01,2.383149301366190298e-01,6.207778200664105794e-01,1.883308075240233692e-01,6.730326064416426446e-01
9.242172664629507706e-01,5.656163833729868085e-01,3.787049707082332795e-01,1.102403600807458084e-01,4.683997332605298602e-01,2.036619572903725917e-01,1.059003037910495604e-02,4.355904830669289907e-01,2.445114701645479116e-01,9.165514846915252811e-02,4.626182418466963098e-01,2.179277252200773340e-01,3.266980375130795755e-01,4.318242247108060594e-01,6.805463199781681682e-01,3.986143109533731299e-01,7.000904767488012881e-02,7.547510516052804430e-01
9.738482525050701222e-01,1.603107570759438119e-02,5.207003378933360294e-01,1.121789514140315303e-01,1.300257936848041862e-01,3.306731120668491286e-01,9.074996142427116386e-02,2.994519392741442514e-04,1.867603620023618460e-01,1.662181573923919853e-01,3.256546213360628772e-01,5.734000616828347496e-01,4.019378773541329442e-01,4.725933557291721598e-01,1.568221675286641803e-01,4.845766185669934112e-01,1.305202810497561039e-01,6.260892422770562848e-02
8.965835381981172025e-01,3.285967461749241258e-01,1.740105061256841112e-01,4.514927960345884728e-01,3.863481422776500751e-01,5.601940919533338059e-01,6.058985013187315749e-01,1.001206815433332287e-01,2.602889455003892794e-01,7.195928840132245763e-02,4.380712546737079438e-01,6.360012925038999176e-02,2.224701080304921641e-01,4.088351682288597910e-01,4.630936811049718993e-01,1.662213134773017909e-01,5.042442323976127350e-01,2.807976765511139838e-01
9.302073784031437143e-01,2.876839285926857670e-01,5.587680855014338643e-01,1.170097148729053321e-01,3.328297650039848676e-01,3.787139841943477220e-02,6.941804165810076810e-02,2.298180841026363497e-01,2.695928760186350748e-01,4.735131946331896241e-02,2.236992582259118012e-01,3.099703225469994106e-01,4.406088361490581584e-01,3.845211998776815743e-01,1.050018614184247551e-01,1.965568926154784291e-02,3.860092537507402444e-01,8.592667958385997728e-01
7.605085740218394674e-01,3.449194789868887390e-01,4.727826909435517977e-01,4.705207243523166355e-02,6.597828808264749427e-03,4.653571933992662474e-02,4.099288345879564810e-01,5.951768819433117530e-01,5.794571752962905942e-01,3.700523216244192559e-01,5.384815673688618798e-01,5.998625026083673761e-01,3.716541777401177749e-01,4.322929756389364275e-01,4.614117898275179042e-01,2.554096022203053984e-01,1.935457920684751087e-01,6.350202248257189597e-01
9.780245710918999968e-01,5.458269852085674279e-01,4.071257010487744354e-01,1.726109016032181115e-02,1.155533959973601976e-01,1.719826174123444407e-01,4.804390789988611798e-01,9.113865416856516133e-02,1.926958107879621351e-01,2.287784028600606256e-01,3.975212993457320487e-01,2.833977761440578322e-02,7.142024865572866275e-03,7.526441405924984285e-02,7.073262123345970542e-02,1.979922213737494441e-01,5.158652868778237366e-01,6.876979833724103930e-01
9.390120016941891912e-01,3.341654466281006597e-01,5.751585853801599590e-01,3.500035470425323370e-01,2.216275532129249048e-01,7.547845821999366045e-01,2.924926482653096849e-01,3.318223508265398247e-01,1.395511936792458441e-01,6.022734062961706547e-01,1.846728667248784539e-01,2.477648792375647113e-01,6.030102151099877572e-01,2.426426763242010148e-02,2.319342590864362508e-01,3.940553262404003498e-01,7.147501763333321545e-01,7.739701772824580245e-03
9.600286030731318698e-01,1.665462996053428124e-02,2.692901084316791718e-02,5.008436085952796546e-01,2.793856589319498318e-01,4.863292185819124702e-01,2.130651897291555019e-02,4.210508958434220905e-01,4.612838515404082962e-01,2.340856041844105728e-01,3.727123519926079931e-01,1.542228861953840457e-01,1.284469707617726664e-01,4.067684442777522724e-01,9.936422434215340382e-02,1.202121058022428413e-01,6.324621298106274103e-02,5.313858802743423038e-01
9.152661657591616429e-01,4.645415282170176074e-01,4.462615397943834328e-01,4.178712510390967388e-02,2.543666529883756855e-01,2.801051478251330717e-01,4.250990182655270400e-01,1.466975501610917219e-03,2.552885194464661334e-01,1.499554681396478850e-01,2.547651722537568331e-01,9.514497286273330967e-02,7.226404397602746721e-02,2.630637174615453322e-01,5.886506026888419507e-01,3.275278855740775819e-01,6.593860708176113583e-01,7.835768938414670037e-01
9.238850361062763694e-01,2.562097037934067956e-01,1.964690800971073126e-01,3.939086960714440755e-01,2.456452733199311900e-01,4.004688421858170200e-01,3.982552310727134337e-01,2.138051684462329294e-01,1.893065058188575234e-01,5.071975768928842915e-02,2.910398881354346878e-01,3.265795593300859778e-01,4.836536517235119348e-01,1.434020418406523611e-01,2.359740431882998146e-01,3.993576706158331602e-01,5.238008236224577230e-01,7.923687394971127285e-01
8.838365230221040258e-01,4.908138225937102445e-02,7.896092572150555933e-01,1.634837504170939815e-01,2.139760198632541244e-01,2.098784177508278836e-01,4.202841164392446399e-02,1.406510237082397585e-01,4.264524991566708279e-01,1.999993035178149192e-01,3.406191030385877783e-01,1.414500025132020278e-01,2.976314755083837582e-01,3.793308046533394040e-01,3.753265188567009303e-01,4.550791711228724390e-01,2.554806679088800214e-01,1.520886319184156510e-01
9.155903630192249176e-01,5.696428729639056998e-01,6.008187700548939247e-01,2.022684147721129644e-01,1.677456928161405181e-01,1.551030324057201260e-01,3.104224608886991810e-01,4.664215772100017976e-02,3.265507306664455212e-01,4.340646508647343083e-02,4.752921959315225577e-03,2.351388848257220388e-01,1.414779218487067225e-01,8.497716993742510105e-02,6.369141275001056757e-01,1.372770207855750491e-01,2.846531483175118726e-02,7.139215689822123734e-01
9.549739859560331112e-01,6.055187572777414040e-01,1.156328351187215220e-01,5.743606140774994984e-01,4.273961365383381894e-01,3.414024194201662477e-01,3.963479714258640318e-01,1.342327105331792003e-01,4.389914144351456105e-01,2.346036450723659461e-01,2.068175358285168630e-01,1.029944338842154056e-01,2.835909312191372544e-01,1.826017418722208907e-02,3.195818353217133589e-01,3.884565912896490447e-01,3.908427753708185737e-01,2.887853737119345718e-02
8.108365233479296608e-01,6.930009059815357420e-01,5.037475161669557888e-01,6.374699763599599445e-01,6.466722772900890259e-01,6.746172699519711324e-01,4.414789453406486874e-01,2.208183988741046488e-01,4.208017086231568005e-01,1.326486677258910396e-01,5.101405582488275497e-02,6.316383577867553667e-01,5.635592125423039694e-02,2.153782755421370376e-01,2.686636356468603132e-02,6.986065454089736282e-02,4.620543147307834553e-01,4.685333974525483502e-01
9.210624829638308642e-01,1.233196533928016120e-01,1.480243543051330823e-01,2.462900577118728729e-01,1.599541109769737068e-01,6.686538790853063796e-01,2.059815550791483652e-01,3.071156441278969917e-01,1.861324094121711570e-01,3.732837578212383489e-02,8.905976024022603521e-02,3.751160308963285561e-01,5.628258590086526736e-01,4.117698899598278284e-01,5.059841203645871754e-01,5.778140594978542488e-01,1.103227418343680211e-01,1.500317793622608642e-01
8.254903362032576242e-01,2.920648926550298841e-01,3.148996108065802435e-01,5.393966482931956685e-01,4.339483139899379949e-01,1.742969652272019498e-01,5.760250160396870323e-01,3.313682774358882588e-01,6.763586855023154820e-01,3.464760006797314995e-01,4.972110033648736716e-01,5.337832196315639433e-01,1.910347700343379973e-01,7.217388341587317457e-01,6.654411314961721224e-01,6.691935398023953763e-01,7.829014579196440504e-01,6.086307339604813960e-01
9.419535937789337288e-01,7.817996496956802766e-01,5.008311817386477127e-01,7.382198127117163278e-01,4.708311357142336284e-02,4.305585279684499000e-01,1.866575550593990440e-01,2.070332895714752097e-01,3.379478382884352206e-01,6.680166873574090447e-01,4.553600354223554803e-01,2.240075018163419918e-01,1.425072170097001767e-01,2.645784807897341162e-01,4.150232176021209085e-01,1.911647401035583560e-01,8.635769613747582563e-01,7.814474113654920062e-01
7.623841368018133835e-01,4.507090268175836800e-01,4.055897246013619450e-01,1.465663599564646369e-01,1.166621085674482833e-01,5.810674461373389610e-01,6.087134036903564527e-02,5.848255253435948875e-01,3.536313053023354414e-01,3.794082397912774685e-01,4.468154597140040485e-01,6.001858901948594616e-01,4.075961563927653075e-01,6.471925826607823895e-01,1.746694143783364128e-01,1.772884998858021977e-01,5.826405332191419983e-01,6.915467820095004825e-01
8.765915378201829533e-01,3.864589441223679755e-01,2.769284096886587276e-01,5.476956262638863482e-01,3.313436918006721355e-01,9.112486926477443572e-02,2.183498509423164452e-02,2.539698565638145999e-01,7.512093686418288563e-01,6.556070836187167794e-01,2.433537372599559878e-01,3.186102940543105722e-01,3.100704181140711557e-01,2.517394705732590166e-01,3.952666149513814342e-01,1.961987412189318269e-01,6.101145743351386042e-01,3.437843096681433841e-01
9.345640751241127697e-01,2.041686994353624496e-01,1.528569463824776820e-01,3.114640425628799614e-01,2.092834607930990076e-01,8.060835840125404883e-02,3.610897866930523059e-01,3.872836017020563903e-01,9.693847766474664174e-02,2.742528598163590514e-01,3.829358769680633601e-01,3.481599516946833894e-01,4.561364320678926720e-01,1.023222843413015698e-01,8.601919342672531554e-02,9.548073318261299236e-02,1.617798232141313686e-01,6.689490560560344967e-01
9.343502062938793262e-01,1.820020358347791134e-01,1.012611210533164025e-01,2.801875022236196555e-01,1.793495955886393045e-01,4.291730466545258527e-02,7.331978337164655191e-01,4.384012739264441794e-01,1.967699145252685411e-01,4.495893117213821122e-01,5.568308138538263091e-02,1.333302282945714456e-01,5.844643597885176289e-01,1.592322594500035216e-01,4.635299538491269855e-01,2.305880260761719869e-01,2.945183148131923917e-03,5.971987698569697356e-01
9.670850995037659770e-01,3.536214426321379056e-01,3.792650508869934711e-01,6.503477826355319458e-02,2.517405195691821418e-01,2.876388322518508844e-01,8.895152847322070067e-02,4.762538401997316179e-02,3.470002224351778630e-01,1.524200435135437404e-01,4.920726153923017654e-02,2.829147612343040075e-02,2.517805431470976352e-01,1.821956520702210647e-01,2.313187271737417172e-02,6.149037048167512731e-01,4.827688412501222048e-01,2.984686007633207683e-01
9.128387388653356194e-01,4.539444029291598293e-01,6.564781146823328584e-01,9.847194242326126612e-02,3.156903862768065117e-01,2.976068520252000416e-01,1.813027754667787816e-01,4.716126047942037491e-02,1.233028878252389882e-01,5.673523616075977216e-01,4.049016619390626848e-01,5.578935239250260025e-01,2.545450243099781629e-01,1.042523513528581525e-01,1.678350057956426444e-02,4.401577435299234287e-01,6.775147828673433459e-01,6.090390623638176626e-01
9.191874920571935226e-01,4.152216258222809347e-02,2.153885059249544820e-01,1.229973010705134179e-02,3.686280842577249750e-01,3.950520428678012119e-01,3.878412822831174833e-01,1.120634600579481915e-01,4.381705503714039551e-01,1.136907583614626405e-01,7.338182555321861589e-01,4.741215650720532748e-01,1.007479451873602994e-01,3.786860586355737107e-02,5.894393127826144108e-01,3.858572626449932041e-01,3.118612067234586283e-01,6.598716063398990528e-01
9.591325210807146728e-01,3.361848391943823566e-01,3.864428845911117016e-01,3.864979562861798890e-01,2.621217516683864157e-01,1.342334305029157029e-02,4.373740559811599704e-01,2.574029498847531516e-01,3.037961891963841810e-01,6.324902958609027182e-02,3.616778659771248128e-01,3.990756303894943402e-01,7.327132541605280158e-02,3.567020867536364603e-01,2.656767735481960213e-01,2.252540906886569272e-01,7.507627700190395714e-01,8.658208015131422242e-01
8.457957210038170581e-01,5.302873391189836250e-01,1.147201520089037446e-01,1.145283801190531692e-01,4.297939318848140178e-01,2.489549954679635135e-01,7.870677132895281813e-01,5.785544353015250607e-01,5.574589205897164668e-01,1.757840061927814501e-01,2.693219242519092615e-01,8.839243966366285010e-02,2.591222863990806924e-01,3.099588380895636486e-01,2.455466565579477733e-01,5.168115981435265072e-01,5.311944091626844555e-01,6.583797687392257680e-01
9.194685257592740690e-01,4.462654993857204100e-02,5.710910613952916437e-01,4.953413558461149946e-01,1.498423148516546920e-02,1.471159511897130734e-01,3.309922729792856844e-01,1.156589318730087967e-01,8.848797952736393857e-02,1.507861551307157211e-01,9.424495529581378150e-02,7.810234779519618920e-02,3.362270280664275135e-01,4.029874450050138224e-01,9.047572523822113022e-02,5.263450852508948230e-02,3.752559446667614873e-01,6.389302592186881791e-01
8.180198126899734801e-01,1.009234672831906127e-01,4.924382195565764619e-01,2.038279787306551405e-01,3.877492564319803825e-01,2.260856026216713222e-01,6.539401226075466367e-01,5.445268649818484352e-01,3.578980327682690921e-01,2.076251804550916236e-01,2.149638654834798990e-01,7.200405709720129055e-01,2.857087055104719497e-01,1.198854320749263985e-01,2.614935354602739292e-01,7.731532857339498688e-02,5.902478567353334205e-01,6.980754122908221504e-01
9.744057903360423545e-01,6.435065652627568467e-01,6.912121611803097032e-01,2.151773344418134726e-01,2.983178268960441359e-01,4.626543815175157004e-01,1.457291114987913638e-01,2.217323727411409529e-03,1.579063068099882672e-01,1.860758028842157685e-02,3.397862401540949900e-02,2.981842903192127511e-02,3.702594777412592797e-01,1.554180065295527463e-02,9.174220299559528169e-02,6.405045472185182387e-01,8.431466602837454083e-01,9.054456765811906838e-01
9.399694606141060227e-01,1.664140322659549143e-01,5.523845091060884949e-01,1.380949883205096207e-01,2.951863366536338074e-01,5.701619285134236215e-01,1.375409496050632174e-01,4.727429472998228022e-01,3.316709166714494894e-01,5.660828192462354913e-01,2.620881257814570708e-01,3.030263029648590511e-01,5.690163271562929115e-01,7.052968200327363046e-01,3.828855962861669737e-01,1.950746796924438253e-01,5.364563985199445328e-01,7.188669890703384135e-01
9.496998790538945245e-01,8.795889862805544857e-02,1.832039361489624374e-01,1.074063502008484362e-03,3.245320589590763305e-01,1.107049800583989191e-01,4.676983883535232311e-01,7.158099964832508322e-01,1.881894743653650948e-01,2.664060046549488470e-01,1.878081914274661313e-01,2.136469358748514097e-02,3.512574312451203218e-01,1.765855823921710227e-02,5.892543882865097782e-01,8.615649927149570120e-01,1.420919954689070785e-01,3.992464462624436550e-01
8.582173111770583507e-01,8.082588801147094770e-01,1.372953748636449034e-01,5.249904763882917019e-02,2.538077014415576205e-01,1.428498873343129194e-01,5.957992322407476005e-01,5.737719190124958013e-01,2.211303577277421994e-01,5.184750289858591765e-01,3.027755431599924996e-01,4.370682091625294891e-02,2.524482698540761461e-01,5.417791069713219221e-01,4.263134766100304396e-01,5.254713494004875640e-01,3.980861269220880572e-01,7.539586210993958204e-01
9.391853089771875496e-01,4.092306775477439484e-01,1.378022881950553558e-01,8.474538445719656532e-02,1.999162730016768863e-01,6.692004461004092963e-01,1.201429547370231644e-02,2.969140439865300962e-01,4.064545036399418443e-01,2.103552885152479290e-02,6.946462102318192583e-03,1.299186210197814106e-01,1.262055134652839521e-02,1.067267336944833500e-01,7.032035003337763213e-01,1.366826162936187472e-01,2.610068960185057407e-01,1.743734344900306210e-01
8.794796837171541259e-01,1.092083780296131956e-01,1.998516999066436706e-01,8.786909047255962724e-02,3.712445567836651639e-02,4.584840609953985124e-01,6.500476379424506845e-01,6.497238034660905992e-01,7.997703414078872752e-01,1.746125656832190898e-01,5.321682513173272566e-01,6.678211570432585065e-02,8.750393307514733876e-02,2.051547418927749389e-01,1.878634359912189356e-01,4.222762236082036602e-01,5.430876620387149467e-01,5.914552961347691040e-01
9.138829028077699590e-01,1.458321346038561617e-01,5.294308685226091216e-01,4.824126025589137723e-01,1.156691907250879808e-01,3.736590662937823160e-01,4.519322860153769938e-01,3.881412839912684598e-02,1.120911822418918236e-01,1.612909424462337371e-01,8.899924557502092437e-02,3.895134200193029472e-01,5.163772927320425810e-02,6.067281519197263995e-01,3.285812421391250959e-01,2.653078550828674720e-01,5.130714877022991560e-01,8.300992918428067024e-02
9.333478576940710258e-01,3.469322351739748123e-01,3.463434018775954915e-01,3.040556019669023446e-01,4.855540987483239479e-01,2.707733101005439513e-01,2.439055949308999438e-01,1.838893850722939649e-01,6.631422540787908215e-02,6.842084073863552440e-01,7.196894135046173480e-01,2.721942233713762760e-01,1.781356928072222456e-01,1.755575742504030812e-01,9.156597712697016334e-02,6.064749155276284026e-02,1.797638437552298574e-01,2.970914847720236285e-01
8.830776243051873253e-01,3.326014124453553489e-01,1.897572160486769299e-01,2.496973795726054324e-01,3.813151728595282619e-01,1.483783925209689325e-01,4.468925481343501427e-01,4.822026694121007151e-01,7.831009021620298754e-04,4.768512561155073270e-01,2.106063314242507534e-01,5.590162508473150993e-01,2.939481033746607075e-01,2.721579749213881919e-02,2.681838672485243880e-01,9.855744705193009159e-02,6.881316960583544473e-01,5.769731057942611985e-01
8.840232017720808244e-01,5.948944446018343823e-01,7.784410565612927269e-02,6.458934769961713895e-01,4.139934297884143577e-01,2.245160304115539907e-01,3.918808540638814009e-01,1.902020803159532314e-01,1.111416426789890305e-01,2.283571874028333948e-01,2.065484559254109342e-01,2.582680044395681551e-01,6.157649741675429444e-01,1.441043572673617046e-02,2.640320717464653133e-01,1.613272903453309148e-01,6.361122099475357006e-01,1.227908075936826049e-01
9.283735068152012548e-01,1.855688618021960473e-02,1.085553119677063055e-01,2.039902865468993243e-01,4.805253903384336112e-01,3.410470595206775424e-01,3.983046905006897842e-01,2.909295521248634886e-01,1.326868757369308316e-01,1.102832273393585805e-01,3.960541458333064480e-01,4.408575840811976843e-01,4.333162861200695604e-01,3.218352138213228519e-01,1.357280811166947099e-01,3.371817078460458417e-01,6.406403946429105600e-01,1.486208665391270667e-01
9.247245422193197673e-01,1.875365675220619088e-01,1.715848329567812303e-01,7.270920990351703583e-02,3.712069259753267847e-01,4.681967949395552941e-01,3.035264090702699535e-01,6.318905069102356831e-02,6.267218723851196438e-02,9.531046064973250354e-02,5.822948356544739579e-02,1.113048832433482099e-01,1.911175255650421900e-01,3.165618697952616856e-01,1.172699287461833745e-01,2.818281000498674138e-01,6.034745895632550594e-01,7.930106026117458295e-01
8.573997224657089467e-01,5.283866120028067881e-01,2.091028250579038406e-01,1.667131627362622992e-01,4.156118702360132589e-01,9.112407232437874649e-02,4.202387371650795900e-01,4.415356902920465343e-01,3.869732002783252134e-01,1.046984451295703833e-01,1.636484637466631975e-01,6.998549329531636443e-02,9.814720769416072910e-02,4.376129106288501047e-01,4.567157035431161360e-01,4.137480272345389620e-02,7.874716869231948579e-02,8.685690292901424581e-01
9.370529091379966591e-01,5.347338738263522906e-01,6.445613718019600480e-01,1.555813798568814466e-01,1.155131873818384669e-01,1.209776328850298462e-02,1.869535396091137058e-01,4.507629369240219730e-01,1.571443280904464834e-01,3.674880951558588682e-02,6.766135966101385346e-01,5.157407908716907796e-01,5.565683503949216127e-02,1.664021599801991380e-01,3.334888880541928002e-01,2.987075752922953020e-01,3.172034123567968877e-01,3.205018794055090881e-02
9.414337088556689048e-01,7.165995027919221938e-01,6.423570044373116961e-01,1.238044973205292137e-01,2.548306924077348712e-01,1.960284449432143916e-02,3.760324401300426701e-03,2.147043030678510156e-01,2.170464481626884212e-01,4.146584516574510632e-02,3.245716650703208694e-01,7.727466732372436642e-01,1.881602109170064929e-02,2.232702172380152394e-01,6.262697423426848431e-01,6.610191049094717164e-02,6.604991999934125557e-01,6.900351746275050768e-01
9.658847396083238834e-01,5.033983538639039690e-01,1.156938193642333829e-02,4.938510419112246419e-01,2.596999168642604161e-01,4.761063870644671181e-01,5.411305394070556885e-01,2.447994291814037937e-01,4.288507096733200630e-01,4.060582592081276032e-01,4.012136915757385514e-01,1.905802939954414355e-01,9.868456461088430387e-02,1.004952922095187356e-01,4.024571008954062057e-01,4.591771732337920353e-01,4.690096185941203255e-01,2.976404618415128822e-01
9.406735447941191319e-01,5.155689212560202739e-01,6.231861780747930402e-01,8.200779385634839047e-02,1.473702908051628679e-01,3.871961710984470062e-01,2.054668420903789094e-01,4.174130802961758461e-04,3.218867948669410506e-01,3.614167495564314381e-01,2.027654270343323961e-01,3.637533627542523240e-02,1.421227972954532126e-01,6.323774675750351015e-01,4.969737183480601311e-02,4.779504695999180902e-02,8.842774424841305381e-01,7.549053575573031472e-01
8.742787059582226572e-01,2.768036555354568828e-01,3.572536501778514340e-01,1.738616171165695279e-01,4.441967144057583639e-01,4.577350284188989593e-01,1.311686574833729746e-01,1.176882139294804612e-02,3.443975653289962913e-01,4.716505497458992058e-01,3.043633571286137318e-01,1.721926298485211004e-01,1.337361516060265043e-01,2.605973913002869805e-02,2.753847976824060351e-01,4.922716484773839163e-01,5.643422806238084233e-01,7.431504233226838840e-01
8.020350372523479265e-01,2.946499551748160695e-01,1.201406921449673926e-01,2.384936515075737340e-01,1.460300366917229899e-02,2.987801644365729037e-01,1.658133371837322845e-01,8.333707439609242332e-03,2.355691537619037934e-01,2.573395227834758270e-01,1.709822080177029746e-01,3.814445798990153680e-01,4.608719138048557665e-03,3.300471833922308806e-01,3.514844626854262688e-01,5.676986507476136090e-01,1.634793669607206568e-01,1.601226582872682103e-01
8.406950406112176921e-01,3.525740328695609604e-01,2.805772590534533206e-01,9.496696527629865797e-03,6.021472120733190048e-01,3.055940279306678664e-01,1.003383323629414431e-01,1.501633930934594408e-01,4.453953117910448012e-01,6.080329714411026459e-02,2.124243062241729096e-01,2.021793690921929593e-02,1.454171415245424648e-01,2.656822103213880015e-01,2.772812354800694434e-01,4.936469336598128810e-01,4.794672809528578439e-01,9.035243984916470072e-01
8.536208631645906264e-01,8.799633617318458612e-02,3.135270519863763150e-01,1.599648302605281291e-01,3.276924498123489071e-01,2.970183670869901427e-01,2.548715177521490571e-01,4.666166427786125337e-02,1.992489162167609684e-01,2.032040224342863133e-01,7.786137808243596137e-01,4.054632585819079593e-01,5.866894853830701972e-01,8.617767263078396356e-02,3.616208113211021868e-01,3.687040983869481758e-01,5.747241604653887670e-01,1.056796138368699678e-01
8.092259783751020175e-01,2.992793622669860376e-01,6.086573004892449346e-01,1.382486789705791030e-01,2.843241797159743456e-01,2.144455977144386905e-01,7.767982771146188237e-02,3.887743532975566629e-01,1.584690279791200196e-01,4.333931353728150970e-01,1.160951340897748846e-01,3.138673866334472096e-01,3.449387234234224109e-01,4.942213215894090128e-01,8.071086905565047487e-02,5.092435447523299130e-01,4.353259666763816815e-01,6.434748932641747299e-01
8.846501968179714126e-01,5.809907706906008995e-01,4.415589607789677795e-01,5.916135385495877030e-02,4.969998911667301011e-01,4.704406210432315327e-01,2.115958892515553136e-01,8.039878655516514705e-01,2.516215086375503396e-01,2.277836712674737862e-01,9.202646642699994009e-03,3.162859991756991063e-01,2.609000675993121687e-01,2.192943249654241977e-01,7.104421815366780413e-01,6.070400457374627301e-01,8.992897138144471114e-01,6.745893627750990662e-01
8.629211446986867484e-01,2.849824515697341742e-01,9.821795172171274291e-02,5.335937665907713318e-02,2.463870636672367553e-01,2.735286485492099962e-01,1.956472331977366641e-01,1.247370145108306766e-01,1.484274399937851319e-01,2.695334755973072607e-02,5.282202676914904416e-01,4.928202326506967434e-01,1.316622875283810466e-02,5.433872480229651886e-02,2.212976020797961518e-01,2.997521880358262614e-01,3.230314881643839287e-01,3.035584406472448538e-01
9.369058755098634839e-01,3.234162931556692211e-01,8.908856435711137722e-02,1.341455166102701879e-01,4.067942705723063823e-01,6.426595248299400709e-02,8.952629422005173310e-02,4.514520732919886647e-01,4.083874929585936120e-01,2.339209288945973964e-01,3.158049445399055410e-01,3.545293933721632151e-01,1.490438765394258847e-01,3.942226102326227277e-01,3.310583159984951118e-01,5.280093541670035640e-01,4.164959457253263053e-02,5.183363168260433085e-01
9.340256671972214653e-01,5.500473514454804480e-01,1.373084189494243046e-01,3.329799818058306049e-01,2.422232348078799946e-01,1.323835516850519756e-01,3.187771390359939866e-02,3.843973625779258385e-01,3.324439845728053844e-01,3.623283885831201090e-01,1.247152087757770478e-01,3.113163617647000947e-02,4.409508873449305977e-01,3.544943669747910309e-01,2.007458904618735218e-01,1.777892691832173855e-01,6.835029883863008582e-02,6.285878936246334925e-02
8.277486729664316201e-01,6.833306981688970216e-01,6.651766868273368931e-03,6.837387490765347575e-01,1.648673257251985214e-01,2.326893703028443672e-01,7.302671116849861199e-02,2.414439642837768185e-01,1.031773744795966702e-01,3.794693438084610349e-01,4.535315979519340956e-01,5.890097556158963021e-02,2.083627394522621079e-01,1.663479403114579425e-01,4.382856659111068476e-01,5.383039074206243946e-01,5.265231263440985909e-01,2.349952874910309630e-01
9.722549799497200995e-01,5.383281168053163368e-01,4.367306099231227368e-01,2.673304316561285754e-01,4.082068246845061976e-01,4.949019320372384789e-01,1.267514528849550681e-01,3.779772884305347691e-02,4.782324897033054523e-01,4.790430291425130105e-01,5.352700146186626373e-01,7.620728790536732689e-01,1.227512906297100435e-02,2.682081904716109300e-01,6.017834547050159022e-02,5.991695550853800567e-01,6.817904259341622808e-01,4.608498529825403867e-01
9.510996505110436150e-01,8.630918657985253706e-02,5.207226428173584304e-02,3.919662362560976110e-01,2.759629534760745240e-01,6.727121448403985404e-01,1.031492440469682775e-01,1.579144078709843468e-01,1.824037305189532276e-01,2.861709349022127924e-01,3.047579072568840641e-01,5.052126298388008863e-01,4.548565546278082738e-01,6.582573691672648497e-01,1.237665348354141381e-01,4.813621428325993712e-01,1.010723210530542343e-01,3.468534737042676674e-01
8.876000878979504183e-01,1.558334565402347549e-01,1.645484693548034949e-01,2.037362506813060470e-01,1.399688566927312361e-01,1.257119331108050575e-01,3.020047964332392421e-01,3.419734713426326178e-01,7.847286491526150876e-01,9.355264808505082963e-02,4.491182441709244411e-01,8.692300923774379240e-02,7.070705451303709310e-01,6.072045622497393991e-01,3.128174454476176924e-01,5.980479084443258708e-01,1.770156510394933769e-01,3.934779922898173216e-02
9.327807826349447939e-01,5.468784875446021203e-04,8.869869542871641754e-02,9.802657797683611562e-02,4.205781871133392746e-01,1.909369012571898727e-01,4.350611489257231179e-01,7.279234213703179857e-02,3.869112955694677947e-01,1.320418790949624277e-01,5.462848871834832809e-02,6.011592524625901657e-01,3.245342312772978022e-02,7.599499881467730589e-02,2.632883399482144893e-01,4.036787280843088244e-01,8.740773117747785426e-01,7.630204696354948579e-01
7.802478429703340046e-01,9.910918922029679501e-02,4.973248484327853075e-02,2.777288523977897716e-01,1.930088763269813268e-01,1.220355974796008131e-01,2.875256884157375570e-01,4.457963275790702284e-01,1.035230286782464620e-01,5.866520777280642002e-02,1.824749145109323123e-01,2.491112109825727172e-01,2.229905900308873368e-01,1.164947478633262118e-01,4.310078268751050268e-01,3.697935699969763790e-01,5.442509050353216971e-01,8.411801837015744354e-01
9.507711597112626922e-01,2.848481237780775555e-01,1.519212210074406266e-01,6.124610256345479516e-03,2.621493607951738691e-01,3.447231812679123486e-01,3.397351623093324835e-01,3.450834305116015632e-01,3.894150777937041563e-02,5.087022845679892713e-01,3.135143650978223229e-01,4.901746753230829673e-02,2.954568340708510835e-02,1.459039293241168878e-01,2.831807927149101456e-01,1.132729912353077767e-01,2.791766273320399616e-01,7.948410500722600039e-03
8.625395672512312650e-01,3.280665685647274343e-02,1.151329785072372630e-01,6.289831428959100079e-02,1.306861047370731777e-01,8.477625591473418598e-02,3.051694899654171511e-01,1.133001696095067290e-01,3.946623065142762510e-01,4.766993098030208320e-01,5.308828232699837335e-02,4.541494006256193150e-01,2.512483344076208748e-03,3.279516465317766638e-02,5.551735049696099149e-03,8.260764878159821967e-01,8.417923821178401322e-01,7.623350658941763225e-01
8.936174682010233905e-01,5.177653471380145866e-01,7.732791352506523941e-01,3.807513107253330809e-01,4.896917157575765844e-01,7.836021171357365755e-02,2.849083356210194706e-01,3.313176421916095293e-01,2.053869328548457163e-01,7.246333736118116819e-01,8.695686805615393186e-03,4.244055832768625636e-01,1.799647034023266479e-01,5.404183109693277975e-01,4.287146094940991747e-01,4.207164389806231641e-01,4.371803228235078831e-01,7.697950516486512518e-01
9.628094716124246943e-01,1.252655084664311413e-01,3.808874740643655166e-01,3.268542010545707477e-01,4.027878154276727796e-01,1.537017551356666401e-01,2.424972810100849419e-01,4.923442944183835657e-01,7.176314796471192081e-02,1.842186553747126310e-01,5.957773850384875253e-02,1.313471900071610798e-01,3.384052687619761302e-01,2.130070788869054821e-01,5.878271092280603627e-01,4.960601899989218189e-01,2.156559814116576490e-01,7.892829038136214281e-01
8.579654641088985123e-01,1.986916394534056218e-01,6.783669863616130780e-01,2.832293815869589837e-01,5.745748638482610637e-01,6.101008704712335140e-01,3.039375091242147442e-01,3.712886673453327235e-01,3.014309523616226505e-01,1.948736345670673276e-01,5.690397653168175474e-01,3.841084378574109032e-02,3.661491696941697183e-01,2.462252939651211059e-01,7.832650402247197663e-01,5.566567031028359924e-01,7.709883012425331472e-01,8.046599591023567699e-01
8.850010389876784567e-01,7.154541345325612367e-01,7.235969947911879974e-01,9.091636134930008301e-03,7.404156873582686815e-01,9.896956581437700573e-02,1.958244141207382549e-01,3.946906951713082257e-01,1.430667324157002540e-01,1.197346097844522242e-02,5.863098008303630621e-02,6.187969163647435433e-01,5.273285135399098655e-02,1.961423467808153798e-01,1.257731324645639803e-01,1.748014758715267514e-01,3.334217190630773264e-01,1.744390628450463721e-01
9.567842374234694081e-01,1.347471240177504359e-01,1.095314067157022592e-01,5.758745762047478012e-01,5.644270309551510101e-01,2.295485025473836815e-01,7.492384648963720251e-01,1.320594450696187250e-01,9.308913784926001189e-02,1.526548738576167519e-01,3.788322647943558746e-02,2.075210179032520585e-01,1.380949019563130487e-01,4.912943684294892588e-01,5.427325774154677651e-01,8.695370674461214699e-01,4.560431020503989685e-02,9.453299040009238707e-02
7.700200330048698749e-01,8.271592967039297084e-02,4.915538306465916385e-01,9.219933587715899159e-02,1.503665860703218837e-01,4.010473373908831629e-01,4.393742626694142617e-01,1.214485261945902478e-01,3.677039575309111186e-01,7.023415812141316217e-02,3.247730211522616151e-02,2.707282362020726474e-01,7.384219020817989199e-01,1.502015279089128630e-01,6.612150616845173523e-02,3.220169283020967166e-01,2.778896160366325918e-01,7.903701141810317576e-01
9.489418354521956811e-01,5.009955393327478745e-01,5.911574123147883553e-01,2.612915246447103032e-02,2.232731159334854637e-02,4.108168773660396123e-01,2.945409209712846477e-01,3.084595309938633068e-01,3.589462362020423014e-01,1.881083146216321611e-01,1.413753330268630870e-01,2.387811548113936977e-01,3.487550061473755902e-01,5.786803113341731919e-02,1.116650044624523108e-01,6.858485745121730703e-01,7.811870013105846056e-01,3.446722546070871696e-01
8.456374932829303637e-01,7.192519675630187903e-01,1.585309044987014415e-01,6.400618006551033190e-01,2.359698684042676742e-01,1.808903756795738338e-01,1.251442037135249430e-01,1.221811008695924267e-01,3.832869812251218367e-01,4.712207363693407536e-01,3.212440760796851924e-01,3.590088421461617441e-01,1.871613684236690389e-01,5.485885590665168232e-01,7.373983838870357133e-01,2.197552555375303363e-01,1.850337913684407115e-02,7.813028495277077878e-01
9.605108199365318677e-01,3.871768515399467980e-01,8.138694977904887828e-01,1.395139804050297416e-01,2.000656095210462393e-01,4.021499082571880490e-01,5.813348645392083514e-01,9.170779271794547716e-02,3.472488984825793379e-01,2.144114812120538338e-01,1.970619554049649058e-02,3.794066361375411645e-02,5.340013017838518561e-01,1.662394825116238553e-02,1.649420261997674442e-01,3.629922772415528076e-01,7.600891813409800246e-01,8.358156295633428767e-01
8.811978043144780282e-01,3.482226111678559666e-01,3.192051989725421257e-01,6.357435455591005091e-01,6.469962711088125817e-02,6.468407340392084981e-02,9.288329495161205818e-02,8.059993595055238436e-02,4.016786271169737743e-01,4.052042850707513466e-01,3.398167406236971555e-01,3.293912830608402009e-01,9.041418689284372867e-01,2.648367317618906952e-02,5.780112249874139740e-01,6.183068045431299176e-01,5.574325151112894394e-01,8.999559598816572192e-01
9.242346881470048237e-01,1.663772382865840171e-01,8.152136685450310505e-02,2.007779968087941291e-01,1.988899720278700378e-01,3.035066412767296606e-01,1.094961491092141803e-01,4.992710107319993651e-01,3.210211221295633521e-01,2.270055193899242207e-01,3.042487451811785037e-01,8.578183091047257916e-03,5.309661540139677394e-01,4.750160686915062547e-01,5.714705261753674770e-02,5.006426148658934538e-01,6.773284074290655821e-02,5.730149800787019965e-01
9.267142599020262717e-01,8.838953026468565621e-01,3.316757660578823486e-01,2.661740794505865759e-01,5.937920467344871556e-01,2.036952646780453846e-01,3.308988707572620425e-01,2.981040841716461332e-01,2.069419915817307665e-01,1.885024895267343181e-01,3.008917649688654383e-01,4.928377447950446633e-01,6.804457891039769613e-02,1.201686357578283793e-01,1.779557097559101783e-02,4.365574173402308467e-01,7.315129886484877941e-01,1.111416274638758889e-01
8.239493792722478727e-01,3.690353351848835173e-01,4.188136064994104069e-01,1.609272403746793423e-01,2.722920169597747853e-01,4.536213731013065131e-01,2.489588814934272087e-01,3.949580371260853484e-01,8.615915210729213625e-02,2.210814840958048033e-01,1.161897187805597531e-01,3.957359655781610419e-01,6.839782436989685910e-02,1.644116867439588126e-01,8.652581099998997438e-02,3.731453652206772470e-02,1.348158357569196608e-01,7.292461954179689787e-01
8.755236970303484911e-01,2.537475671627723028e-01,8.543599184476485808e-02,8.645502759113213309e-02,5.088611817731267806e-01,3.711865595980951560e-01,2.495709027361001087e-01,4.659334755942454165e-01,2.588771940938703886e-01,5.069401830793981434e-01,4.706590802170459442e-01,2.333682007685360105e-01,3.271457761968323275e-01,8.443863745543127297e-02,3.859529729834770828e-01,2.509069420951018457e-03,4.642118908685051726e-01,9.418199294159002033e-01
9.200342778310888203e-01,5.219484372528359062e-01,4.142381612798466672e-02,3.104917243700168750e-01,5.504710561926307033e-01,3.330098540200272517e-01,9.714022409866715502e-02,4.547028118950715569e-01,3.080865575594247674e-01,4.877699420912936512e-01,7.050246922764371593e-01,6.751484875016655618e-02,8.445032026868773412e-02,1.697221011876675900e-01,5.528200788140905653e-01,2.358205643394770956e-01,6.995629625830306342e-01,5.846497102856187400e-01
9.452842422285456792e-01,9.771799203147230051e-02,3.535352171190948856e-02,3.910526017088671868e-01,1.172624248178608525e-01,2.064652565173843157e-01,2.410525688114803777e-01,1.363751521702303571e-01,7.270014197127967481e-01,9.860889183290073856e-02,4.071656813245423667e-02,5.425817022541258583e-02,7.572989904535085311e-03,2.995486244806557785e-01,1.764074733377839765e-01,1.602437299076558963e-01,1.517649743349354374e-01,2.665111785268427513e-01
9.534467838867393130e-01,4.249950819882865050e-01,3.816281953755125134e-01,6.451968938915711993e-01,8.507683878926310117e-02,3.072733602712603984e-01,3.167195002878100962e-01,1.673744233416567806e-01,1.697641082023268119e-02,2.026869411206830562e-01,4.900401826304166542e-01,1.798540004072250037e-02,5.084233093595910691e-02,6.118964549989764912e-01,3.657152793847446848e-01,1.298198197633873840e-01,9.760790517351716766e-02,7.110515447591453375e-01
9.146593425570056501e-01,5.275491416936575195e-01,1.071712278992365819e-01,6.296913506982133590e-01,4.014092253108683672e-01,3.995170895350234203e-02,3.263271296894105777e-01,2.538197563455434902e-01,2.588664564205698237e-01,2.715346845829177402e-01,1.421291199026731011e-01,2.397195816232671473e-01,1.646461193735491157e-01,1.284900498738815108e-02,1.401917895632974198e-01,4.473949786001586437e-01,7.003318836579892626e-01,4.405910388934975441e-01
8.586466954778293470e-01,7.330589255585330255e-01,8.055052840520213753e-01,1.593519321224045882e-01,6.021543488161611446e-01,4.438226874839593106e-01,2.838139781265328065e-01,1.803971579326553443e-01,1.922784507010084076e-01,7.440945208249492016e-01,7.868553896688781912e-02,9.064377101813815563e-02,6.429000563628555973e-03,1.090902443771812474e-01,9.147326934039660962e-02,2.265261203967767478e-01,3.339549422379239907e-01,5.155911397210009017e-01
9.101693218632981308e-01,6.219735385935403205e-01,2.806850119570691304e-01,9.066074419474465240e-02,5.200287552789603085e-01,3.709882210889856036e-01,3.816579959570575165e-01,2.052730497700025469e-01,1.357814051727122273e-01,5.323548937695411487e-01,4.178820804400238953e-01,3.815804595804500599e-01,4.945782423596805644e-01,9.002101343017682167e-02,3.833928614969001614e-01,5.781163985913637671e-01,8.761122487272560155e-01,7.383960354055473241e-01
8.102503139105458052e-01,6.714596834739562370e-01,2.224024896961409870e-01,4.513908336457045367e-01,3.465411325440675427e-01,1.890942552395224741e-01,2.215393769208330865e-01,1.007496326725598190e-01,4.907246403701058801e-01,3.161965751068581132e-01,3.257777153097760059e-01,2.892725854537122818e-02,1.515629378490838675e-01,2.521918945983707694e-01,3.455014369405428609e-01,2.814021563540359816e-01,3.150115985877170455e-01,6.661619961633071796e-01
7.624035696530826467e-01,5.484790253797933168e-01,6.319030971049707235e-01,3.011530195557235445e-01,3.778155620482457899e-01,5.230649917500046486e-01,6.876262886306849786e-02,1.289782313960541604e-01,3.968584910417291001e-01,3.006614845210880960e-01,4.834121404583082149e-01,6.950367284257097725e-03,2.289058045715843537e-01,3.748864621688933751e-01,5.940781654215123581e-02,3.955589584667117409e-01,2.585118689589623875e-01,4.974455774747193332e-02
9.344557824426414916e-01,2.551043139347888844e-01,3.205575517800067220e-01,5.097418643975097918e-01,2.948091955912549023e-01,2.173552189265121060e-01,3.292304507311314965e-01,2.676685174013785362e-01,2.820105388459385742e-01,2.886617676252046724e-02,2.982866926119943640e-01,2.030613090629675987e-01,1.414169942280217585e-01,2.926215876576215291e-01,6.021207010154598915e-01,3.594414667955855847e-01,5.112056583891576578e-01,3.771335057196411045e-01
8.983195496979660133e-01,7.019710358660238847e-02,4.844507095650643080e-01,2.520908534055312233e-01,1.634725442279088004e-01,3.220016057797603914e-01,2.957887549180642228e-01,2.501810583170983593e-01,1.028452139192903292e-01,7.658078832992966101e-01,4.981843693747309287e-01,4.812103596875875744e-01,2.291255292209329886e-01,6.677525312784760025e-01,5.199717259999750985e-01,2.893690736506930247e-02,1.212205770857556764e-01,2.955307628059784530e-01
7.606356722305848139e-01,4.999256909441013863e-01,2.075813567222482489e-02,3.734630803458071080e-01,3.929064652648758815e-01,2.930680122549684796e-01,1.419205898063078675e-01,3.247574973324073300e-01,3.195847659663723639e-01,2.227120883427482767e-01,3.446094830475598253e-02,4.347915392290085945e-01,3.295364519212896637e-01,1.411600844242842934e-01,3.600308425876120322e-01,3.084242298527204440e-01,6.169625270410795670e-01,5.024361448496609261e-01
8.680712679578934665e-01,5.668478398071584434e-02,7.173431101112596187e-01,2.660133629152686141e-01,2.733714241027525305e-02,7.210305784304202881e-01,4.135128219967071916e-01,1.811901678207852168e-02,2.303939429694314145e-01,9.587242045399879675e-02,5.507886682217020269e-01,3.002038300427288808e-01,3.793555383277600473e-02,3.124771842864764726e-01,1.812852338045663897e-02,1.096054122910477269e-01,4.218822751966574414e-01,4.902815080223198868e-02
8.937877788218955288e-01,1.580926691803221928e-01,3.204590382195326992e-01,3.414832166203340957e-01,3.628187485006513224e-01,6.728637841652589102e-02,2.183910686950635005e-01,4.105113454850787269e-01,5.200242354258022281e-01,1.101233597868750969e-01,2.055327114246371933e-02,1.191830741158518281e-01,2.562322483534887341e-01,3.813576494642397785e-01,1.445826468535147402e-01,1.639215882176516537e-01,2.847965608031503004e-01,5.427910040774623912e-01
9.012712517909248211e-01,2.019595325363848504e-01,6.333122421101476940e-01,7.912547663245908525e-02,5.069187613012898080e-02,1.304688185699498237e-01,6.605953086737604840e-01,5.840116140044054882e-01,7.900597224947696062e-02,2.111142384416024587e-01,3.245522707248604255e-01,2.495406174550242606e-01,5.114227675533423723e-01,7.419407687874342017e-01,2.747653818876532594e-01,2.296778488873446877e-01,1.370663947951658579e-01,8.357091790455120073e-01
9.475399214734394615e-01,5.223286974877828781e-01,3.486993454353907729e-01,1.840186734721275807e-01,3.762925464512171803e-01,1.548667403661459219e-01,2.783974294130617810e-01,7.185548709606263129e-01,1.712245153314630730e-01,1.124098383660439571e-01,4.096227383015574319e-02,1.597577629746322891e-01,1.118308544714640140e-01,7.881048909897845345e-01,2.000541161502648324e-01,6.279005915824068529e-01,6.669095078188950199e-01,1.337458713636360264e-01
9.607443668771522560e-01,9.391046101770773868e-02,5.843270021319370289e-02,1.181935749525952865e-02,4.551944073315368766e-01,2.878547481701744792e-01,1.235576191789658079e-01,4.372646541255649222e-01,2.561379543066282793e-01,2.305662207096969007e-01,4.416459652930531665e-01,3.398207241180695171e-01,5.119584706014950193e-01,3.434056948481927218e-01,8.059142425857079850e-01,9.085154646491431230e-01,2.124467617281711185e-01,1.426608135583332104e-01
9.829432612290150972e-01,5.292549413020426474e-01,7.914034266155356434e-01,1.280599930543636911e-01,4.185630157438315901e-01,1.212580587686131750e-01,2.154472779194761822e-02,4.673966283742966854e-01,2.272614753682833111e-01,1.774221130994911300e-01,2.497021657388899529e-01,1.789416042317482081e-02,1.750783011838830949e-01,2.577088461989971990e-01,2.240594806874994516e-01,1.380671574292181292e-01,1.440693511804698717e-03,8.432287138206912003e-01
8.707887848022305421e-01,3.485537981576705135e-01,9.738823052418582593e-02,5.912179514908789679e-01,3.219164548216903454e-01,2.538826952849800866e-01,1.945774591220574834e-01,5.231091944530363164e-02,1.162117653240408999e-01,4.009371932690882767e-01,2.986056743787105505e-01,2.295333416651985092e-01,6.881836278370255799e-01,3.388733887762699348e-01,9.165433064697033894e-01,4.832583759555635905e-01,5.939511643315656952e-01,5.639655191990267102e-01
9.082290793725044109e-01,1.074267090368226513e-01,1.945836220486820700e-01,4.739770632830508923e-01,1.225431111039356966e-02,2.238055327075327838e-01,7.546628133659089022e-02,1.693663479627967317e-01,6.035474485956464630e-01,2.966000399207696092e-01,5.225940961291588582e-01,6.619366293949882074e-01,7.753532267808230238e-02,2.118192248247641740e-01,4.273452197233597594e-01,2.964077677986838855e-01,4.477532323844518047e-01,4.247812645025275669e-01
9.447176069659349862e-01,1.954292551353679908e-01,4.310664421536041235e-01,3.906398880107145866e-01,4.363217369028398740e-01,4.044763517787907520e-02,1.949839236891186267e-01,2.656360061747792822e-01,3.500037793095094885e-01,1.890636901668687683e-02,4.226035166255381198e-02,3.166824143068616704e-01,2.248712172194845538e-01,4.580176951418150622e-01,2.445681706774508260e-02,6.479779649385056794e-01,8.741327469645796544e-01,1.484181378708558929e-01
8.304382961805967245e-01,2.646933037765705765e-01,3.830101007608443520e-01,3.887908858113925947e-01,3.155648189300265249e-01,2.101346833212829057e-01,4.815425707911769049e-01,6.434599264272743424e-01,1.198375505819827824e-01,3.007131113103496400e-02,4.264577501613021071e-01,4.946279890889284658e-01,7.130728412386683202e-02,5.184527115515313866e-01,1.208890791774429596e-01,5.955876364475211869e-03,1.526958929867364145e-02,1.378830984550127314e-01
9.506308498444887567e-01,4.396844488647663057e-02,2.924252998199907139e-01,4.377222567381642837e-01,8.508068237782009935e-02,4.982567461887755789e-01,2.733616523252444530e-01,3.559030998975122873e-01,5.072412858046757567e-01,4.620665228030768623e-01,3.020881819858221573e-01,4.005281334965021256e-01,2.345549359224673447e-01,5.026324291128309030e-01,3.603653237107035667e-01,3.781527732830673449e-01,6.639460828344422305e-01,8.723850075367143297e-01
9.189363540117777562e-01,4.676154864484903251e-01,5.212283608395662515e-01,1.913911628967596423e-01,1.628345749906082163e-01,2.369077483999571243e-01,1.743293077606399288e-01,7.027240349868929536e-01,2.337391505562359528e-01,9.872816569437151135e-02,3.510667216127331125e-01,3.666147643746238693e-01,1.360584084814560613e-01,4.389477522706254908e-01,8.421626180637740988e-02,2.803811562940193292e-01,1.429428661663276479e-01,6.875392168356095346e-02
9.455269423919370197e-01,5.681807082864023251e-01,1.366206638655795280e-01,7.043991195946288641e-01,4.653425973242895086e-01,5.569857450081262540e-01,1.011720568058520481e-01,2.130347405427732710e-01,2.176055185698096139e-01,1.068326374686372066e-01,1.602733379085256871e-02,4.228626654340612023e-01,2.859199554756738926e-01,4.752824914611579743e-01,5.076987819046047123e-01,2.813010925658533390e-01,3.860365700990848192e-01,4.057600551687522428e-01
9.176725677131279957e-01,3.187468028856981772e-01,9.378783120466149814e-02,2.869931249382097205e-01,4.535885661134005931e-01,5.506848085414302041e-01,2.558987207830345362e-02,1.623267285608560526e-02,2.618797911929954259e-01,2.989643180775909959e-01,2.537647032456775698e-01,5.063244041775631921e-01,2.992485909265719668e-01,1.143279809425366278e-01,3.060486419981836015e-01,7.619068876906966159e-02,4.781169141521666721e-01,3.158547189973978653e-01
9.166699921119269012e-01,7.564622970218350950e-01,1.681388048942905611e-01,3.293778349786122273e-02,5.277878054093584348e-01,2.167509544202201877e-01,8.713629714642398549e-02,3.395176634338818444e-01,3.684898248885482563e-01,5.900225441760611478e-01,3.514438187982249495e-01,7.459340192866416482e-03,1.874052894238919520e-01,5.116377704657172343e-01,5.214766779716752815e-02,1.029493107261088836e-01,9.456720509395585839e-02,3.172358011177604520e-01
7.869023187915223927e-01,9.942468063926354974e-03,3.564099916494458120e-01,4.822055710709716170e-02,4.088660360725437370e-01,6.532212349474470110e-03,8.502935190533239540e-02,2.278975079008851712e-01,2.920042588664727989e-01,3.566177929410618286e-01,2.279516635833612331e-02,1.262456327526854105e-01,2.604898367964276207e-01,1.363897229818822159e-02,2.715723445059270436e-01,3.327650067915317589e-01,3.590105492888751026e-01,8.895929463742351384e-01
9.407499529821023998e-01,3.253485333935470236e-01,2.174225895631997918e-01,2.145278499973327091e-01,4.507575423741499304e-02,4.416029951956016997e-01,2.294603727495555801e-01,4.372205191915393696e-01,5.439604531952490357e-02,8.048803374193937155e-02,5.660576924861609321e-02,3.638154524049906358e-01,2.627894670461562998e-01,5.989011387165179556e-01,2.643896470447611446e-01,4.870207826779243132e-01,2.479951368964322667e-01,3.558877653757368531e-01
9.274901065670807521e-01,5.753438126003552755e-01,6.868424417782993674e-02,3.009081283583527888e-01,2.220203196949772362e-01,1.291221403601103268e-01,4.134878876594437758e-01,3.319972251030914867e-01,2.935857050493998477e-01,5.774398803414859671e-02,3.495770469885913223e-01,4.140069202832398210e-01,4.607984557743906584e-01,8.670213736333251542e-02,2.357090348945643232e-01,1.191512378125637456e-01,3.665684123323027788e-02,1.373515146666569597e-01
9.397624811839787595e-01,5.414071031086921115e-01,2.178329132872098006e-01,1.856788518480336214e-01,3.836987200869889647e-01,1.308435778670181682e-01,3.112070461392063558e-01,1.487574094217064269e-01,4.014147397016311625e-01,6.891683804424921789e-01,3.145670590930728650e-01,2.329421700983352050e-01,3.914992276397691873e-01,3.660472682351172957e-01,2.137466285331448002e-01,3.920959324398171769e-02,4.811935244163229042e-01,4.960218614126938874e-01
8.733254291014282966e-01,7.664099000476859436e-01,3.055329317744805429e-01,9.782220146581963038e-03,2.983760840231470812e-01,1.375696249400572280e-01,6.638062103019783944e-01,5.394068429059058201e-02,2.246839267642550611e-02,3.563600302703430200e-01,6.632784758999993313e-01,3.949695913478085130e-01,1.564941018760349634e-01,2.925519011913144674e-01,9.961193819436577057e-02,1.920596002090686483e-01,2.883689066676664581e-02,5.089857922903702203e-01
8.723720756435807688e-01,7.101105048777123230e-01,8.024577633197772508e-01,1.145710725473112895e-01,7.289149575070860143e-01,8.372565870003371991e-02,1.964905499591978466e-01,5.426276840941709340e-02,2.119880200720604957e-01,1.995986752796243546e-01,3.113129647204289641e-01,3.024253158554907062e-01,2.684589215868292411e-02,4.316624809933696794e-01,7.838995266829225095e-01,5.547382105835867855e-02,7.874775028446365788e-01,8.838449011392282006e-01
9.383925555375749461e-01,1.156127821699982627e-01,5.139604931665154863e-01,2.304691450257278507e-01,1.338224395442494212e-02,2.057754778237192925e-02,1.102731419417968955e-01,1.370454854114909193e-01,4.143460821978631192e-02,3.871673108485691461e-01,5.699778091417680680e-03,5.125329308431145897e-02,1.281480115676462694e-01,2.406072263251807786e-01,5.283211581681237501e-01,3.629962034124317727e-01,7.999890335142123554e-02,1.842221716473955717e-01
9.285414554251698593e-01,4.329327057499789411e-01,2.208653271605355295e-01,5.194125977568586627e-01,9.905360612589290958e-02,5.417099769375006701e-01,1.127124632811739580e-01,1.052625307442244112e-01,2.268766520213916227e-01,1.774479049901069860e-01,4.219407771475724295e-02,4.607088123101384797e-02,1.686547681307463964e-02,1.923636649466657911e-01,4.988870254697764794e-01,3.336062201089630697e-01,3.783057468947871316e-01,4.418711385361628330e-01
8.951111401428345493e-01,4.141236099160460760e-01,3.734350155486707012e-01,5.615220070680023712e-01,6.762434930016824053e-01,1.756280484341584958e-01,1.123222599750851869e-01,6.652056549490745208e-02,3.041775361179016035e-01,2.450371969391497984e-01,2.058453887413479455e-01,3.942027870673598944e-01,2.895175897988156444e-01,1.630856416868171621e-01,2.293993155874340384e-01,4.793444140935272935e-01,6.975196939664279894e-02,1.296505198160900485e-01
8.717250289195410673e-01,4.857152453110447632e-01,1.468180528941845538e-02,1.093455344567379334e-01,3.334185689133231656e-01,3.862671431843338055e-01,2.008898634818009343e-01,1.259899360189613293e-01,5.261105676277198079e-02,3.985588600508060964e-01,2.506502367544466980e-01,3.332166481537054414e-01,3.336273653346410462e-01,1.822997695216531031e-02,2.687389858312963509e-01,2.952470877857906184e-01,1.352348713489805454e-01,4.198972042794069659e-01
8.660650058616731206e-01,3.784463764876270231e-01,4.551099562753215810e-01,2.653824067496715622e-01,1.890257743448045535e-01,2.931989625189149185e-01,3.284306406830337366e-01,4.564854415005747956e-01,2.392572986998329487e-01,7.779495892771211285e-02,6.001260539274249073e-01,4.407611036596436049e-01,4.080801370876773193e-01,6.829141705949925978e-02,2.460691025731676362e-01,2.389594668893945950e-01,1.855671453678704175e-01,4.443468317680667190e-01
9.357134626309068226e-01,4.289223215491109742e-01,6.461321576651406495e-01,3.546897410029612452e-01,5.134316740305583382e-01,2.693499024801161434e-01,4.758017842950128945e-02,9.404170858902109742e-02,3.936792135244594065e-02,2.961291819482543830e-01,1.324431301300123820e-01,5.055988858936710795e-01,1.487012649508335227e-01,3.770149346499260812e-01,3.082130748252939201e-01,8.828236671348259346e-02,1.264932365940229196e-02,7.140446777801252587e-01
9.128760890384883808e-01,5.122353813216211638e-01,3.070776138509834774e-01,3.460935603509697478e-02,3.832226413264013809e-01,1.426532396108898260e-01,4.706380964056939842e-01,3.676589841031331907e-01,3.711768822114935862e-01,1.215882893183108104e-01,2.025107421859019541e-02,2.099123988410242225e-01,5.040889514325584964e-01,4.241053710236058483e-01,4.739521197992152546e-01,5.775643485349032380e-01,5.408233004104491259e-01,7.791248864200780444e-01
9.386623695279097124e-01,3.918094221696554746e-01,2.069514863226346590e-01,6.274124765318260799e-01,3.154160933804183720e-01,6.147157208834427289e-01,6.631570805713025152e-01,3.233099343822997684e-01,5.577249531773028624e-01,3.670460180096313252e-01,9.244621306483127854e-02,3.904585100521763830e-02,5.846713859339967012e-01,4.660210897476427805e-01,2.401186305280315347e-01,4.602683554597876703e-01,5.334390670577944249e-01,3.097277140640475879e-01
9.744387335475807044e-01,1.978871125111986429e-01,6.626432999614761954e-02,4.904963272206426250e-01,5.309089464186308449e-01,1.789092456896566874e-01,4.780805255155519129e-01,2.258523376689751117e-01,9.054801852323227096e-02,4.444124179630520310e-01,2.713767388522405621e-01,2.605477907821357464e-01,2.591802412755724316e-01,3.169791081610288108e-01,8.074765760460812514e-01,6.285993384102552817e-01,6.240017581171487526e-01,6.403651551579147005e-01
9.537619606247922377e-01,3.000256101343985043e-02,3.979185593496600282e-01,2.027833052638610689e-01,5.235506107740994786e-01,4.592644802349781785e-01,7.754021398575594581e-02,2.326457770039660478e-01,3.124589596638547295e-01,3.783528585513530884e-01,5.472559133655383601e-01,1.491985073325823585e-01,3.765710462270390746e-01,8.709552923283962744e-02,3.108853620097121739e-01,1.718873215494549911e-02,4.481073983884554801e-01,6.173192033669510081e-01
9.238759644278076166e-01,3.073001950368093871e-01,8.918508149372281202e-02,2.704414271321618490e-01,6.616956402033179474e-01,6.933664136956063651e-02,3.994678109921729892e-01,3.586282371661290297e-02,6.072970711876682359e-02,3.388120250855261029e-01,8.965337534882986126e-02,2.708955242685048281e-01,4.691770850756916689e-01,4.165674608587838779e-01,6.462057253147042157e-01,3.214815108062163973e-01,8.947979364024186144e-02,4.300267136305555710e-02
9.465826209455926454e-01,3.326352332327632277e-01,4.350359714837102043e-01,1.434018576962126368e-01,4.503614443687468105e-01,7.791622104187866382e-01,6.947515190842092903e-01,4.505419838550379641e-01,1.921730901344158027e-01,4.221917385366301123e-01,4.553459520904314384e-01,4.846976959254447048e-01,7.058777650803470527e-01,3.303804224448653737e-01,3.041746797693616333e-01,2.790095820419555284e-01,4.856422096932124788e-01,1.880125420195364050e-01
7.601698798283706981e-01,3.194961219474550806e-01,1.151975153345365932e-01,5.244826324699153330e-01,3.349236082870993281e-01,3.198219473512248778e-01,3.780980223152602959e-01,8.697071702498529455e-02,4.807750022722175332e-01,4.356707443947550051e-01,2.795280025696610451e-02,4.829750408859063704e-01,1.888551878340472556e-01,3.695872852109663431e-01,2.181956072014737680e-01,2.124695153241970558e-01,3.723740597883716807e-01,7.808071254854749288e-01
9.211691768749895592e-01,5.606269141863253619e-02,2.565142620248341276e-01,2.022336868401690968e-01,2.177194265863018063e-02,4.323160161819939451e-01,7.866904145777328106e-01,4.724878910666883147e-01,2.020198882720828648e-01,3.592815319854190115e-01,1.514194271704873973e-01,1.596380409110778054e-01,2.102149293333121505e-01,1.763473447200404054e-01,5.062348055692695858e-01,1.924062841050590833e-01,5.426526538869737015e-01,8.084842769306201937e-01
9.187061766085509174e-01,2.025176481697149034e-01,1.341901413643583479e-02,2.051803714120660205e-01,4.285446961304763547e-01,5.016814218353640165e-01,4.749908817580454912e-01,2.767362542638460154e-01,3.310869779189421491e-01,7.352587292032261024e-01,2.104236332624826334e-03,4.909528500665092943e-01,2.068860129916573476e-01,6.365919624087111872e-01,6.662830677222554288e-01,2.071847941363821055e-01,1.389996893966541913e-01,8.071160505666408191e-01
8.158109587006819874e-01,6.754005609314847614e-02,6.340161197923799286e-01,2.263113269904641345e-01,5.514027411307304005e-02,2.450863444064248567e-02,8.411722408880550894e-01,3.549670813484925302e-01,2.573933545428030989e-01,3.919097434454685280e-01,4.290443555522570618e-01,1.929951079411292847e-01,4.167333797096853254e-01,5.432334798549425248e-01,2.958253563591164426e-01,2.858955118040324740e-03,1.320988132893363975e-01,3.236781430700969020e-01
8.772649064551285569e-01,6.937884957388697205e-02,8.925274936838738238e-02,4.439069122032858472e-02,1.019686318615627418e-01,1.257034639665337572e-01,2.027240069484891050e-01,2.480446162717661329e-01,6.700221223284477112e-01,5.712422829450204409e-01,4.565961910613001301e-02,7.407378516140383784e-02,2.145060642419661240e-02,1.081093181812944753e-01,4.974610487507025725e-01,3.869639654415621965e-01,3.594957590061777508e-01,8.608574523246379506e-01
