6.909170984993684428e-01,1.300323801410232238e-01,2.113726159790604575e-01,3.920987049585196726e-01,5.097242013702760199e-02,4.093907819396612746e-01,4.700663295627962035e-01,1.762374384666143823e-01,1.048739069692124770e-01,4.501189357441024580e-02,9.551771222882282641e-02,1.101651995105843440e-01,1.298999529031876210e-01,2.588043554807987756e-01,3.338426797290830472e-01,4.576753244711515706e-02,4.309066445587956262e-01,1.309436238859186807e-01
6.997946780221746543e-01,6.043821173776362660e-02,1.331442709093283161e-01,2.078440913582456639e-01,1.283888914709676449e-02,8.800053353099690501e-02,1.667586305606862385e-01,1.843554104951350414e-01,1.470830123721197404e-02,1.535448859544289932e-02,1.708296613512691464e-01,4.159540600816559186e-01,2.490638472767301437e-01,1.192030888126580229e-01,4.559805506071550329e-01,2.000369391642310424e-01,1.229354395379775866e-01,3.800468872911694218e-01
6.561819605768685060e-01,2.857363416249960042e-01,3.478829895068682454e-01,2.600698260988276167e-01,1.628980578939381585e-01,2.346692555770346078e-01,1.611274241133694718e-01,1.024521291757822111e-01,1.517086815181226678e-01,7.841842998958346855e-02,2.094568211356268861e-01,9.524989555394838825e-02,3.164400922764749047e-01,4.173219607067633063e-01,2.515961793582382477e-01,3.800301167263035740e-02,9.775437773357030513e-02,1.755005475504426912e-02
5.671673386929030336e-01,1.643012990945253160e-01,2.809771124283584887e-01,2.574963752674729323e-01,5.889333240908259937e-01,2.385945265176118903e-03,1.053512829156130481e-01,1.600085220947600750e-01,1.165737779113136530e-01,1.388372483470798058e-01,9.641694529099131827e-02,2.567008479518079200e-01,1.212669907217916593e-01,1.974333350359744055e-01,2.444833075915179288e-01,3.880525764169030500e-01,1.464808434397228964e-01,1.891461520486547795e-02
7.708928967168112711e-01,1.417163297932133061e-02,5.393886651282091549e-01,1.681173169436217252e-01,2.576200223551532997e-01,3.198972574155558579e-01,5.666536906689200181e-01,1.108575305411786532e-01,5.413159947138045380e-01,1.332056899334205513e-01,2.536055048366844256e-01,2.197500898376080272e-02,3.081700042305374754e-01,2.512483508288650969e-01,6.505304784453855294e-02,1.596686636867045428e-01,2.623657432720701843e-01,4.022775961211227380e-01
3.853610735985227298e-01,1.177920264809092371e-01,2.392791355634210915e-01,2.592056069112466110e-01,2.665062941359860327e-01,1.005796784204485012e-01,1.934675575098294131e-01,3.176969035542486774e-01,4.045248380372837849e-01,3.519316374439460660e-01,4.965752168799874022e-01,6.615001986470253614e-02,3.543856562291995260e-03,5.505496436617040024e-01,2.144861389281773056e-01,2.841592869086148054e-01,4.713759589342591400e-02,6.768859416080710845e-02
5.123502583714010239e-01,6.309841155386778366e-01,6.045024215562246755e-02,3.624704255673887876e-01,2.097810876578747735e-02,2.338115332193493046e-01,1.985196848693448202e-01,2.266134183310684891e-01,6.898576181697101128e-02,1.639182081177131822e-02,1.130072228916170589e-02,1.165559200924116967e-01,5.425748304428150426e-02,1.930130182856154009e-01,6.969982285567344338e-02,1.155782641970805880e-01,4.896224160794113503e-03,3.567454883570555513e-01
6.721540648177146693e-01,8.789752628881043750e-02,6.130410707418256777e-01,4.287491834359676846e-01,2.654118677726352918e-02,2.586053269169990565e-01,4.114948911000845810e-01,3.612303465492047727e-01,4.145457223420383475e-01,1.477709921596181697e-01,2.047280443228612946e-03,4.280761531664108166e-02,1.803034556297808400e-01,1.773431793312139071e-01,1.346460210416511039e-01,5.203987829458629755e-02,1.372076713736215259e-01,1.426644785126308379e-01
7.390715421882211311e-01,2.713284845457967775e-01,9.120802289623738957e-02,5.385601313456297445e-01,7.020565044158685875e-02,1.624943446442816616e-02,2.158659646370041374e-01,6.531703521256005188e-03,1.486675305712308135e-03,5.064882531056096038e-02,1.059371306058861373e-01,6.893235650479165311e-02,1.158316535668565544e-01,1.369535844677710890e-01,2.283718784413316660e-01,1.673030720523698556e-01,4.080330013501349828e-01,3.177585639923269367e-01
6.921215086565525310e-01,1.534715270165252221e-01,1.133916525361536448e-01,3.280023188364720177e-01,1.461982186503477943e-01,2.344875815116376563e-02,1.570026120804186298e-01,3.848293152924581184e-01,5.142190295110511400e-01,2.308563273409357519e-01,3.411258840212783722e-02,1.696872703587379294e-01,1.289873457757041986e-01,1.573241719743478095e-01,4.228672910927567391e-02,2.043134577460287982e-01,9.657624521082239233e-02,3.027044366375888224e-02
7.002661077008917045e-01,9.980179369909459447e-03,3.445487760418426415e-01,4.988595060151816696e-02,4.270077294973610715e-02,2.158314888296664347e-01,5.410584449611254010e-02,3.661332645497641924e-01,2.987420765681449430e-01,4.075738010705857312e-02,2.375686541797032980e-01,1.044151487238062781e-01,4.757183694547756359e-01,3.827109263237317427e-02,1.830792769547945342e-01,4.420322283603742020e-02,1.742968776624553018e-01,1.763528664799439982e-01
6.915099587180157936e-01,5.623285527427086539e-01,1.614252304321742437e-01,1.719188519646367985e-01,2.781910302102280075e-01,1.918287797477639944e-01,7.107388694175460764e-02,3.384060658906736657e-02,1.250161356589490624e-01,2.709253810679945751e-01,1.264602952391669088e-01,7.251736429704942755e-02,1.185512810619752111e-01,1.810501288100112016e-01,3.220447867441260381e-02,1.019472823296854874e-01,9.407386270205232714e-02,4.836232874557020583e-02
5.723743263289955419e-01,7.722094883489220851e-02,3.286866985182818057e-02,1.958718229224352958e-01,4.374403033999024748e-01,5.173969333925774322e-02,2.975454566035855113e-03,2.753530072138074547e-01,6.870599136162396092e-02,4.492894972467747355e-02,1.148989538250586029e-01,1.881466948070273926e-01,7.107896476451228346e-05,3.869786466332942459e-02,3.695101665839509719e-01,1.749710324875344489e-02,9.610251604566832917e-02,4.426124680413748846e-01
6.874157087137573452e-01,2.443744199554072349e-01,2.842062150266576048e-01,1.268768819420723615e-01,1.102249906996148332e-01,1.333624773805640873e-01,1.690066024243514486e-01,4.147484794000240726e-01,3.918256093461051220e-02,1.476792007431979026e-01,2.833297621728608773e-01,8.359859600441545135e-02,3.869765824039942959e-01,6.445787634792745635e-01,2.959505144825961068e-02,6.254666732338870494e-01,2.167730501006871480e-01,8.730436622933139545e-02
6.543725838984233434e-01,1.341734686927355813e-01,1.551162423493339659e-01,1.729654792124858120e-01,2.185363168913878051e-01,2.380452658193445425e-01,3.395042824694433081e-01,1.842695305637285785e-01,1.251133417811943482e-01,2.093306498948967753e-01,2.726588277645996539e-01,1.237310562476274661e-01,2.137573880206140031e-01,1.146305655830592435e-01,2.803399319273310319e-01,4.693695059444679130e-01,2.734593844726517231e-01,8.810309245745825968e-02
6.261801176571915040e-01,2.087004781148365240e-01,9.843856612106081927e-02,3.450646365565107621e-01,3.264768748351841443e-02,1.580071958576694802e-01,4.915829224099202421e-01,3.193183805277634013e-01,3.289248702520721213e-01,1.268856276290331042e-01,2.628581637456988696e-01,1.611344933698865001e-01,4.437030169565203686e-01,1.582999069934127312e-01,2.122008424404536187e-01,3.690566367633368872e-01,2.023826377149512967e-01,1.378916803785052714e-01
6.695008705815725936e-01,6.741086404039620117e-02,4.890351117903629641e-02,2.791215437367419727e-01,2.972232232998285317e-01,1.164152893022671886e-01,1.349833929808129385e-01,5.748727057223983195e-02,7.684758356804481660e-02,1.472253723399831737e-01,4.149582785766515181e-01,2.035802398282230558e-02,1.070460098701424834e-01,2.950178016423279925e-01,1.179201909943245474e-01,7.431686022185381157e-02,3.739325485934332782e-01,1.089920226890682964e-01
6.018597587103539093e-01,5.471376908386687415e-02,3.063252523510443526e-01,1.181118321395385057e-01,6.438406553469678828e-01,2.696351735008861716e-01,1.703164591860425736e-01,2.470917759828543947e-01,1.299186413444090686e-02,2.280318911562312090e-01,5.488182616730614971e-02,1.483522176658526315e-02,9.581257612992737441e-03,4.217877875049263481e-01,1.473549971356955535e-01,4.175075325703622720e-02,1.310878648913425260e-01,2.529786140364482239e-01
7.907268135325382641e-01,9.448959297903264387e-02,1.369351858990187909e-01,2.624548480213869106e-01,3.671101072604192606e-01,2.810331658522473575e-01,5.526238006023059812e-01,9.228001591902797174e-02,1.993499354128934475e-01,1.080136113136522941e-01,8.653808753180227201e-03,5.885562095868659277e-02,1.760330195280483678e-01,3.314979806361255110e-01,5.197435740711667945e-02,2.328030172041649082e-01,1.318541626234268904e-01,1.934678621339969706e-01
7.615495251473973770e-01,3.526132672835549098e-01,3.407349110626457511e-01,1.361224086077472695e-01,2.142190601204595757e-01,2.369459026678623625e-01,1.597000085065195529e-01,2.098550520997180813e-01,7.811154929750609155e-02,3.641834918091904627e-01,1.575578819203287961e-01,8.345238558843710852e-02,3.814125687484316019e-01,1.303387353213254600e-02,1.157560433535842342e-01,1.314164572532942332e-01,1.738164635818370274e-01,1.189697045607702314e-01
8.185032770426511339e-01,4.811995483902998388e-02,5.296224508706655065e-01,7.213050665262626948e-02,1.689279968649207431e-01,4.047918271872222307e-01,5.014631956780671862e-01,1.335638588802876281e-01,1.642787131252940180e-01,1.897213918209922079e-01,2.402266848571001645e-01,6.206547885591499197e-02,1.569254631400308908e-01,1.574621556245606527e-02,1.315442450038445676e-01,7.270056601848982891e-02,2.635835088233620671e-01,3.461054581022468546e-02
5.488148009230100488e-01,8.387272252770007486e-02,2.808500578325655583e-01,1.746766614272656226e-01,4.654938304523246750e-01,3.277744573368584491e-01,6.871772028222767822e-03,5.767868586491158023e-02,1.449103952174574383e-01,1.183813125599161298e-01,1.352583419474965298e-01,2.851351909931760034e-02,9.724783974947436016e-02,2.795366760402893114e-01,3.637376592825459728e-04,2.138768022866237850e-01,3.985536820690387810e-02,1.666626662839207698e-02
6.028939150568999317e-01,1.161184926406265000e-01,2.909903691268227524e-02,1.311164243628230031e-01,5.896785207805415457e-02,5.981312788329706809e-01,2.779927952769837285e-01,1.145837975523442270e-01,7.428760592618373348e-02,1.278268522435032917e-01,2.380845260732736279e-01,1.956829120534949173e-01,3.926630992795345221e-01,5.334081768155374270e-01,2.356181656649646017e-01,2.391763989754898054e-02,2.570002914681110417e-02,2.813755983109427761e-01
6.175566980905018433e-01,1.802406164059838223e-01,4.995095822582114042e-01,4.135888257403627088e-01,4.330539251952864044e-02,5.479520929224207526e-01,2.920851499952262578e-02,3.669443459032611932e-01,4.396961146689267602e-02,1.035075917358110886e-01,2.938204570045355735e-01,8.520024973657222556e-02,2.849086166414783738e-01,1.176041208171836605e-01,4.822316357034986400e-01,3.840773481312542148e-01,2.281131377385983705e-01,1.491295308234357464e-01
7.474011625116573354e-01,7.913400286816177354e-02,2.669245675761710013e-01,2.991868677274733268e-01,2.205146004768138990e-01,5.462604383005434938e-01,2.061095531002652692e-01,1.520345554113150532e-01,2.064344003334432284e-02,5.114299600133388746e-02,3.513611053072726587e-01,3.010275682923553298e-01,1.777794126545669540e-01,4.280534296775073688e-01,2.899996593876290607e-01,6.357797203877035841e-01,8.415052114004081818e-02,1.294661649325578312e-01
7.578294751120270289e-01,1.346419302760915593e-01,3.160101701558524767e-01,8.219781825625023519e-02,4.705221363222494291e-01,4.273399505502114420e-02,7.478843963975882747e-02,7.936159394796183514e-03,1.126165181673001309e-01,2.122686715757146070e-01,1.220310040213320596e-01,4.728994789800337606e-01,2.961764596363302138e-01,9.066994884749719763e-02,2.308474611645333074e-01,2.868764226428494046e-02,2.276388066365661045e-01,7.252925138646644510e-02
8.286408229397692615e-01,3.675126463120075015e-02,3.550189103710458816e-01,1.336705366661885275e-01,1.227204247563352946e-01,1.689867064381191386e-01,2.708175428900471693e-01,1.921521555055558383e-01,2.270919451183310844e-01,1.665387177505599225e-01,1.105173759324422356e-02,2.013088344271432573e-02,1.066282456634567166e-01,4.863835040542345278e-01,7.920929457218064962e-02,1.331394473949215895e-01,2.099521925073266626e-01,9.593392275426525229e-02
6.577593090828310896e-01,8.122656647732097446e-02,3.310915918909064226e-01,1.408212334515862030e-01,5.233432110086561756e-02,8.134936227693714828e-02,1.965117229102769647e-01,3.054680221388904049e-01,5.363389247503668605e-02,6.034515552382088699e-02,1.255269253741036484e-01,1.755678724035911534e-02,1.287095543586048718e-01,3.021552299017056242e-01,3.785582937738410925e-01,6.334107913878168905e-02,1.283668018402480682e-01,1.365616777570414220e-01
6.552311127472553176e-01,3.059049065773928322e-01,1.625644194411516585e-01,1.123083880466110435e-01,7.336963336226623444e-02,2.136844081813667751e-01,8.305993410759537898e-02,3.668491851830326667e-01,5.408496623235069245e-02,1.729074226905991662e-01,1.005549570185155644e-01,7.816802614041176711e-02,4.543728468530635611e-01,4.799412648186440061e-02,4.063837241049229887e-02,1.510507068431305167e-01,1.129589446356158398e-02,2.606768358437651645e-01
7.030688264310512858e-01,2.637220808212380474e-01,2.927475420234439407e-01,3.067736049859967271e-02,1.016273553498351218e-01,5.002789904389008668e-02,1.099728209654582678e-01,1.160055794760722486e-01,3.338502151900898940e-02,6.720420642248915027e-03,2.239700112084890005e-01,3.825999319084286698e-01,1.193648958015001565e-01,1.685672237653332642e-02,1.919495491742029269e-02,3.260091561480805700e-01,4.742982349226202987e-01,4.965608108080946659e-01
6.799797320013125645e-01,3.338347662015953565e-01,4.675145333485891674e-01,3.140838431063650016e-01,3.119062274139506458e-02,9.229401443403527361e-02,5.603270452269478591e-02,2.711511581106573754e-01,1.867682120497209386e-01,4.065646268581617900e-02,4.588324697225434901e-01,6.307600780576202992e-02,1.090340479541952179e-01,2.585016991300275180e-01,1.999223456825903744e-01,2.905856683314507194e-01,2.201768532933635336e-01,2.152803111301691275e-01
4.713562285739839042e-01,1.991575401811994939e-01,1.015957391430005879e-01,1.980207462475702673e-01,4.225376976726606948e-01,2.744025256562804618e-02,1.251737149545043004e-01,3.158594332957319062e-01,2.398212802696733092e-01,3.691823388437654452e-01,2.745140937143720761e-01,1.802318641428069523e-01,3.736056006283245551e-02,3.909298778533297214e-01,4.413777298578051844e-02,3.816123686913367591e-02,2.023439295831021556e-01,9.154836942103629013e-03
8.461006726850739401e-01,1.094114285575228662e-01,2.364163241275381855e-01,6.358337278352996225e-02,3.451823809512799546e-01,1.023988079068020307e-01,3.515806100827384983e-01,2.083640771097040878e-01,9.215338434260547662e-02,3.083703407931938714e-02,3.622901844505314051e-01,6.299622382222634653e-02,1.193422352399868408e-01,8.400380653329705960e-02,8.114348621698927455e-02,1.281202133488045132e-02,2.686802420298896044e-01,3.013287887480320393e-01
8.176924395460338779e-01,3.792815007249437098e-01,4.682949424287633500e-01,3.460914744073459448e-01,1.008481871527272394e-01,2.610469247360944905e-02,3.837596959878227243e-01,1.958658141160801169e-01,1.637126176017853485e-01,3.046731102898942445e-01,1.455279036083798883e-01,2.001781699067301662e-02,2.527430670770051124e-01,8.826352320175750998e-02,6.823442950345970370e-02,2.470824251414442396e-01,4.661981969326502440e-01,1.077949559361066484e-01
6.341681371178957694e-01,6.993653672657755560e-02,4.841354964590826038e-01,3.893657784578660186e-01,2.387987642762992857e-01,1.384642757508822847e-02,5.251506563275147865e-01,1.341139216730342365e-01,1.908733755228617102e-01,2.105134536392529454e-01,1.093534806421672945e-01,2.965836265300069718e-01,4.957208981681754945e-01,1.251085632471192477e-01,1.252096451580424208e-01,1.453110349047933292e-01,2.889512316189788987e-01,2.163938163851041596e-01
5.444190717719891159e-01,3.457058488028628279e-02,4.524854370954568550e-01,5.904894810205329331e-02,9.195556690307360448e-02,1.199371124545466905e-01,1.814169119532949292e-01,1.431292693251595693e-01,3.184233932256465976e-02,6.320988011373060433e-02,1.040572551569948594e-03,8.445482484173401361e-02,5.189542375981771871e-02,1.231297104076675003e-01,1.419366857713880159e-01,6.978283630026031401e-03,2.139341967537315703e-01,2.150528190595230038e-01
5.175247653387985425e-01,3.704226820452632962e-01,1.424786833768459243e-02,4.796238115197568042e-02,4.245204864992351279e-01,5.048754842235483320e-01,5.335402653706964315e-01,1.716343169240306110e-01,3.577133218671468828e-01,5.823103378887677095e-02,2.708352723939158047e-01,2.232064795997343032e-01,3.327829388173513259e-01,2.363513131910013054e-01,4.709942488815644507e-02,8.858207575716926796e-02,1.041386193273813321e-01,1.695180413243908557e-01
5.206273820488009907e-01,2.692390156674454582e-01,3.994963575529906774e-01,1.759830748710412840e-01,2.534267319349129410e-01,4.415458581309476133e-02,4.989907281327929378e-01,1.965967864784302077e-01,1.677376312652584245e-01,2.936837316619758664e-01,1.913119701903963077e-01,2.527124727845952989e-01,1.416970633106145738e-01,8.554455011814679488e-02,9.505161292563008013e-02,1.003107475275674121e-01,2.683596183727111617e-01,1.835170742343884276e-01
6.724075554685939871e-01,4.139140128377939015e-02,2.734120316368559012e-01,1.040492326757345709e-01,1.999754964551271885e-01,1.158625881509349476e-01,1.357557216998629412e-01,3.095317172897456004e-01,1.790671454768436310e-01,4.333049595609025223e-02,1.879228400040025004e-01,2.207443438155432813e-01,7.903639628531840267e-02,9.861598283061311088e-02,2.455568164836126333e-02,1.471158339297779782e-01,3.283367428725234571e-01,3.062677946775565485e-01
7.782839825411915768e-01,2.118071314056179377e-01,1.153514449513098339e-01,2.092157255813489602e-01,5.996240795986222151e-03,9.718908501140037515e-02,8.689052296609381387e-02,1.402710663709597072e-01,7.793881271339242467e-02,4.784894007058829724e-01,5.722589020565411327e-02,3.322909421865712261e-03,3.262277209849315796e-01,2.850476485970628304e-01,1.531424307377415861e-01,8.152987375757534891e-03,1.408750560569347055e-01,2.256113322698117818e-01
7.522427137058718127e-01,5.536050530947794757e-01,5.337637065508180623e-01,2.748488274258611974e-01,3.014940187552361817e-01,3.192175041584034978e-01,3.009273341787406242e-01,3.606320107502671291e-01,1.274699263450338182e-01,3.091541164020135679e-01,3.625748928868893217e-01,3.159841872489869974e-02,8.576109267225372201e-03,4.038672646691650048e-01,4.068091216081757278e-01,2.425221293462621608e-01,2.628072630885032734e-01,8.722823400351145673e-02
6.346226078339203269e-01,2.167668742182491878e-03,2.871501721357322748e-02,2.366760410049734975e-01,1.238722253397789574e-01,3.156005998421094749e-01,5.017524997896199990e-01,3.298275929960887698e-01,8.386880187566009281e-02,4.314822563088412805e-02,6.982529533474669294e-03,1.212944603873800618e-02,1.019669502684013296e-01,1.006556899041910619e-01,3.351766548558451353e-01,1.798244253733522480e-01,2.690577243674220909e-01,3.434247392193422871e-02
6.436375346237611650e-01,3.236471425893612253e-01,3.505999356011173518e-01,2.191332594896417980e-03,2.259643969844986888e-01,4.452867557339035276e-01,2.014541930857643645e-02,2.806233725723620842e-01,2.649235844079043667e-01,1.139128834884499918e-02,3.526680001351011340e-01,3.895286978866701610e-01,2.020367977126749093e-01,9.002186863882687129e-02,1.227159571978605687e-02,2.406368299626260032e-01,4.349554826979303290e-01,2.514774510510158767e-01
5.684915659001991139e-01,1.852656457331864903e-01,2.133250221477877018e-01,3.195400018604682701e-01,2.529744765159658293e-01,2.781630640138599841e-01,6.337855437212388567e-03,3.087729902101626345e-01,2.346834709500972838e-01,3.921218166531768162e-02,3.731936719934361157e-01,5.332287966037191351e-02,4.311133236564384380e-02,1.879973747693810537e-01,6.546880116795125715e-02,1.798637658851108267e-01,4.538951599073346999e-01,7.782571568230454984e-02
6.172614834971417164e-01,3.205866949793735876e-01,2.878576839914236962e-01,3.024140939712418596e-01,2.820465547855258159e-02,1.077992328015659473e-01,1.903349097152988723e-01,1.313177346535277790e-01,3.107751822010867537e-03,1.483783798813530508e-01,7.504209687790574894e-03,2.712924676673429403e-01,8.629197418825729216e-02,2.264319951467195779e-01,3.324925540200360241e-01,1.215867315658560183e-01,1.523162631581027882e-01,6.508579258764245479e-01
6.792657365513978807e-01,5.952495497275273051e-01,3.011376629642752434e-01,3.538839820344354958e-01,2.591843025273284917e-01,2.769462859067178817e-01,1.819243733709892397e-02,1.132358565287918395e-01,2.004060329227344284e-01,8.857892131245827250e-02,7.728545992789186136e-02,3.264425722754261683e-01,1.488502986961790509e-01,2.897136225199486437e-01,5.280924656058984951e-02,3.708502148140694898e-01,1.216198786358909933e-01,5.608726354542263245e-03
6.533597457552099419e-01,1.169579502189107140e-01,4.376945835527858431e-01,9.479012231145533818e-02,3.985903369501876958e-01,1.067472156896304425e-01,3.830139991632681151e-01,2.640698609494755798e-04,2.082211663968760451e-01,1.253788762735340567e-01,5.713590900234099407e-02,3.952614883231184706e-01,1.541129158615983097e-01,2.615047348604888910e-02,3.561725342035307329e-01,9.605018803278042930e-03,2.118404069351894070e-01,1.329625796102878732e-01
7.304949096553072785e-01,1.061891622232835897e-01,6.058229953257865397e-02,8.903592204634210028e-02,4.534877569386435714e-01,1.652802256603995157e-01,3.019492973096433164e-01,7.785067044933988503e-03,4.874231170524260803e-01,2.156435073685551360e-02,3.781410399073874551e-01,2.946944199066580672e-01,1.407324851470085660e-02,4.353608684419744690e-01,7.607258159524053764e-02,1.524618534365814182e-01,3.048231043040497412e-01,1.267198274243535872e-01
6.039890745455700483e-01,3.923949361056682239e-01,2.981813354180773978e-01,2.910989272282419327e-01,3.086801571620785833e-01,4.015313820451489879e-01,3.847619634406841682e-02,1.694679100721237924e-02,6.378583773898215126e-02,3.783383290580757952e-02,4.976612297788472472e-01,8.800838178661629652e-02,4.239147744253418670e-02,2.398829652999630857e-01,8.346062738619929033e-02,2.459192512415152299e-01,7.464033722331377130e-02,1.829479657222049249e-01
4.807412942425883240e-01,6.653509714271978182e-02,2.921822800433446221e-01,2.362724097811111715e-02,2.145678014343230522e-01,5.446944596416758433e-01,1.553003027706262307e-01,1.288022626628534395e-01,4.091524941580788194e-02,1.431592206933995359e-01,1.466736641256215223e-01,2.824568744333321724e-01,1.645838152135389032e-01,1.274150531074019210e-01,4.419978953320641279e-01,6.703852495808594603e-02,8.560675507224120295e-01,1.366479314111287459e-02
6.375202543909780362e-01,9.331592285199495629e-02,5.125090073188227624e-01,5.565516126317089363e-01,1.454919266249878052e-01,4.107088133428943855e-01,1.230639608301068860e-01,7.323466022952860310e-01,8.194266385140519526e-02,2.074329969253924707e-03,1.333203227667447976e-01,1.752444222846900324e-01,2.577844861936035015e-01,4.785472341642951211e-01,1.327045174343598720e-02,2.193624954674936178e-01,2.119302094321323382e-01,1.134258144708782945e-01
7.657151101778075786e-01,1.617989717465870003e-01,1.014454685144484426e-02,1.725639629495471228e-01,1.004885627364189016e-01,3.902666973319366545e-02,2.941598172441615699e-01,2.404166497785358569e-01,2.629912353318798468e-01,1.545544887812437262e-01,3.892038204548203817e-01,2.842912982575337977e-01,2.751032824074390315e-01,4.413812799844313850e-01,3.601289457261518390e-01,2.555548808422460905e-01,9.255195695321612182e-02,5.690137541587525494e-01
7.929661053399473802e-01,2.315491518823416806e-01,7.591801820881091678e-02,5.561871145803667232e-02,7.504098033580357263e-02,2.721057997626586539e-02,1.976972580317301609e-01,4.157780890863529422e-01,6.588464948857941650e-02,7.801084116600222329e-02,5.321171599563508936e-01,3.216330055507604646e-01,2.730960931967628680e-01,4.972864973105255854e-02,1.166749690734081996e-01,6.267247250544986104e-01,1.298740155592912060e-01,2.431816447101296519e-01
6.531693676906153989e-01,1.882331308213660570e-01,3.811316915232481062e-01,2.564206538451052064e-01,3.112201555388694266e-02,1.398166935830221225e-01,2.061756163903093464e-01,2.537679861518464253e-01,3.377383792177562905e-01,1.192789836049494984e-01,9.139963902253468719e-02,1.242345650527324208e-01,1.251333306730644801e-01,3.219586354313881960e-01,4.203629126457061882e-01,2.267723477776377172e-01,1.859315350134205513e-01,2.821734447306275140e-03
5.386356882585050521e-01,1.408700854421272592e-03,2.071731974466717655e-03,1.877724157718387299e-01,1.462559802779162810e-01,1.153217740499933031e-01,1.648213516472511464e-01,1.882415902601201896e-01,1.173992967362717105e-01,1.735361332130267720e-01,3.157894312595901920e-01,3.226918954233481407e-01,1.698799335229889407e-01,1.006716349260409343e-01,1.048740160123649706e-01,2.300723692164606815e-01,1.818418793312831239e-01,3.401456528594444806e-01
6.008235677144969644e-01,3.388071688540964521e-01,1.306954078525592033e-01,3.940493561867172145e-01,4.219791578309012303e-01,1.135149941114850652e-01,2.332217500237062646e-01,2.188215472272927731e-01,2.982315993425276868e-01,2.934097555595800433e-01,3.616871256905496712e-01,1.098271262069600296e-01,4.991774700850845625e-02,3.828357819196071682e-02,2.200994381131886335e-01,2.183904927649171213e-01,8.094292109900622090e-02,1.913490516857677959e-01
5.761618469709568480e-01,2.479423068003025477e-01,3.187197145510678453e-01,2.386524770183898747e-01,6.539877518828079994e-02,2.432599061652031824e-01,3.502180799375397280e-01,9.675310710109378751e-03,2.959694687729162443e-01,5.017211509414617326e-02,1.509673946611767292e-01,2.619325916552556199e-02,4.394641409310214540e-03,7.828268338067097265e-02,7.439209559550190309e-02,2.840086057198586422e-01,1.435804828176264793e-02,5.844690854526739532e-01
8.090798299855849196e-01,1.831737901406967073e-01,1.188370231791798870e-03,1.711720645931136264e-01,1.122538170841221733e-01,1.602069432254631109e-01,3.891724989883809660e-01,4.657480395395077744e-02,5.896226955552064802e-02,1.653916699440148852e-01,3.020926410309991983e-01,3.803433783201626839e-01,5.572005401238055988e-02,1.560434406047075673e-01,5.666113529911855073e-02,1.498275059034041290e-01,1.086684379030263686e-01,1.982572406526874609e-01
6.407190600971908179e-01,1.306838504846038196e-01,1.789701704751935907e-01,4.470384530579556981e-01,2.403189944077198381e-02,4.847673926249774362e-02,3.239452004468916790e-01,1.236834051261612444e-01,3.422171706695019688e-01,7.280182479862463973e-02,1.124805733827298482e-01,2.327645079578716802e-01,3.664028078357043916e-01,8.501079998667182558e-02,1.463295292403526127e-01,2.435135639737143545e-02,5.298691591006753354e-01,2.263129790277080833e-01
7.275019571317231648e-01,2.566740988305951099e-01,1.227973254761601657e-01,3.262107902606399823e-01,7.435955686817787014e-02,3.466651332329926394e-01,2.633417875499631799e-01,1.739591419349452717e-01,2.412812199100354826e-01,5.757144090152992444e-01,2.406498005614016999e-01,1.482753232319182213e-01,3.587218873618923110e-01,1.681063209701837979e-01,1.776145516734286278e-01,3.422741390924585736e-01,6.571693912690969031e-01,6.907815630416114239e-02
6.251349753184939351e-01,1.675600946947518877e-01,1.690628841470647598e-02,9.337700913298582761e-02,2.874158468519020029e-02,4.985890142989796853e-02,3.417576413566469351e-01,1.928602863189466388e-01,4.216241486440042152e-01,1.461720795957046348e-01,2.627946169433197365e-01,2.380262354909169487e-01,1.576972623008119079e-01,4.858346885001117443e-01,5.380846136303926164e-01,2.574518850084663857e-01,8.794669652015088546e-02,3.029315225845401471e-01
5.629997605926954085e-01,1.426562531090240227e-01,3.337888749193498317e-01,4.469430313148626266e-01,2.594598838405822727e-01,3.116426684424900562e-01,4.803175059892961785e-01,3.537189543348527865e-01,2.394297309757895120e-02,3.599314437926639338e-04,4.585779172397282943e-01,3.003231792071784922e-01,9.465465392145605214e-03,2.905530906646584463e-02,1.406508806043464677e-01,1.300962746760996047e-01,7.301857237280801050e-02,3.622344940698613569e-01
6.825000973474105725e-01,2.324044977587537419e-01,5.427866843075361825e-01,9.145754315980016147e-02,1.619727881554760274e-01,1.530351168638471315e-01,1.820115801477797113e-01,3.051117116779022975e-01,2.023162631124658661e-01,4.642830157058852047e-01,2.992129112509314126e-01,1.088894182780585917e-01,4.391692509322134286e-02,3.450904231588260984e-01,2.420370424347804694e-01,2.345925918389322670e-02,5.416208643943352108e-01,1.994568931232217623e-01
6.626225295744918586e-01,3.310190884469706440e-01,5.562444330795797420e-02,2.904558233072522810e-01,2.714961198881040705e-01,2.138231911140373864e-01,2.501527719394469607e-01,7.665652127608244548e-01,4.252395400465577846e-02,2.424887074629525005e-02,4.048372274064240828e-01,1.429243165994856790e-01,7.933278506330811164e-02,4.776337100588908813e-01,1.883892281561615201e-01,9.875459776556752556e-02,3.324503048288607876e-01,1.057096360041931832e-01
4.478439748887086957e-01,1.201416352673444037e-02,3.841761482655836613e-01,1.559529247378836914e-01,2.063869404900455784e-01,1.351335230251239639e-01,1.839277577303176925e-01,2.309837333640779866e-01,2.676692188100347480e-01,2.279654986221540114e-01,3.362665963049749074e-01,6.153457754706419952e-02,4.243592588842418079e-02,5.176071637027581523e-02,8.945334311416962281e-02,1.703619381982963699e-01,1.558519250855960707e-02,1.874483404531425423e-01
5.479970132091203094e-01,3.498131295282975728e-01,2.052012502854330123e-01,9.399718150934258110e-02,2.675523106457411981e-01,1.131029963280942713e-01,3.313214415625284626e-02,1.762017028082814574e-01,1.065292938646759252e-01,3.471653715674123397e-01,1.990566417811772681e-01,2.089489000806688535e-01,3.067316821327786130e-02,3.473998240049513964e-01,3.859960568483831317e-02,9.662137841939197336e-02,2.282530656024356897e-01,4.377026410374428300e-01
7.380798795821137404e-01,3.647310285502762817e-01,3.028051464310007046e-01,1.060872960319753783e-01,5.246172642422357590e-01,1.947446672987134531e-01,2.763076299309389500e-03,2.337101860967676914e-01,2.753758523674506783e-02,1.693625174221977392e-01,2.366405619227953117e-01,1.400384215018222189e-01,2.437046995724643714e-02,7.552178765904496612e-03,1.710565552538790002e-01,4.462893860688012942e-03,2.079352977477166575e-01,5.533940132447572324e-01
7.062820518559366212e-01,1.706232069736369691e-03,1.218334584466176790e-01,1.030920764313736776e-01,2.588964861555216879e-01,3.781205338657134818e-01,3.675182312197405321e-01,5.594584412851157096e-02,2.983248171730922271e-01,2.644025332958586660e-01,9.881513868784287669e-02,1.206153362342457791e-01,8.708503806526211866e-02,1.187556857359290119e-01,4.688396325863500302e-01,5.390521477517173921e-02,2.418440449465944497e-01,6.989835984616882270e-02
6.010457523122795243e-01,3.301165598028686365e-01,2.305543140742739028e-01,3.269820145024196489e-02,2.426939919209813723e-01,2.351509015456086371e-01,3.964505197605955322e-01,3.212745702793368130e-01,1.007566595842241119e-01,2.278927036359119640e-01,2.032785762175395028e-01,2.004954908473727260e-01,1.607963079711463295e-01,7.332576746091631903e-02,2.667666655724795222e-01,1.093876928585721248e-01,6.945351421496366020e-04,3.973797761771689085e-01
6.884063537640708885e-01,4.072298824406705986e-02,9.258740009193175413e-02,3.416873455104523227e-01,1.272909197952114269e-01,4.015278236851674287e-01,4.672463567757877134e-02,1.821533737774117812e-01,1.326983438365553769e-01,2.571192902008805903e-01,1.130073136943990364e-01,5.781654360386927205e-02,8.189115182636272361e-02,3.591596132769583199e-02,1.903588419737254067e-01,2.815301167707006669e-01,1.380540780436772808e-01,2.453678788520790854e-01
6.914244272548022430e-01,3.019695327152068787e-01,2.089761890034941838e-01,4.323891155597298086e-02,1.255191789137848346e-01,1.051484354698346002e-01,1.673725565096082987e-02,3.818623427756960287e-01,4.781557800396906560e-02,1.736887064314429074e-01,4.087270961374545042e-02,9.375471406755993276e-02,5.006653980097545281e-02,9.081909935137577605e-02,1.414497369083970169e-01,1.316055761850561980e-02,3.805219036988063408e-01,2.853265766802828840e-01
7.713256281924979474e-01,2.290960041922547874e-01,4.379889247110376749e-01,8.807887968369484955e-02,1.456313265391320499e-01,4.230211505235572100e-01,1.578622830660687815e-01,2.329969236554431944e-01,4.191900276148382946e-03,4.073778067127625802e-01,5.431520581284822458e-02,2.904766269079822605e-01,1.554093402034646132e-01,1.854618098644351121e-01,6.208354963832199980e-01,1.083691932504841082e-01,3.881035633362122095e-01,2.182886425412653986e-01
5.387657298369590286e-01,2.361918735950005177e-01,3.015103668471341147e-01,2.016040230623441509e-01,5.623259490213659145e-02,1.831487931291046478e-01,3.023078814400801950e-01,9.484034193758915376e-02,2.273605975320586517e-02,7.623314163095171181e-02,2.282828234743757845e-01,2.421594541815502988e-01,1.673930980564236615e-01,3.355494511871037200e-01,4.703841213996819981e-01,2.444257792570107835e-01,2.075973906020921744e-01,2.923086280695415540e-01
5.569926503025992570e-01,4.595917581443281774e-02,7.567946244809778400e-02,1.100498457288010337e-02,1.022617073850939640e-01,3.355926290645808857e-02,3.249012648410764537e-01,1.050742504173201308e-01,2.173736014842861386e-01,1.370365923919635576e-01,1.041336181474900591e-01,2.261012584096259159e-01,1.209984320939892222e-01,4.070804700788223096e-01,1.517970968221042938e-01,1.628100492412518363e-01,2.216571283364585782e-02,2.837411711782885648e-01
7.493941956035093943e-01,2.677310802350121866e-01,7.746871173463572291e-02,1.133515082043833611e-01,3.046364916377837240e-01,1.764935886055351288e-01,1.113028737732825041e-01,4.960888257166805315e-02,2.191306056747756859e-01,3.505759342456510885e-01,1.864610405470180088e-01,4.375806911051809134e-02,1.172746960569690799e-01,1.753307061118028823e-02,2.599287288779263960e-01,5.410995659226322009e-03,2.905202054328342998e-01,2.781073678410571626e-01
6.035393813100494720e-01,3.094974996844765402e-01,1.560532735937788240e-01,6.053291375297812360e-01,9.367844183237473976e-02,2.239447210928706133e-01,4.429315177259084829e-02,5.706739385889216670e-02,3.360882817208105111e-01,2.006504351564828148e-01,2.489828038431054213e-01,2.412611144416904330e-01,2.654810026442970261e-01,7.757339078293823062e-03,4.011445951450579028e-01,1.097902748614905249e-01,3.185796891414883342e-02,9.933123862516969604e-02
7.996699458679950023e-01,6.415080547474431849e-02,5.745265043820144690e-01,2.323570487963761977e-01,4.114176610795976519e-01,2.132178714209286285e-01,1.050554428455499900e-01,2.266245846500909156e-01,1.355027449730815958e-01,3.009508238809402436e-01,4.675361469571619188e-02,8.463394376751916248e-02,1.600889682791417357e-01,2.956255661639531004e-02,3.056024938272958735e-01,6.431108004588428351e-01,1.605553083170384032e-01,6.487722028797765494e-02
7.342342197841251750e-01,1.115592171954130768e-01,1.263904302385956135e-01,2.332623416992016946e-02,1.834089435233524357e-01,3.700046240194128089e-01,6.568117760080273426e-02,2.740942809060399887e-01,1.502623990698253587e-01,2.407557162437690690e-01,3.112036640658782383e-01,1.366920000168754257e-01,2.985329835397672604e-01,4.462339785023294314e-01,1.638381455716158008e-01,1.101808047009159991e-01,3.886312534213434700e-01,1.222099337246834588e-01
6.749987109250260575e-01,3.245986109554689358e-01,3.037667914419075466e-01,1.897882009216943500e-01,6.206424385384623488e-01,1.825434466175965831e-01,2.292247725879091313e-01,5.886589484582452347e-02,1.273460147740101689e-01,8.634596193558555233e-02,1.214576944547657023e-01,2.009899283809202797e-01,3.923638450232269648e-01,2.736334464546122947e-01,8.322586417823740756e-02,2.898180732007235236e-02,2.207261342464900689e-01,4.537328386160628946e-01
7.178087461220704624e-01,3.695102394402971502e-01,3.834612555507918574e-01,2.847105367750690230e-01,1.579580939355225144e-01,3.582088111637389549e-02,2.230389517823411494e-01,4.576543958238750154e-01,2.426338884351989800e-01,2.297964901183581210e-01,3.901038999095828852e-01,1.897591331360941047e-01,1.024790868412220890e-01,5.653494320710625298e-02,1.599966872433202653e-02,1.452716264306466720e-01,1.207793148552786522e-01,3.725063393511638399e-01
6.308359570662310789e-01,3.689719441218940466e-01,2.857445257055760690e-01,3.365193849445227703e-02,1.381150477632875351e-01,1.992032401423008692e-01,4.734394726456826463e-01,2.493465207636686998e-01,3.962986033811383840e-02,5.261831979253017710e-02,6.180546351461527199e-02,3.008716474350050032e-02,7.270661351795752736e-02,3.291368293703336723e-01,9.708588286415030522e-02,3.245885434525711544e-01,1.005835071827014676e-01,1.467580834910739256e-02
7.189167046357912705e-01,1.539181706018843965e-01,3.806515910062301389e-01,3.423066917178953922e-02,2.096633832443270673e-01,2.622674961614043232e-01,3.045379135571812945e-01,1.408584382177238692e-01,1.008713325669450267e-01,1.252689218056399515e-03,1.935263495579685189e-01,1.763290297511709293e-01,1.185956034027336597e-01,1.462156747578889637e-01,2.517546576022002269e-01,2.665547572131785614e-01,1.365395722837896807e-02,3.111427302609998113e-01
5.873193303083816819e-01,1.689656350950347330e-01,4.946310498074786288e-01,1.945537046671675513e-02,2.301086114938230009e-01,1.734756858248703501e-03,5.185948311588805398e-02,3.481255107581231190e-02,2.428994150054803458e-01,9.455538797499021125e-03,9.675185986118108039e-02,1.191548170548351743e-02,1.590143172786123021e-02,9.187971476527372061e-02,1.169109362601236796e-01,1.144750066145368700e-01,3.672691969126020695e-01,4.063380937072483823e-01
6.028108629091200044e-01,1.454971153154802077e-01,1.465237645088080243e-01,4.241655294123348324e-02,1.782415003356786209e-01,5.255439505282268053e-02,1.804293647550913038e-01,1.654386386547500032e-01,2.206854969877727612e-01,1.030528586507285238e-01,6.543982082880321627e-02,3.619501933857107723e-01,1.022635535659947026e-01,3.190939526428871464e-01,7.258320642176267767e-02,3.476062035908840109e-01,6.179301404627195182e-02,1.232722467171014497e-01
6.867562640082329750e-01,5.455107581597484073e-02,2.819193187887782392e-01,3.838172250810050756e-01,4.383682716799611745e-01,2.479194422048945912e-01,2.006746426574634035e-01,2.102129914560384172e-02,1.417524952213988776e-02,2.386667327122239390e-01,1.601495641024492100e-01,7.152307773050941009e-01,2.186956092258472706e-01,3.354211580407669979e-01,6.991656279748002800e-02,1.792244893125386207e-01,5.191477358368653400e-02,4.241744105756534849e-02
7.381865065757765576e-01,6.042543927975052576e-01,5.368627388729150240e-01,2.821429198684384798e-01,2.367269390835876341e-01,1.259229949700723938e-01,1.440426689842250751e-01,4.274666571398764991e-02,1.095142221820871731e-01,1.600597809365232049e-01,7.321085092682887152e-02,1.372222230191617598e-01,2.682575203478618775e-01,1.795092866830123313e-01,2.813558890817073888e-01,2.624072848345431752e-01,1.615543420192520896e-01,7.273303807106847041e-02
7.894873184918514974e-01,4.452160376219064242e-01,5.695654877523631532e-01,1.245751214366430798e-01,3.497449488327847994e-02,2.099439672092671960e-02,2.834949084233591154e-01,3.970770657180856811e-02,2.331944639458796431e-01,4.832742632887955248e-01,8.296895778332338822e-02,4.273450812963526801e-01,2.137662229126421065e-01,1.737824785753140089e-01,1.536617726582022170e-02,1.454773571017653477e-01,1.118086984025742567e-02,7.040913002205938243e-02
6.146136583613144300e-01,3.037134068512247209e-01,5.543202278851546705e-01,5.338208080901082897e-02,9.947382764332445004e-02,4.080799726787150833e-02,3.653852625701171086e-01,1.321350060720059491e-02,2.812550512355406762e-01,1.622227566176904223e-01,3.191762677863330816e-02,2.710537667613363566e-01,3.799835221089453707e-01,2.335472732358554182e-01,3.170276691766790722e-02,2.213789667195112110e-01,3.813804230312297511e-02,3.063645295236736010e-01
6.372682822175810280e-01,2.424147691983221109e-01,2.038340343361513818e-01,1.291799012457765516e-01,4.607000921007586847e-02,2.032936953655503087e-01,3.491556816471983460e-01,2.713495688172484419e-02,2.429461892452112592e-03,1.487811940854281978e-01,2.022920722519155057e-01,1.799558235562633002e-01,4.110055249366003638e-01,4.029026336949442788e-02,3.756558218402340776e-02,2.214649860463617226e-01,1.950414495820096128e-01,5.205418623924969483e-04
7.519695005814797106e-01,7.191856377138346190e-02,1.087999031253939902e-01,1.495945964179040688e-01,4.849442325336543458e-02,4.434916235498572723e-01,2.327108218712157367e-02,2.602494071206266635e-01,4.924964530903609972e-01,2.302506068210537563e-02,2.374938929872184301e-01,1.778182356451792900e-01,1.714052971123215460e-02,1.566484466264657371e-01,1.782918715766483586e-01,4.286754922659538614e-01,2.962242757875198709e-02,6.453923755232743309e-02
5.871821641059731256e-01,1.398677296267322179e-01,4.446533280510159836e-01,2.447939895606725813e-01,2.871476303647709991e-02,1.923088889899022269e-01,3.765884354936292477e-01,3.765206992706758293e-01,8.779708295883328906e-02,3.134949593824359337e-01,1.901214855255853320e-01,1.547047908811963746e-01,7.894963054964281024e-02,3.770328248367167956e-01,3.145971173889040018e-01,5.952356087336915097e-02,8.772676888051070265e-03,2.390846378423839014e-01
4.945292005795468016e-01,2.789037030416016694e-02,7.478075608323471284e-03,2.840399289022857987e-01,2.987510477946425658e-01,2.777852148886180150e-01,3.020603862726493546e-02,3.039590098151683795e-01,1.919129975639536911e-01,1.761743564854186817e-01,2.000464779513171643e-01,6.589123039402716708e-02,1.591063887427572598e-01,3.346680406364137272e-02,1.262038260606209439e-01,1.196518959968863177e-01,1.964813263076868877e-01,1.298946325037755867e-01
6.626422539176176629e-01,2.027167603602544332e-01,8.326819968111227876e-02,1.456740950752426766e-01,2.052974396955004333e-01,3.530575250247653951e-01,6.285770577641317525e-01,4.316115959438630023e-01,4.088494392320849991e-01,2.891275567695703042e-01,2.279135950839882574e-01,3.186235948916135707e-01,7.223131384550404710e-02,1.645870403483331024e-01,8.104331706374945377e-02,2.227768705333960930e-01,3.867666973754397830e-01,4.835065274483594244e-01
4.897500994090135396e-01,2.180662303635998445e-01,5.653566220112592466e-01,1.733850969088852889e-02,4.840747939878810996e-02,5.643177719286640581e-01,2.801005375148499787e-01,5.990537915240209954e-02,4.198576706290008120e-01,4.218923545505492423e-01,3.495078714293253785e-01,6.085962596191221707e-02,1.341740914954985819e-01,8.380216237032031557e-02,9.523696400210496238e-02,1.141662654055449755e-01,2.554498436602112288e-01,2.384608024192154743e-02
7.062233696894746338e-01,1.935653430300377231e-01,3.732388520229101281e-01,3.017140206210376929e-01,6.364831037764336064e-02,2.424761389610585044e-02,1.335381591041999438e-01,5.396622689999018840e-01,2.269733837572362467e-01,3.191096523756214304e-02,1.696076865270897960e-01,4.974847856288649312e-02,9.608105356521463858e-02,4.059716200648034179e-01,2.053577264549614687e-02,6.616007699021705379e-01,1.400204854692437828e-01,1.366649403651771510e-01
7.544510565735659258e-01,4.201446622810221521e-01,2.816615103543723686e-01,2.119939970015168318e-01,1.007815626366312667e-01,5.747181111105260226e-02,3.062878155070264743e-02,2.704696387559876181e-01,1.389160251864437201e-01,1.315834094580085878e-01,5.234464672961011006e-02,4.637916297651142189e-03,9.884973969867556776e-02,6.042715558536240067e-02,2.566467440095236419e-01,9.293918602513628890e-02,3.011404268382689153e-01,2.246380603773235618e-01
6.202227428644769835e-01,1.245711149819602459e-01,1.393504458303862492e-01,2.767157673583559019e-01,3.361847381885368358e-01,3.887666759123612481e-01,4.249815640082754697e-01,1.770994438411012395e-01,9.274079125712711424e-02,8.407877019484556735e-02,4.483375118739538756e-01,3.950753036708082311e-01,4.780042782817496838e-01,1.247123233658836566e-01,8.509632982419829128e-02,3.394643895341583062e-01,3.230762907261806594e-01,1.609687361082531576e-01
6.683638181468786188e-01,3.784443617860888676e-01,4.011338899623839716e-01,6.609271047828130241e-02,2.026376273554507945e-01,9.366083738557767768e-03,4.401758873645802428e-01,1.652517682826957768e-01,2.139233518401633671e-01,1.155986765124195903e-01,1.061196643347785823e-01,2.351986285954509592e-01,1.709461052643290180e-01,2.383082979316470951e-01,3.688080786530351096e-02,1.083894541864015987e-01,2.809996081059858430e-01,1.031774041809453181e-02
6.730233263624545437e-01,5.573176625130252804e-01,2.509740408294431346e-01,5.210091034824088085e-01,2.925128657158746481e-01,1.860266214312819855e-01,7.233072106038843097e-02,2.285020309299131414e-01,1.547749266426583503e-01,2.490657918134797089e-01,9.808464685663730032e-02,4.281214079578070653e-01,1.459326005418113900e-02,8.382022384539657145e-02,8.563999196763849575e-02,2.144980338157350883e-02,7.962997745095136415e-02,9.360866428578097642e-02
7.086675884234612255e-01,4.197935900228338402e-01,5.561733607135583846e-01,2.889547893847190241e-01,5.624832409966641356e-01,3.373219041838601551e-02,8.819065211156996986e-02,7.916579563477670056e-02,3.546817092134895710e-01,8.755070516558069449e-02,3.208294757883707327e-01,2.557344255403888253e-02,3.240700178940951748e-01,1.517293682303007263e-01,1.249962190096047532e-01,3.111847075879089694e-02,7.895495033235759574e-02,1.803693530898654307e-01
7.345536049003569268e-01,2.574453387710320604e-02,5.933384296059728280e-01,2.814550904801975673e-01,6.676237543052870871e-02,4.889459252630019570e-01,9.742813584857656917e-02,1.397609795512990694e-01,2.227864298857148984e-01,8.811085457631093187e-02,1.004665259285924123e-01,4.399513458340517102e-01,2.564948022629221502e-01,2.880650542429882277e-01,2.088066818944539771e-01,3.708722180675524394e-01,3.498990552569631318e-01,2.127678273048287383e-01
7.639575934472567775e-01,2.943670604545180480e-01,2.302868278889072806e-01,2.390644441904596698e-02,6.681781885578820523e-02,2.437851712893425726e-01,2.418264783553877029e-01,1.620008873419638284e-01,2.524160563596065110e-01,8.264605657014097162e-02,2.782717707526974893e-01,3.588106010654736836e-03,2.743400629573659044e-01,5.770658925549312923e-02,2.316206629381626914e-01,2.922463096542943228e-01,1.447429998190331302e-01,8.390138785185051462e-02
5.761268089809341575e-01,1.853837999906484402e-01,4.568070840791685870e-03,1.549164642436713646e-01,2.249787826884102129e-02,1.915585064487194678e-01,2.288626056808621967e-01,2.375107066900663533e-01,2.277388536214867143e-01,3.338746404811471780e-01,8.465384590509883456e-02,1.130313678578157705e-01,1.726596992353198745e-01,6.868706365283433479e-02,5.557809750937249549e-02,8.370406579180177109e-02,2.622701858116006576e-02,2.343155625376223961e-01
6.703672566011177336e-01,2.612701212653235627e-01,3.136961586231837851e-01,4.789042957393867539e-01,2.861869202395411760e-01,3.675475210075217491e-01,7.522064355446746176e-02,3.759379727428562024e-02,8.135118743681002407e-02,2.380072487409028437e-01,8.111817131330946451e-02,1.175571741872526443e-01,2.839650655730446838e-01,2.363018889776733189e-01,3.177606813523802809e-01,1.152209324117314804e-01,1.506803206576415588e-01,3.137600431159630054e-01
7.409441137860983684e-01,1.612544630202596974e-01,2.517770090098443714e-02,2.735432899605641510e-01,9.872363171474415888e-02,3.448500310091685561e-01,3.046689800708746176e-01,8.593097450330978732e-04,1.007226872371109888e-01,2.707199247332230385e-01,5.402156313199550919e-01,2.195307474622790467e-01,1.048971947450360181e-01,5.654598177487705352e-02,1.746872600056114944e-01,1.887722072019411834e-01,2.622067067445445487e-01,8.107526004612830572e-02
6.956300192510795899e-01,1.870578710559991920e-01,4.708988163414071920e-02,1.791451094763581720e-01,2.749726219125921411e-01,4.254013488019554590e-01,1.240378869678498280e-01,5.943777798875757301e-02,1.409946721873386877e-01,2.967547636787694343e-02,2.534355786764295737e-01,2.258447320471052011e-01,2.506814163707180021e-01,2.704310571953078002e-01,3.673781395799141092e-01,1.312112531393440085e-01,4.791394534170892450e-01,2.277830525680861473e-01
5.157648200859167309e-01,1.165979913590456940e-01,3.992183960102727025e-02,1.104502023009261980e-01,2.875431319488589987e-01,9.797758690494956513e-02,2.517315391303437955e-01,1.615911098066123014e-02,3.679935946273736602e-02,2.319932608644814376e-01,6.398547298927623195e-02,1.702466145214295845e-01,6.344900336269784780e-02,3.479241389511495974e-01,4.332569874389056302e-02,1.569493285582790054e-01,2.016744989801279864e-01,2.790378776983240550e-01
7.560910464246196616e-01,1.770481687327414289e-01,2.723104404665547817e-01,2.586867211059039329e-02,1.137225966179063186e-01,1.488937282736011447e-01,2.301562617984938275e-01,4.482419010437938001e-01,4.910311722198687501e-01,2.273615965986112708e-01,5.099061187043985033e-01,1.307109359292630835e-01,3.944973386808947047e-01,4.362887309489189569e-01,4.557803290018669351e-02,1.660485593759901402e-01,4.959277443641572913e-02,1.757744727850974464e-01
6.716725073703156967e-01,2.051554846467432691e-01,1.646882000303876992e-01,1.807114127875060761e-01,8.592383006536129242e-02,1.083156372776652859e-01,1.027849837596785110e-01,1.366823893249891897e-01,8.367095474689413559e-02,3.603962580592728893e-01,5.658538927683039871e-02,2.457809863045462007e-01,4.479453108100782122e-01,2.392602694408960118e-01,5.001053334826992963e-02,4.169791904325690357e-01,3.646372849113275194e-01,1.845055506567100934e-01
5.747424503922428096e-01,6.956607977550101352e-02,2.306702484751535498e-01,3.972252098946537080e-01,6.334034568427135969e-01,1.763128706262534207e-01,1.605256690475592996e-01,1.832419017024897179e-01,3.577329250732605437e-01,2.302617349364302901e-01,2.679031687932958428e-01,1.325422214080534122e-01,1.248760268512141003e-01,3.350608674671591569e-02,3.723056441970672426e-01,9.567014197241298368e-02,1.115237304050026718e-01,8.764996266627335386e-02
7.544895546931880137e-01,1.509965817265746524e-01,1.806008364716637227e-01,2.489202930378684592e-02,2.305868167804370761e-01,4.064228147048676992e-02,6.071132345625911489e-03,4.072707332525123958e-01,2.745998499154280736e-01,4.221450078300487130e-01,1.364691741692029836e-01,7.830583289204143260e-02,4.313525721972524124e-02,1.009149443704209365e-01,1.747462383916706941e-01,7.929771916658218123e-02,1.770681717705169522e-01,5.520234035440506337e-02
6.366996195621069665e-01,4.234062323332742767e-02,2.619177231383427173e-01,3.228760039834003837e-01,2.298227406531761774e-01,2.503094929309495065e-01,1.097186835586743958e-01,2.269977600846298793e-01,5.455683927269117106e-02,2.165510691918469122e-01,2.203899709018731223e-01,1.557693804328568188e-01,1.939526760967356100e-01,3.911104461391473608e-01,2.445045139455797462e-02,1.790147406243538034e-02,1.658079992327362862e-01,3.416769467931446425e-01
5.707898680295934168e-01,7.266354086218868025e-02,3.837200772166509677e-01,1.157077069318170059e-01,2.706494571807211980e-01,1.005735767187233703e-01,1.505282878378647327e-01,1.718664069019056884e-01,1.613578231617147363e-01,1.873059775874767741e-01,6.726447736654646119e-03,9.239613357442122421e-02,3.364845056465850387e-02,1.627874531015402471e-01,2.513484501994148190e-01,2.141477692068430999e-02,7.023750914931767286e-02,1.538241763203094525e-01
5.890975469018728816e-01,1.579879470226248361e-01,2.724111750510305185e-01,5.013088506613263551e-01,4.843316092579399296e-02,5.877337029539745350e-01,2.909144276849189859e-01,4.069270474135472937e-01,1.210189083075003669e-01,2.103201801820947167e-02,2.030441472131312430e-01,2.265167163556319474e-01,9.431607956089231581e-02,2.786036896695467391e-01,2.295206990985561857e-01,1.184106535996578974e-01,2.711024906680655766e-01,2.536391305434246846e-01
7.619654477386411662e-01,4.877494756011631349e-02,1.255117196940384872e-01,5.015738042814588127e-02,5.273922819393407624e-02,5.152209012377304692e-02,1.331184173686972561e-01,5.023705373495602339e-02,6.079158727886875557e-02,1.214491323802172479e-01,2.344469330620075620e-01,1.270322589573114058e-01,1.130638089640785132e-01,2.057711825277135642e-01,2.645060557442139443e-02,1.277767651039167784e-01,2.733238910090180496e-01,1.566097421038940007e-01
5.744271345643038318e-01,1.585055863108919827e-01,9.683678728284075832e-02,4.606546619864431702e-01,3.665951299223429438e-01,2.991413379493280678e-01,2.047337543010864791e-01,4.603770641307170647e-02,1.789810970677297997e-01,3.331644357190634287e-02,1.853211064228825755e-01,2.278822723890735202e-01,3.483339102338283144e-01,9.500470765809268525e-02,1.535703117852821320e-01,3.539461870617465755e-01,3.136612074174294773e-01,2.596722611539112324e-01
6.506956474389223866e-01,4.904555731881942160e-01,4.239424550663455915e-01,1.857020705013032458e-01,2.507279040668294323e-01,3.275334127992183819e-01,4.114037684165783304e-01,5.935773075649554420e-02,4.184538051180895502e-01,1.021530941982008583e-01,1.977837051815353742e-01,3.419856322063036802e-01,2.993206144802348923e-01,4.646697086402831051e-02,3.165678784810159029e-03,4.904792119888033708e-02,2.861870123360269955e-02,2.135513692016201559e-01
6.719791806622076313e-01,3.640977599214971772e-01,4.872825703754098958e-01,7.022454306902058130e-02,1.847124766789863537e-01,1.755213903981292234e-01,3.392855073938766397e-02,1.259698371865227151e-01,2.659641049397731480e-02,3.414540290966538993e-02,2.895235723280262796e-01,2.947801171491348793e-01,2.831947012302933886e-01,2.054088839874793626e-01,2.574598195016730706e-01,9.167307772705358959e-02,3.649993125082980905e-01,1.525054686500224577e-01
5.916524658723488761e-01,5.558938563544019856e-02,2.694548260810761264e-01,1.021931693559928744e-01,5.578235263100266295e-01,7.097553534944321674e-02,9.154320169678861752e-03,5.052363544167062792e-02,1.206543281053481520e-01,7.593270960902630262e-02,5.536158117683787072e-02,1.415319952236193668e-01,1.586215901529230698e-01,1.425476218397822847e-01,1.476468916558313360e-01,1.237733580502451414e-01,3.699489105304064607e-01,8.545159514594775907e-02
6.000457544420317868e-01,1.285038782884018460e-01,2.802064592594228354e-01,5.142539884255423743e-01,7.341527060649308267e-02,1.147293428147839883e-01,3.100421193696665245e-01,2.393661606001334652e-01,7.828109398280487519e-02,1.514653518437475699e-01,9.350163636346119078e-02,1.113101723690386596e-01,2.501494488228462321e-01,4.186842225435668530e-01,2.946039122374716768e-01,8.022414963060010840e-02,6.940785663982378291e-03,1.954173985655654755e-01
6.762911096678259071e-01,6.082755088798882243e-02,9.959898256931126737e-02,2.791663310279606236e-01,5.871947771647047232e-02,5.099806081659766788e-01,8.278114524606049185e-02,9.139804861341022449e-03,2.401328161771038722e-02,2.495776050257598189e-01,2.009991919099023139e-02,9.341819258540345894e-02,1.569576972952676785e-01,2.806422436424429456e-01,2.659215041722011105e-02,8.481746752396902844e-02,7.202002927495319839e-02,2.267857145893259763e-01
5.640660182998330496e-01,1.071298751872833271e-01,5.620874138586822166e-01,2.206349385006731514e-02,1.874605277820681065e-02,2.031479877993750127e-01,2.475112589186057033e-02,2.726207031384269563e-01,9.222947084234085768e-02,2.941253643369330650e-02,1.589472303892582039e-01,3.111186017372036816e-01,8.729365089473864470e-02,2.027136084452614284e-01,1.713938678384209768e-01,5.326741627747528379e-02,1.318601375931617581e-01,4.043936187302878404e-01
6.165686222131036009e-01,2.293684542406641269e-01,6.017962538771887138e-02,6.214125878177003681e-01,2.490265485974451631e-01,1.115396033639864254e-01,7.337870971452786772e-02,3.513485262255837127e-01,1.425261430571826970e-01,9.826073030702896227e-02,1.125956611228757370e-01,7.769877442528266842e-02,1.359294491610318900e-01,3.668231866909903993e-01,3.145685638200484413e-01,1.651272172622237910e-01,3.732519376001755540e-01,3.689857761626257338e-01
8.665915634160020753e-01,3.076665765389831608e-01,5.854147302537348468e-02,2.381090052436155569e-01,3.963910343750124965e-01,4.208082918246425219e-01,2.662993287904088027e-02,9.466849210715069796e-02,2.480747980492523930e-01,2.126606067252821974e-01,1.048627102360193269e-01,2.119662455024473036e-01,2.359376267547789452e-01,6.794419788757737055e-02,6.975630715894318157e-02,2.872099928402958025e-01,4.933378917561304644e-01,1.461994409312268317e-01
5.842080980477866170e-01,4.378533034892075765e-02,7.261063913935636438e-02,1.889938239675943155e-01,1.120774502908093856e-01,9.424532570288199351e-02,1.464295476885063008e-01,1.907925241211306383e-02,3.309700087380544609e-02,3.704600596300693105e-02,1.606324204906442177e-01,1.534456363978339843e-01,2.439699634260741323e-01,4.115365138224754693e-01,1.829878018955076457e-01,2.447868655352691547e-01,3.527113043578101736e-01,1.033550268507829051e-01
6.116197605342811316e-01,1.613168740111446675e-01,1.363779335322899411e-01,7.248620016142555411e-02,2.258959861493117227e-01,2.115345214620951465e-03,6.080830750486004854e-01,2.452886565387122908e-01,4.453151182184313106e-02,1.501589732493308904e-01,1.667700233184002123e-01,2.902069719219846911e-01,8.750270606928021999e-02,3.453569304122439676e-01,4.622761651202420552e-01,1.680643846883513384e-02,1.128394168591716068e-01,2.041260266623455555e-01
7.895787010316575039e-01,3.314438144622445237e-01,9.593329435821322526e-02,5.669908642168564744e-02,1.669918586161460716e-01,2.893947661235262703e-01,7.682902876615629872e-02,1.688323015527760929e-01,1.499658681691720119e-01,3.421441139655234664e-01,8.933136518381865065e-02,3.476669938611417349e-02,2.900863261750340483e-01,1.065203899647481842e-02,1.501698049956443071e-01,3.063526659249568573e-01,8.875278633813202256e-02,1.029098831355334115e-01
7.772396277250233076e-01,2.282424692788724563e-01,2.125302657377068638e-01,3.289364625311206464e-02,1.067777825799117175e-01,5.516658486250053395e-02,1.705629758375585558e-01,9.028206781602778064e-02,6.093025197596327325e-02,2.745341276144152021e-01,3.180059632575373829e-01,3.072218574276960532e-02,5.937252628867350362e-02,3.172132557598615343e-01,1.217026705336706344e-01,1.174006364711005085e-01,1.240598252117520728e-01,2.167334291073634012e-01
6.964853444974138386e-01,1.708018456552080205e-02,4.938850260895827904e-01,5.004585716463356981e-02,3.694761211756938946e-01,1.185312431552824203e-01,2.252626086728069365e-03,1.216461169132073694e-01,1.526160225953899011e-02,1.579335048654191831e-01,3.984041011058185866e-01,1.018773637045492786e-01,4.835217823067330389e-01,1.453370316071515567e-01,2.808421348487430413e-01,3.187188858026624994e-01,2.977928075434717603e-01,2.219630737176510327e-01
6.240517085395936858e-01,1.539976365003945802e-01,1.207602452265841078e-02,3.488110276216117023e-01,3.058868191882033738e-01,7.833969985770338276e-03,1.468408344314141301e-01,3.929445045417646054e-01,2.790497499770881462e-01,2.850027563398676023e-01,1.902000318866408635e-01,4.657676501943962960e-02,1.989384843980031015e-01,1.543305140549776910e-01,9.483045332533918126e-02,3.691296341489292976e-01,4.825808509897742127e-01,9.322088136896757027e-02
6.397740318417944883e-01,4.599652572380834581e-01,9.393098928716847248e-03,4.361337473584554064e-02,2.244128724677564926e-02,9.717396507068526423e-02,1.337422967448364253e-01,3.691966942461889084e-02,1.675133553226962613e-01,1.475343146042924942e-02,1.713354864775725184e-01,6.121561915809485555e-02,4.787751845186716815e-01,7.968721174956970577e-02,6.324960050780227550e-02,9.310746922264050152e-02,6.681982404265637832e-03,3.580886566366119905e-01
5.931112853995076373e-01,1.750075294729787068e-01,1.748371528054257773e-01,3.860293986309291069e-03,1.041093552008260231e-01,1.066978733376023475e-01,1.270563504688066725e-01,3.630713963593563132e-01,3.318083175554727843e-02,2.636896010619856900e-01,1.849153733702938451e-01,2.910805657191302756e-02,1.663839028127894470e-01,8.217238557135490840e-02,2.832408548909636781e-01,3.879300826194976848e-01,2.905581065997320245e-01,2.170251611073718001e-01
5.526936926317260745e-01,3.194747483399447419e-02,4.035600800128846255e-01,1.142222079768220044e-01,5.612958959829007499e-01,1.436043647790012368e-01,3.153381175771570732e-01,7.497773455848888435e-02,1.391593621214851917e-01,3.937126346336823346e-01,8.283350065522462891e-02,1.887696951940838197e-01,4.415612499508436706e-01,2.987932191234746737e-01,5.658054134520620199e-02,3.485466217602161687e-01,4.786467332220948889e-01,3.744574458840916886e-01
7.556983217970163480e-01,5.238167141513357106e-02,5.878630239280645542e-01,3.580318407801112435e-01,4.775774067984744908e-01,3.385875242927204876e-01,3.710605117227960825e-02,9.985121666098104032e-02,7.130638044993566071e-02,7.775908391143113163e-02,6.348717396732152241e-02,2.901810146753275310e-01,9.689214876343960059e-02,2.386599850822593294e-01,1.631868547860651844e-02,1.255165391063783609e-01,1.152759663941984175e-01,2.643366317214042582e-01
8.215977334551919364e-01,2.262540454849931715e-01,1.891753719514020493e-01,1.116027498394760314e-01,3.169949652987434363e-01,2.999612493672087488e-01,2.893466158460837323e-01,5.313067128367621184e-02,3.003657583465164649e-01,4.471979205254513201e-01,1.413407084772812794e-01,1.091143834419529834e-01,5.240649583785392807e-01,2.583545156374009721e-01,2.987476065740628738e-04,4.848214443894014458e-01,1.453834249522246158e-01,2.669107322012829187e-01
6.329494069498671216e-01,7.958782982106572812e-02,2.790476603845797876e-01,7.907528496949499386e-02,4.979654387179546227e-01,2.430931733990842891e-01,6.129661708662662717e-02,2.210927412656542579e-01,8.154112307157264372e-02,4.169764643110047131e-01,3.206061989031874782e-01,1.693417317072271611e-01,1.366191396274346603e-01,3.878500439695553581e-01,9.373777377787812989e-04,4.926842852731489614e-02,5.605952282109403356e-02,5.412433172655509162e-02
6.033379061559362988e-01,9.448629940256610127e-02,6.955676696061625919e-02,2.418990047755118777e-01,4.584989163015292801e-01,1.458683114874510245e-01,3.025146777617439553e-01,1.191788119316369160e-02,1.502741179805335558e-01,2.614449656685488566e-01,2.700630845660361712e-01,6.384611368160689193e-02,3.593469909933931783e-01,2.796736580537362293e-01,6.934477486010694192e-02,2.028891879477728033e-01,2.513012669296150192e-01,1.232856784109848253e-01
6.602894923066847666e-01,2.057498443230129925e-01,3.609349641506607309e-01,9.179109716816867548e-02,6.445339199892085036e-01,2.775999808412574765e-01,2.665821119673711381e-01,1.177494900322882537e-01,1.796408314737336920e-01,2.819639252857092382e-01,1.094943950897330487e-01,8.195168192373239457e-02,2.831359596442684090e-01,3.841506365313155369e-01,3.326908849960495962e-01,4.857204713149345099e-01,1.444402158043820439e-01,3.380082373849147004e-01
6.566142136778562177e-01,3.679744012748241699e-01,4.037664103281378147e-01,3.844269073652573088e-01,3.161958577147595123e-02,2.145754230666700180e-01,1.199295293374615101e-01,2.280042004586360638e-01,1.138193831231019693e-01,1.957104613824181272e-01,1.577715053566629555e-01,1.092255261724120047e-01,1.976642239121908229e-01,1.116524614723126141e-01,1.634866499908529730e-03,1.851899279052689751e-01,2.452453336228764269e-01,1.756262432703018794e-01
7.149725163517112181e-01,1.779728974667200633e-02,2.149671410014346862e-01,1.427901108906526884e-01,1.400937567487056390e-01,4.848910578671404292e-01,4.349864799115650549e-03,2.119174286217977710e-01,1.447686389576934018e-01,4.815614278842814677e-01,2.681594849544221004e-01,3.178935485190506061e-01,2.271177328695568251e-02,2.719763429224104079e-01,4.635402000100977693e-01,2.482366814078390549e-01,2.820760963587765624e-01,1.684070709307166624e-01
7.929466012981749579e-01,1.269386005092442704e-01,1.140102172175405798e-01,1.817077740061389390e-01,5.035588954854119947e-01,4.091919805854492970e-02,1.033557870228220404e-01,2.375014907245286966e-01,1.295842269147161052e-01,9.630844173336224057e-02,1.028497807940085135e-01,3.101653196227674089e-02,1.873651526286957136e-01,1.414581447165196848e-01,4.563822097534183525e-02,1.975185332462370547e-01,2.615849253365084004e-01,2.450286452662505665e-01
7.309123095265248615e-01,1.301049738430448688e-01,3.697015651856165874e-01,5.284690239220342367e-02,1.082857366779009511e-01,9.915951417264502743e-02,4.692684403213030486e-01,1.991410472341023918e-01,1.617846301643627860e-01,1.195558141151124854e-01,1.463907231720884203e-02,5.850893096077271899e-02,1.701515356987024774e-01,1.296409561230554494e-02,2.658700643571853539e-01,3.472645554264390255e-01,1.703809001319460670e-01,2.812089262794861821e-02
6.717661900502738259e-01,5.925047095932163554e-02,2.232442698218526089e-01,1.859246253840916852e-01,9.402801895245458405e-04,2.174193827027299519e-01,3.458162542940588224e-01,1.901078106598895479e-02,7.685746246150064465e-02,2.867466781302145662e-02,3.629737818154668647e-03,4.909404359890028879e-01,7.476272313579059026e-02,2.250928821490734422e-01,1.876485723976478032e-02,6.396896684204300687e-02,1.551580071853966847e-01,2.099602986342186395e-01
6.809953798736034791e-01,3.104690023765528384e-01,5.114547320835284294e-01,3.803990684523992361e-01,1.314009456793027442e-01,1.828546876934145915e-01,3.944744712828873734e-02,2.100706204726225934e-01,1.630336646943116308e-01,3.333306272657398095e-01,1.018995170533145561e-01,5.314101790555455507e-01,7.932794281996289124e-03,7.843775264331480368e-02,9.859692562954927575e-02,1.448967263182222298e-01,6.114133738341263197e-02,3.963011037150406257e-01
8.142336692659352115e-01,1.325423541103280811e-01,2.566045047526859801e-01,3.058011207213647276e-01,3.679498064401791613e-01,2.501868951254039297e-01,5.422261594224455639e-01,4.620159153533784369e-01,2.429044816189683265e-01,4.214054309794082465e-01,1.864484168437207656e-01,1.113218687416663299e-01,2.383055179996280970e-01,1.806362079368769025e-01,1.155620392460472851e-01,7.897893612420728293e-02,1.318220088790911237e-01,2.040167481680442152e-01
7.091793633477362357e-01,2.727762958840996843e-01,3.776209308505659723e-01,1.210847585121479913e-01,8.805499172625282089e-02,2.801885248860296329e-01,2.724155337096718227e-02,1.227550260883049915e-01,3.270458601067150473e-01,1.371586480907946611e-02,9.460015502710293969e-03,2.125613826079144897e-01,2.707123499112974452e-01,4.349236062433199379e-01,2.951324137459996888e-01,2.463931617644525285e-01,3.918170854779320367e-01,7.036343356429204665e-02
7.610124620161993203e-01,5.127213254557932975e-01,1.765511029530145715e-01,2.983484812537025577e-01,6.889138718675878736e-02,1.859531821899480797e-02,2.727629904194443511e-01,9.667880305964786369e-02,2.979746379626477260e-01,3.566625096510308429e-02,2.702965573183204948e-02,4.340418226211165825e-02,4.656110751938152825e-01,1.303633319801886237e-01,4.846565210494508391e-01,3.559254061616110021e-01,2.666181215436129737e-01,3.345890096825430149e-01
7.634483409472517801e-01,2.600081749784683982e-01,2.416919858676621347e-01,2.993709935614269901e-01,2.586455403248064111e-01,1.122259376030854683e-01,1.465577300580056530e-01,3.260509957724754826e-01,3.141310916334711933e-01,2.608034862265473652e-01,3.935250104664230614e-02,1.226285519974636001e-01,4.310945570929992920e-02,1.947659944576107249e-01,4.410320783759430485e-02,3.864815554292794220e-01,1.554017794715909506e-01,9.504345873645086984e-02
6.863146397038314417e-01,3.452164469178001238e-01,1.349270351897233489e-01,1.794826516268147876e-01,3.952281801406672401e-01,3.964487282419610903e-01,3.078995982221729901e-03,3.507959024513866986e-01,3.149611111528272667e-01,2.610928591161373880e-01,1.041307737911797149e-01,1.140220426395887610e-01,4.449698563744215740e-02,2.115059088180828162e-01,2.638406728962304146e-02,2.195071387125597517e-01,2.527962887451186136e-01,1.177713751770095990e-01
6.761603633859976092e-01,2.830858881400436511e-01,5.261380476651245780e-02,2.863814064109793667e-01,4.776060439595157803e-01,1.554098918598503243e-01,1.081036933697816227e-01,1.032647618825501268e-01,1.081696895741384758e-02,3.376484140414040547e-01,1.724690811480024399e-01,3.047427015177447962e-01,4.015724273188103072e-02,1.017573315490237079e-01,9.089674387958315838e-02,5.830844853973223690e-02,4.895000153077428973e-01,1.390837417974464529e-01
6.881500332243123408e-01,4.112508692764136331e-01,2.755055852724921372e-01,1.313955088634115864e-01,5.050683024181020636e-02,4.159314726382954963e-01,1.249520612469275094e-01,3.237241086343595198e-01,1.430481973710047428e-01,3.357323167603987191e-02,1.140801530038555445e-01,4.233195984541481688e-03,2.811465409195353440e-02,1.600900665045734417e-01,3.237389401046876780e-01,6.963528928225352910e-02,3.055994639986545636e-01,4.772346195152150083e-01
6.678590324988425975e-01,4.532511521370938823e-01,6.962722760331500893e-02,2.642946286148504798e-01,2.296574842917184223e-01,1.494531114752908896e-01,1.986487072588623559e-01,8.524796003979617787e-02,7.519669594764163967e-02,1.284887910680407308e-01,3.716520567371968398e-02,4.024209964194008782e-01,1.986681165352698897e-01,4.909944688395225930e-05,5.342201208535509727e-01,1.559522258440500520e-01,1.371905611951095005e-01,4.521716994644568027e-02
7.370528608462331155e-01,4.363510144700512294e-02,3.160845197645579807e-01,1.071721013625522023e-01,2.068481031136898407e-01,1.353314252329922418e-01,3.363354612649010339e-02,5.395812530625062470e-02,2.115764561891414208e-01,4.815508220086370805e-01,5.829403652127095742e-02,8.424594789190487099e-02,2.847499860062472909e-01,5.441253075393476940e-02,7.984413688189342939e-02,2.010805814260637481e-01,2.485084328707592438e-01,6.783209692691583026e-01
7.043889365830042770e-01,1.333325243924351478e-01,6.895964056329672784e-03,9.830957835421220981e-02,5.402107392970158933e-02,1.388830371620420889e-01,2.055393779588678138e-01,2.767017230243231651e-01,6.333091580532111686e-02,1.073196954814251425e-01,2.571570002351670214e-01,3.958839353477457829e-02,8.467087773631697123e-02,2.962913698994203981e-01,2.716366645574728733e-01,5.151278111306369090e-03,1.868454321121125195e-01,2.378046457152453719e-01
7.452691784764450267e-01,2.033442995696843336e-01,2.595629998987576403e-01,8.242284805926884672e-02,1.446128826003496015e-01,1.885701129642210483e-01,1.331654875343490085e-01,3.910929070584509559e-01,1.307540664077190828e-01,1.116458255923187398e-01,6.283209165425190923e-02,3.419869342797012268e-01,5.628788495684303173e-02,2.548512328314263553e-01,8.813537461212005153e-02,3.071813599202809567e-02,9.781266252926794358e-02,9.731696623373707611e-02
5.765272883614590560e-01,3.787527680276295272e-02,3.338392235102807803e-01,3.361230033998474087e-01,2.704359661354052702e-01,1.201886484298689967e-01,2.037230137325412305e-01,2.671045648912969139e-01,9.614383250045299700e-02,1.505672576576279897e-01,3.350338480342147235e-02,1.613828343005642083e-02,2.490925690218358246e-02,1.251962307838418165e-01,1.523933353404024194e-01,1.968620676439050421e-01,4.625836761114396345e-01,2.428312142077008184e-01
4.442958342254028636e-01,1.189190947349204053e-01,4.759176490113378732e-02,2.479382775969150507e-03,1.856040767776884481e-01,1.936278435898572126e-01,4.652916693870632336e-01,8.702361143938414090e-02,4.111091307364049888e-03,6.271353671685675479e-02,2.005567314177498714e-02,1.492734244964938166e-02,5.648449930938095193e-02,2.013784748363317834e-01,2.704289017787255833e-01,2.214404562329634896e-01,1.655983154175610372e-01,3.880899086060369263e-01
6.186076730100243948e-01,4.681989516402568774e-01,6.273507067868767662e-01,8.188284149185696970e-02,3.177765585240359680e-01,1.552796685009278643e-01,4.498725513995117109e-01,2.086125598547650672e-01,2.017912179553769253e-02,5.884543089036567420e-02,1.486896883113197065e-01,2.114286963707377731e-01,8.900975663368862478e-02,1.174180075346199226e-01,2.254911138833304296e-01,1.374248705379816629e-03,5.126262747169786360e-01,8.198744842703642108e-03
7.807719762393899865e-01,2.981555057312095247e-01,2.269497084226652084e-01,4.630253121989529319e-01,3.056694563049275892e-01,2.652532654251638089e-01,3.228374295992939014e-01,2.624817468880352167e-01,2.736939032262452054e-01,2.650298598491653834e-01,3.842709199889876026e-01,3.107286091103145798e-01,3.165389039389396482e-03,2.882537649291074255e-01,1.094751817312415998e-01,8.204513545554532883e-02,1.565288564363737367e-01,1.043853583829857518e-02
7.079891727839671134e-01,2.012447445649403477e-01,7.133368498304040739e-02,1.991212744804668755e-01,2.546219518877034793e-01,3.559322808155859774e-02,2.004809003137470180e-01,2.349854322964330944e-01,2.046756452421331085e-01,1.397117773480841159e-02,2.138950066914095394e-01,1.388255889496939344e-01,2.575429615187252441e-01,1.847893948303936107e-01,4.303627622639480954e-01,4.900531043863070590e-01,7.675734925382543539e-02,6.807301515241367951e-02
6.466976938968795885e-01,2.111437654502429026e-02,8.230066616149617209e-02,2.539384129296481940e-01,3.336964451315438396e-01,1.574688801432844176e-01,2.790166536206434289e-01,1.989352675976317764e-02,3.274367519164598783e-01,1.182480448003440238e-02,1.509100145956378085e-02,5.363489368334631302e-02,3.386456179372419051e-01,4.141635425363175416e-01,1.040798523025744521e-01,5.756402857296658016e-02,3.961079121716429841e-01,1.875284794597600890e-01
7.273042955547079913e-01,2.596900644649243750e-01,1.944549504954820856e-03,4.304170880292314955e-02,1.112682758826677720e-01,1.974498117118779206e-01,1.796793419169380457e-02,1.636231623767187282e-01,1.451090489317524018e-02,1.077780955791697443e-01,2.954285582462267690e-01,2.956426412882172117e-01,1.942520763222684022e-01,1.042190996136103942e-01,1.521459017928884494e-01,2.517275014218751661e-01,2.362980188341675183e-02,2.585508053932435990e-01
5.509565170419407076e-01,1.232094725107915623e-01,2.456556061241159383e-01,4.256949703086327363e-01,1.497459172322881116e-01,1.982623832201748648e-01,4.235436433667863487e-02,1.655938472897157399e-01,4.395890147341133952e-02,8.446964611551828483e-02,3.125510174758914794e-01,4.151094170155554264e-01,2.475592996272005797e-01,4.072036762480648608e-01,6.773868859671784703e-02,2.291437169932798446e-01,2.850930596025381680e-01,2.217706663104493658e-01
5.501484895433447209e-01,1.613389109628081131e-01,1.762731992613690846e-01,1.560247807319312119e-01,2.874687055953979442e-01,3.557354111805434704e-01,4.826908086557168964e-01,2.714279615017866059e-03,2.685191879836438256e-01,4.427800914590240833e-01,2.525650082629614657e-01,2.469782919967642709e-01,9.545785442016371802e-02,2.066079202451283625e-01,2.615687515078505276e-01,3.141809336731129498e-01,5.844738939079276163e-02,7.478079206692672676e-02
6.291704076512679711e-01,2.799634740947387068e-01,2.987775226084610214e-01,8.241353908602931655e-02,4.742549175737257455e-02,3.803660087700806020e-02,4.365484355129483074e-01,2.499199390229938644e-01,1.236169415823690915e-01,1.715998444190864058e-01,2.357792480744019259e-01,6.238830245784450224e-01,2.053995777811216117e-01,4.414297358019150103e-02,8.167914859898763383e-03,1.330341928545931973e-01,4.238051707106228055e-02,5.501716878503802588e-02
5.900205925929842277e-01,3.233991220368074293e-01,2.580307045932542925e-02,3.851728107286708086e-02,2.583896526800806281e-01,3.092605397684912716e-01,2.647332034470747386e-01,2.109933461707422520e-01,1.403304018849547280e-02,2.756115037197615081e-01,2.691688178607118398e-01,9.253809199800731855e-02,3.472679213467273485e-01,3.273482833165729938e-02,2.264640548815804455e-01,1.932600385805931797e-01,1.591425962983183950e-01,1.793070196829885388e-01
7.523044309337645341e-01,1.377225661128415359e-02,5.085531458040725150e-01,2.938300347004855206e-01,2.881982695901031954e-01,2.892010096149378318e-01,1.198428518568911000e-01,3.241230477360700357e-01,1.229345063090208356e-01,1.355662279696578099e-01,6.801276780623936868e-02,1.386996046880356603e-01,7.301387890566857219e-02,3.600787869271205865e-01,2.843674647623204987e-01,6.708978139949094144e-02,1.321948407295599724e-02,7.852006642659581370e-02
8.049323804190411380e-01,5.816436940500499531e-02,2.055702367388695662e-01,1.138633902999027503e-01,1.041755554846105075e-01,1.746589405933757777e-01,2.891211763935843670e-01,2.282531202288205219e-01,3.144304226523149670e-01,2.737392985017521041e-01,3.048545961563710049e-01,3.228018212275495791e-01,1.885210269428073959e-01,2.354836299162298696e-01,3.249923585138448368e-01,3.949576158070984833e-01,3.474378322415535569e-01,2.444020479963242287e-01
7.518562293064829927e-01,2.336096031697332820e-01,5.134214216300798661e-01,6.140897645369404190e-01,2.844951132385795667e-01,6.547741766702595834e-02,9.337431933099117620e-02,1.977583793381616079e-02,6.032162524392725017e-02,2.113115056586658547e-01,4.242584219647010241e-02,6.265580264454564952e-02,1.264247854028874019e-01,6.095707346554356948e-02,3.799139559005756395e-01,7.495064046705961214e-02,1.408005047420680944e-01,1.213570515883934386e-01
6.398911755593506001e-01,4.945460603643036523e-01,2.413984091566127310e-01,7.844971023758764983e-02,2.260966706879070642e-01,3.073584884381804216e-01,9.255477297528760805e-02,6.622152557401217270e-03,1.918546454344484398e-01,5.551763029434582108e-01,4.222692058845305407e-01,1.118184978368079868e-01,6.532143280564825516e-02,2.087901182071782713e-01,1.840886405237912582e-02,6.110388298002059071e-02,2.649260845491646088e-01,2.294755337968015507e-01
5.078351814092286753e-01,1.412243584534915997e-01,4.308567204556661978e-01,9.096424649009371421e-02,9.194582504269355194e-03,3.822444567278643901e-01,2.297815999933851827e-01,1.870600137604910840e-01,1.377581740508739827e-01,9.129667939899228923e-02,1.098562496779798281e-01,6.259641009892431551e-01,6.525578564410269844e-02,4.875062233214979002e-01,6.165092125394203704e-01,1.442183336213684374e-03,2.058249285241855187e-01,1.315422864300072325e-01
7.158931403633754798e-01,9.899536858734567235e-02,2.922315438196774195e-01,1.468341737560088789e-01,1.580197075057059586e-01,6.275425316952602806e-02,5.606664104638076074e-02,2.440637303243969880e-01,1.269558016569273806e-01,1.495993873547564468e-01,2.004777107958824189e-01,8.297535503855366090e-02,1.611599558749622907e-01,3.491482630322530478e-01,2.840944837628956443e-01,1.809713917129033844e-01,2.977606604601560902e-01,8.907005785109395335e-02
5.168451361303115776e-01,1.695285317561652794e-01,4.386961942278589932e-01,1.127503680549109683e-01,4.001462703636081142e-01,4.535088758376649154e-01,1.813336070218747320e-01,5.705897924335556586e-03,1.639848288109522489e-01,2.216632936680789923e-01,4.288081727003320021e-01,3.564794809116794694e-02,8.245382076962053108e-02,9.120926299551899985e-02,1.409186324543581503e-01,2.255470535432128332e-01,2.206307650750502503e-01,8.946516676748247909e-02
5.528684046215051051e-01,5.938434934804420751e-01,4.580446698399101568e-01,2.268050276523542186e-01,7.414363838642565319e-02,4.256753958366954471e-01,2.684676982385728605e-01,3.039981520717035535e-01,1.066047819667607227e-01,3.332088795490907307e-01,3.746486677125785425e-01,2.967185002140988737e-02,2.497456615870693730e-01,2.824721788933868757e-02,2.954214210126365758e-02,8.979550523159478270e-02,1.433589401997898971e-01,3.904097410070696550e-01
7.517535587277371922e-01,1.964767266415798005e-02,2.637730503619945543e-01,3.487472508397000404e-01,7.873288280188359134e-02,1.343829282688897148e-02,2.845818254401536462e-01,3.546211662724911839e-01,1.468859829870481915e-01,3.265353713417202819e-01,1.540968580221741546e-01,1.499062106597600363e-01,2.985139863255938386e-01,7.048264895253862627e-02,6.055304269503049980e-02,2.438302336258694747e-01,2.061951911815437799e-01,3.308787844317944149e-01
5.071141481824436026e-01,5.004274121902873018e-01,2.216245629671868556e-01,5.332370729134183057e-02,3.902064565993430545e-01,9.723769081346703147e-02,2.173525315036426153e-01,7.772063580458702867e-03,1.094856505016652548e-01,6.974843503511410914e-01,1.960126856842101251e-01,3.711917888849645131e-01,2.976878348384747186e-01,1.792087373405843176e-01,3.439184699516620314e-01,1.224241498049594562e-01,4.576156667749553542e-01,1.483609408895677495e-01
5.722022022501728200e-01,1.476685271428793689e-01,1.348288218941505467e-01,1.062502498208666435e-01,1.883450984180384535e-01,1.997116617036463482e-01,2.436299537615382871e-01,4.521495422869352132e-01,6.033577652255881496e-01,6.519662227181857728e-02,1.199570296542328274e-01,3.515512543972225123e-01,2.178236746523964096e-01,2.024168042674206747e-01,2.976046079372506870e-01,2.163671829358480500e-02,2.771182686815395479e-01,3.838557797018049000e-01
7.029592075420127983e-01,1.011789894220066210e-01,2.326190191031249632e-01,6.758377855362158147e-03,1.680576825962957002e-02,1.190132518107210324e-01,1.020608080287385144e-01,3.590199612478239821e-01,1.448213214355586476e-01,6.152088025080431483e-02,3.401454376312141314e-01,2.151454240513367699e-01,4.518107019417495762e-02,4.361581474604215303e-01,1.441638620309054764e-01,6.518198768355432104e-02,2.002941732683961029e-01,3.739345094577762874e-01
5.789222765937415138e-01,1.610454026235305092e-01,1.709311106782882839e-01,1.505177480026896053e-01,1.726251183704775871e-01,2.732228765516280244e-01,1.530515401419153543e-01,1.027504635633055968e-01,2.459728057722552486e-01,2.190521183130438032e-02,1.114098702066646657e-01,1.713844325245510516e-02,2.572312880689369696e-01,6.426104737708743242e-02,1.441043804706243769e-01,3.759745630339302314e-01,4.713396054365820986e-01,1.114419066078210369e-01
5.965255300558334195e-01,9.351375077438624228e-02,7.735651853890186669e-02,4.581163516091103782e-02,3.227773256127386969e-01,6.563400622060361171e-03,3.453921139691768505e-01,1.927433762316196897e-01,8.917294205048828526e-02,5.053771878484168700e-02,1.651616778256137785e-01,5.889410217879203352e-02,5.984979613124232628e-02,4.738966895280374153e-02,1.087930261841596816e-02,2.770710048123535274e-01,4.274148373752967855e-01,6.677705942859462063e-01
7.707118149147268449e-01,5.334267967822386991e-01,3.274213405949602529e-01,1.159663211123787840e-01,1.709982924254738537e-02,6.528506250867251171e-02,1.713675669922392064e-01,1.723074007012264652e-01,1.979998180589523094e-01,3.316227570413506770e-02,2.655169442452502693e-02,2.611493845231193656e-01,3.597568399147123563e-01,3.073658888732801880e-02,1.281387726986467079e-01,3.837908510963906616e-01,1.854822625509175982e-01,2.659803773703472429e-01
4.580490381483613982e-01,8.841652468042146551e-02,3.387292146510722524e-01,3.581847656673272651e-01,1.278049976033412138e-01,2.661200563629157467e-01,9.693056413578322872e-02,8.539677091945217791e-03,3.547407029615110563e-01,6.353661239353533552e-02,2.002663792738073600e-01,1.890876340949246837e-01,7.111222276192584457e-02,1.991650098190339557e-01,2.440044798464221509e-01,3.149750943709464512e-02,1.198128746485291191e-01,1.617366493833414243e-01
6.558674022392355640e-01,5.391747680844188005e-03,6.198653078935919547e-01,3.449712652528300061e-01,1.955610813760135791e-01,1.827655461334309339e-01,2.312483915357763098e-01,7.898938014165138299e-02,1.827349369849122218e-01,6.687928184917732444e-02,3.508935174140873775e-02,8.437136134865162035e-03,2.469540136354900217e-01,1.910089319053249191e-01,4.028516648615702023e-01,1.209754174329475546e-01,1.355914679157755875e-01,4.076576981851871839e-02
5.313908135710079250e-01,7.039671772154459939e-02,1.386854921523663908e-01,2.040928328044466222e-01,3.746208707406089022e-01,9.643719860434996072e-02,2.706356208826571352e-01,1.861653287969912141e-01,2.388334458801812665e-01,7.977985605275121628e-03,2.833477291782866003e-01,1.529934637244783069e-01,2.010760581491152776e-02,4.300364384313472288e-02,2.041252977761521814e-01,7.680358382251528671e-02,4.049101262038545118e-02,3.356859888866146613e-01
7.212761867421604300e-01,1.250314334196118982e-01,2.501828427477451600e-01,3.984058853731811678e-01,7.955420060761071721e-02,5.819729237108279239e-03,8.121869959900977765e-02,3.543123327402448730e-01,2.066384213055202368e-01,1.263117098167026130e-02,1.985796479435388839e-01,1.716828588358764729e-01,2.390004094290924808e-01,9.899410032798107439e-02,2.563990130979129090e-01,1.842255292246272880e-01,4.726189331877670985e-01,1.091246989927349698e-01
7.856390207154243521e-01,5.821801489444096075e-03,5.319991487979349593e-02,1.348771420042984559e-01,9.616366507315052270e-02,7.172121864864519636e-02,3.211251901536717468e-01,2.729650007851349702e-01,5.807618964255687084e-04,5.001710813316959103e-02,4.164037898112769170e-02,3.081840388403574993e-01,2.599508031099834193e-01,2.659809793156486801e-01,2.465837803518355353e-01,8.252382864704044252e-02,3.396836058179085738e-01,2.251993214407792543e-01
6.602183305379513145e-01,3.672292455681467477e-02,5.118122350272908960e-01,1.695402896330288900e-01,1.254091786231516237e-01,5.819047087797154377e-02,1.516003325751035247e-01,2.488669775190969213e-01,1.363050741980383895e-01,2.253202285424741325e-01,1.199575848755846386e-01,7.495762660222143881e-02,9.495788777958764915e-02,1.101160783141182271e-02,2.429671506506713985e-01,2.045401310586308918e-01,1.403780706923538069e-01,3.608844553193431004e-01
6.462589690030262624e-01,6.988640182098453113e-02,9.323145454931071330e-02,1.718157219287944626e-01,4.783641104896780294e-01,1.547969532469785081e-01,1.407873448457178100e-01,1.721389748843544718e-02,8.410864425827724311e-02,1.559464189750028040e-01,1.341841719237978903e-01,1.542372205531659102e-01,1.083626101891525390e-01,2.684945412079263183e-01,1.977530320199160918e-01,2.975035463614152109e-02,2.740077886190785128e-02,2.003132033148846969e-01
5.024326176285486278e-01,1.908375134820973484e-01,1.993858440683111619e-02,1.621352513592174416e-01,9.099039272813216894e-02,8.805974855136391999e-02,1.981739087666186672e-01,7.291193799116098273e-02,2.337743460725385525e-01,3.123778950900977236e-01,7.945582148440577530e-02,1.208903164897969645e-01,1.995620583371728318e-01,2.507066783557665088e-02,2.707920552811451942e-01,2.731467774287594241e-01,2.476278243454257122e-01,2.602997923701416694e-01
4.541833989623844658e-01,4.788369815523380035e-02,3.094262721230244817e-01,2.445303039010139345e-01,1.183140154772103908e-01,4.207832378447968202e-01,4.070978330726956335e-02,3.167279567667248552e-02,1.287858855942424496e-01,1.002308111545109626e-01,3.925434370081233859e-01,1.326282735568773130e-01,4.259368540635430009e-03,3.420300518688572100e-01,2.416500160219038074e-01,3.905288085907552276e-01,2.623587052231742510e-03,2.508725404011897808e-01
4.627074639899023678e-01,6.866105909436769350e-01,6.639987439380507644e-03,1.823997253270598362e-01,3.173826936178084646e-01,2.848044617418264979e-01,1.307432947032974302e-01,8.570341382604765301e-02,2.638198391852165647e-01,3.234087913828402328e-01,2.001537815635100193e-01,3.512612211379504967e-01,2.269246551116025079e-01,3.384250052001572251e-01,6.470372432174674449e-02,2.848260332041799292e-01,1.516393424703642301e-01,9.538295071230995514e-02
6.746344556970326201e-01,4.720000478220706119e-01,6.512169883155548566e-01,5.296877713076730831e-01,2.201768631125255726e-01,7.376207570488121923e-02,2.375115209746346823e-01,2.659810728740045205e-01,6.999629762547774359e-01,5.574797897767354987e-02,1.999942162158022674e-01,1.519325834202912284e-01,2.238056260544815657e-01,1.271823241394286763e-01,1.012713311161186486e-01,3.669611855663795219e-01,2.305272621687651791e-01,2.031383909840603352e-01
6.718810652865891964e-01,4.006311665104770325e-01,3.398048533283657968e-01,7.157271514433467818e-02,1.022244103976322760e-01,2.320018031164891581e-01,5.097244052653026047e-01,1.907249350791859754e-01,9.133733081582783020e-02,7.067721471180353487e-02,1.885221497644479771e-01,2.202871220709895772e-01,4.990080032262100146e-02,1.714135649627608893e-01,5.504640743086584020e-01,3.509716656357177444e-01,3.187432739674617710e-01,5.387240321728112291e-02
7.933383638580916442e-01,2.740633013577931099e-01,5.196859217968980392e-03,4.930301569053308075e-02,3.025828496164574277e-01,3.031611519651056796e-01,1.611622732336784880e-01,1.961521631474001104e-01,2.791717894735857852e-01,1.116450244471274000e-01,2.587755755222721499e-01,4.054872435982476153e-01,6.846452019135711164e-02,8.528122195085227619e-02,5.481563007636666707e-02,3.617063708813482714e-01,2.826130255919258663e-02,3.403334768627004903e-01
6.515905705591719110e-01,2.244871170025848628e-02,9.273451834972916419e-02,5.025059638938793594e-01,2.285450850723745320e-01,5.232093258191877760e-01,1.924842419354159673e-01,6.891354281939444937e-02,4.786643093591157472e-01,7.196613559487768930e-02,2.136207343143087245e-01,1.617311997599539530e-01,1.895999712551204308e-01,5.027618224384102774e-01,1.795884795297648384e-01,8.921620808546097681e-02,1.788959623148174971e-01,4.954360337961843386e-01
7.330246755179028462e-01,1.726741855180742363e-03,2.182430038477849721e-01,2.317502486254887084e-01,1.534491920089478198e-02,8.525598625780420048e-02,6.759706346270681621e-02,2.404166136981654711e-01,7.864150568712573175e-02,2.478129353191892426e-01,1.205470208110889507e-01,9.045859047837130629e-02,4.385855646838241473e-01,6.350703747869568434e-03,2.620350876093690551e-01,4.533125261865340594e-01,1.606845449742398402e-01,2.487771335126982009e-01
6.213144165515271933e-01,3.462998739166698869e-01,3.669879583549896518e-01,4.490976792323907174e-02,8.836111666970196399e-02,3.396396453818529282e-01,2.081526783492813060e-01,1.381506217556219551e-01,2.486485371809775413e-01,3.435347659940705123e-01,3.501939623717963967e-01,1.319449549534681687e-01,8.521561529834827120e-02,4.608408815089597849e-02,2.817788216165820203e-01,2.730818581640522824e-01,1.723071124433115942e-01,2.955951948816558095e-01
7.887535123662016145e-01,8.880069928768170862e-02,5.487077983700128225e-01,2.479342188120150781e-01,4.652143121320304053e-02,1.759370433267761769e-01,2.021307122635647990e-01,2.199153323361366097e-01,1.428685665931047621e-01,2.036129824311976380e-02,2.092949258549347269e-01,5.777524091613724933e-01,6.697732325702253353e-02,1.184526033234459264e-01,1.902774537015312351e-01,2.201178144038379858e-01,3.129642481404847909e-01,2.924237700909916304e-01
6.771499625547179324e-01,3.930545076432957752e-02,2.647403099831992512e-01,9.584090459472494050e-02,7.793791403088827507e-02,3.330588940622045135e-02,1.319062794964441787e-01,1.758796790489604023e-01,2.010146769510892661e-01,1.625275834158754762e-01,4.460672964422320030e-02,2.846570490958947319e-01,1.516358626532378628e-01,1.842671281451896403e-01,6.907853713906473257e-03,1.000939167720723832e-01,1.004808146043958093e-02,2.193681476313124878e-01
8.255516082680203205e-01,6.934446010035427710e-02,2.436085566452132062e-02,2.082392394990041640e-01,4.986040831816087038e-01,1.622801968194362010e-01,1.118470396314748538e-01,1.994048878928965721e-02,1.357770906272592025e-02,2.582152363010267737e-01,4.275913074469129826e-01,3.028644489684202412e-01,4.597748558609170144e-02,9.213985611716891955e-02,5.816979812363762825e-01,3.948822135322991311e-01,6.973632796771042641e-02,6.794656821512340406e-02
8.386555125112109543e-01,4.648885510574006785e-01,2.235162557144897699e-01,2.495162009463026964e-01,3.962729882720093522e-01,1.263133083095211717e-01,5.234317880580078297e-01,7.553914690306287594e-02,1.684968575016589087e-01,4.490044380325813322e-01,4.996778067234086684e-02,5.595074427343590950e-02,2.005413433826806480e-01,1.960631572148803167e-02,2.229767715592018973e-01,1.878730044787359499e-01,6.793367933710647844e-02,7.537508923865816890e-02
5.712358434888002989e-01,8.619871648302111777e-02,4.372247135493105841e-01,1.612962151049398274e-01,4.911952465916978594e-02,2.460342613933768907e-01,1.662505015572650902e-01,1.167689475661658344e-01,2.177993084039598903e-01,2.980211968920465360e-01,6.471054289229734302e-02,9.389006130505891945e-02,2.463854169910897063e-01,5.382813038558651453e-01,1.630289154744015145e-01,2.162200900346926136e-01,3.281691656290368631e-01,7.003859120920651049e-02
7.488943624826951417e-01,2.901953392515467245e-01,7.572305484628566452e-02,1.754291823609030465e-01,9.022362376827371133e-02,2.978964177621384879e-01,4.194704334916469768e-01,6.649839507318651421e-02,8.403167306687925331e-02,2.479873053921594905e-01,2.512881349848042345e-01,2.714057344523670423e-01,3.923090334288658054e-01,5.387086795938431649e-01,1.846434249344760647e-03,3.455509616575707099e-01,1.136625244098354859e-01,9.328802549133446975e-02
8.336485504828075044e-01,3.402652221595144910e-01,4.807887392968603901e-01,3.329013117966311830e-02,1.073074567044812883e-01,1.388818267574958298e-01,3.134493390562901882e-01,5.400186307170173894e-02,1.437240240966439764e-01,1.137196378076014702e-01,2.188532649203027078e-02,2.093501989401048979e-01,3.224259541363473733e-03,4.976995415855424432e-02,5.614028805282145207e-01,9.776606536118444962e-03,5.191570195520388287e-02,1.452357728402196152e-02
7.351329681359514145e-01,3.055450609293549058e-01,4.956415311000493540e-02,4.218966490485346887e-01,1.453628852205668953e-01,5.711568866450637827e-02,1.925564453822361799e-01,4.096856068331667516e-02,1.680217491699832200e-01,1.268372571051899766e-01,1.870531747532165612e-01,2.969232449103450383e-02,9.190819247356568633e-02,3.802813523619127944e-01,2.517257891960449911e-01,1.809376799348216824e-02,7.143577552867974578e-02,3.181225451081175493e-01
7.522046140098581635e-01,1.850775403383771167e-01,1.133317213959806891e-01,4.842771293694178580e-02,2.810893787459475129e-02,1.242554304572582487e-02,5.163021945572626725e-01,1.325249095783161135e-02,4.500421182623078747e-02,1.048992893177068952e-01,2.136654221488120398e-01,3.816137658901994634e-01,1.123745785423193866e-01,2.500641247365469888e-01,2.651542637578859218e-01,1.440134510558069847e-01,2.278085611225576512e-01,5.635200217528404248e-02
7.118205118880212012e-01,5.145162613922797945e-01,4.664659478978498974e-01,7.441563098816762756e-02,2.674638224600018321e-01,2.862869228385708231e-01,4.369117534601708180e-02,1.950109890176890404e-01,7.039750828834419327e-02,2.503323716211834360e-01,7.145938910928474608e-02,2.793748057285526665e-01,1.778072706693127336e-01,6.262326177529474458e-02,1.169033807732246522e-01,2.669061183747112320e-01,5.076809650952713443e-02,6.420820342001190562e-02
7.147840065332821124e-01,7.940894761667011137e-02,3.578039411090311317e-01,1.036778226946409170e-01,2.948093922861589333e-01,4.701174749768740058e-01,1.672769409358408621e-01,3.444065509212044796e-01,4.685040825061838332e-02,3.271090755850327714e-01,1.807820971415978473e-01,2.007171882750947156e-01,3.571513027866709544e-01,1.453288642672249942e-01,8.664600694269539161e-02,2.612646054727452705e-01,2.896303701067917680e-01,1.485678145074869339e-01
6.199313365741209170e-01,1.509041343006851665e-01,4.223337666672005719e-01,3.093376840294607688e-01,3.742703534523733611e-01,2.311629207010215126e-01,1.743547301937825034e-01,2.658925505028001401e-01,1.946548073853988925e-01,1.206656852689666909e-01,2.049723089207939469e-02,2.925886745854446372e-02,7.704856794758260796e-02,1.558276242720965654e-01,1.662628347839389953e-01,3.644728415755466022e-02,1.986577552723041151e-01,5.606969258687179991e-01
4.964948150836904772e-01,3.362129956454557589e-01,3.160852610111211103e-01,1.163944733569631379e-01,4.003011037854696252e-01,3.483378262102331258e-01,2.354900549844409496e-01,5.198344390395469583e-01,3.983670237140581744e-02,2.691947561459554494e-01,3.429027493444179453e-01,1.742113674893421560e-01,4.196365200244810134e-02,4.713039466703990987e-01,2.597688086033450583e-01,3.596081740380552977e-02,4.697246795455917688e-03,3.939641436970265920e-01
3.379011550665095842e-01,4.950480667999257456e-01,2.145091322099312858e-01,6.569092740934612262e-01,4.744226132486846770e-01,4.938932094609294055e-02,3.745503538366126151e-01,7.354894531184038436e-03,9.842013813681484147e-02,1.661120108952965080e-01,2.032312145101070611e-01,7.832970072572127684e-02,4.984221827991406478e-02,1.886859854116246238e-01,8.195896334892520396e-02,1.911029194544323628e-01,1.004717313114828064e-01,2.859316929769486482e-01
5.318395470249617230e-01,1.744812165242604629e-01,2.929404043598565766e-02,3.117726153268785549e-01,1.364882713262228486e-01,2.313508036916530619e-01,4.051452864966861162e-02,2.147817765714856719e-01,4.175459530112957118e-02,7.690933416361982189e-02,2.680232205710587068e-01,1.501336944824247233e-01,2.968977149118322556e-01,1.878104838952074709e-02,3.014248760419181994e-01,3.092410921672485435e-01,1.224139561862227638e-01,1.628351896141416455e-01
7.542408737553150111e-01,2.113991802235533346e-01,5.164196404521680384e-01,1.062579080913233914e-01,1.827898556997871460e-01,1.780198843139974563e-01,1.424792028562944235e-01,1.855735425953035367e-01,9.507564784362586632e-03,2.721423798984722309e-01,3.582236571177786853e-03,7.701967578732762942e-02,2.943029811336205642e-02,2.657965636183317118e-02,1.868664422515045262e-02,9.696588696826780041e-02,1.673918724230576138e-01,2.332929647090981051e-01
7.963125151638377197e-01,4.144003713979537706e-01,2.535994565771013676e-01,2.512882537939718497e-01,1.845276916259270539e-01,2.422269322102608147e-01,1.686218473735402179e-01,1.401977741428980795e-01,2.930128491862088458e-01,1.308302818682066382e-01,2.551802596844421345e-01,8.680520478230831227e-02,9.475315485777560665e-02,5.893627798181745592e-02,3.389597852169914938e-01,1.502197784842963513e-01,4.108352520172133676e-02,3.376213563428921705e-02
8.096307527102061252e-01,8.513626468174044504e-03,1.809896614452666530e-01,8.586420119752850855e-02,2.369124487403196644e-01,9.553323734388623548e-03,4.105339699396631792e-01,2.023750585092957965e-01,1.555737533439898422e-02,3.891725066974418556e-01,2.234786249852416598e-02,9.293879893158105143e-02,3.092485764046117858e-01,9.545919558147593353e-02,7.796253215465788478e-02,3.799891209146332716e-01,6.759029226833174198e-02,3.017299159301712330e-01
7.497383095767010674e-01,1.713288468518674515e-02,1.450036063164698574e-01,2.690582571302715942e-01,1.621152935233838577e-01,1.892048019516093596e-02,4.082509541245151197e-01,1.878808929950023243e-01,5.751144591595140632e-02,1.142829229807684477e-01,1.616354133595028497e-01,1.439588010231642734e-01,3.269167133147263815e-01,1.888919417703992243e-01,3.047871423917974942e-01,3.170830025193178137e-01,6.719632120747970339e-02,7.725894857291065905e-03
7.819017692442064016e-01,2.906701976709780699e-01,3.801580950848848506e-01,8.738312945144441346e-02,1.774883885727677746e-01,2.098455723892152791e-01,3.543676340007504977e-01,3.041311873583950609e-01,1.451352600102353285e-01,2.375084944029797751e-01,1.105222589983611697e-01,1.151640609351427258e-01,2.595050298573798320e-01,7.054260523991055798e-02,2.151130749808836673e-01,4.581315394908054284e-01,2.129144723676715811e-01,1.702457738469036475e-01
5.455836891004702816e-01,1.030482611793423313e-02,1.119294381956667112e-01,8.477732545944113851e-02,2.325770860962386166e-01,1.563301155649050589e-01,3.139691245528935526e-01,3.964395095001162495e-01,6.259545597166499449e-03,1.858738668056001131e-01,4.888260493476555973e-02,2.400494220746628993e-01,5.650202140919739074e-02,4.217081639638055601e-01,1.695764248666486729e-01,7.408150067742007294e-02,1.186507519600790012e-02,3.262797785944482887e-01
6.284711296904870181e-01,5.632498383001412591e-04,6.797144853394586628e-01,1.417521469465360673e-01,2.288791129392828971e-01,1.777778017326500648e-01,2.088455137791386529e-01,2.427210224603353894e-01,3.245468495274284049e-01,1.442028227203770961e-02,3.643739483449139754e-02,3.418023771127297050e-01,3.215329806373675575e-02,2.135671599466190396e-01,3.015843398615818405e-01,1.801034069598634116e-02,5.914123827641795672e-02,2.375699430570723247e-01
7.352558070064544316e-01,7.487921845613869365e-02,1.665090983772091193e-01,4.604782069278375856e-01,1.490940506611842242e-01,2.545910673219480697e-02,2.711279288717612923e-01,2.171772224446974486e-01,3.017376133129473503e-01,1.218356948479376450e-01,3.550245818498558997e-02,1.365465652477328429e-01,2.541811325062979035e-02,6.209239841793520731e-02,3.943593070119141286e-01,2.462222164055619111e-01,9.353245966562308278e-02,3.670368961958983545e-02
6.750764420248133169e-01,3.895286896088320794e-01,9.526700383344269274e-02,1.914612981295868710e-01,2.749175686073547786e-01,4.535893245672519281e-01,2.872794875852202057e-01,1.334460489834181363e-01,6.888835106459421410e-03,5.302381553356283472e-02,1.748664898491675557e-01,7.071235794032251776e-02,5.619878749571471932e-02,4.992704535140281286e-02,3.605221171744036890e-01,4.336175354417929340e-01,3.518506960325382682e-01,1.580363753594643539e-01
6.692003054626728398e-01,8.391226167295094684e-02,3.027569786911193939e-02,5.039861421158931681e-02,1.906469039870738735e-01,4.443323394562349038e-01,2.986834897653949383e-01,5.555377226980019734e-02,7.766154190362543897e-02,2.866036279914991325e-01,2.209800991303691176e-01,7.235340564441107569e-02,1.228427320731735467e-01,5.232883375233410295e-01,7.478615510066685679e-02,1.156469011755675569e-01,3.164004951995580961e-01,1.814724120617890735e-01
8.580740859766332607e-01,3.156672473843585847e-01,2.093904582876076614e-01,1.187070632113740587e-01,8.706918321577451769e-02,1.613334313417514043e-01,1.681063204658612420e-01,3.454680677330907584e-02,4.325577392834104029e-01,1.798189988746629053e-01,1.992119753416739594e-02,6.656681525310675918e-02,2.844078307751486956e-01,1.883055942669877303e-01,2.684816991181648849e-01,2.181157686233070603e-01,2.616646781013535761e-01,2.040951097988749074e-01
7.397992079487344386e-01,2.453419527172739922e-01,1.308867086564707571e-01,8.958271281873760039e-02,1.623418936337323315e-01,2.531520017747240781e-01,2.848263764967243900e-02,2.978826944340269844e-01,4.719141358693044186e-01,1.915087891138597398e-01,1.332773608267210363e-01,4.267008104916429345e-01,1.216024410465880029e-01,4.902722999717808172e-02,1.338150971685097002e-01,2.625014611585405611e-01,1.914421094400465054e-02,2.152911018011995636e-01
7.082972106667076995e-01,2.712783231499706349e-01,3.009514257907606738e-01,6.907911476521791383e-02,2.759801134800616285e-01,2.266953251423656918e-02,3.127611824936681884e-01,2.099291816052774873e-01,3.815867731873844038e-02,5.836427275103175383e-01,2.440633721681927104e-01,1.636665775593594274e-01,2.166489991631211642e-01,5.049159408226546603e-02,1.000483267191178416e-01,1.979913893766120647e-01,5.681814288100427435e-01,1.327282482070373248e-01
7.648374174541471282e-01,1.732697347562687784e-01,1.363060923051123974e-01,2.664792040877450585e-01,9.923724604277180117e-02,5.395034846167116871e-02,2.029110956319529757e-01,2.608349546391043328e-01,1.060654965256422749e-01,1.318250337098575420e-01,1.373704013441326699e-01,1.210047229329511420e-01,7.154577855371285593e-03,6.980116363515524724e-02,5.781466441490425850e-02,5.001373135196633679e-02,8.667422597694306174e-02,6.511154835661697726e-02
7.211629703670976443e-01,3.858132198481718789e-02,5.439054587994025525e-01,3.834515145748556564e-01,1.576492527833560087e-01,1.076172250437181510e-01,2.589030451782175501e-01,3.344705443681879609e-01,2.003939647918208389e-01,8.406260959309154457e-02,2.173674948883119185e-01,1.997180108188002234e-01,2.105178881193800478e-01,3.205805738174386521e-01,1.027970792895460533e-01,5.560155992581983925e-02,6.582646533228547758e-02,1.065125702948556408e-01
5.472907022869034632e-01,4.709535681286418640e-01,6.468917619171911382e-02,2.995612778212330407e-01,2.977534332506509909e-02,5.140819575514327805e-02,3.178929086330172238e-01,1.862435287866694711e-01,9.894480544678882494e-02,1.263230211349692100e-01,1.698670757152273836e-01,1.932809900719927032e-02,5.760510733097652658e-02,6.972207622300742591e-02,9.169467854665935835e-02,1.420410193498771734e-01,1.990375487655416664e-01,4.242998389270347670e-01
4.191832712886978118e-01,6.519505263152680641e-02,4.761684863621013508e-01,5.061772682847464067e-01,1.480579709153974910e-01,5.580386255487222030e-02,1.912208934268811930e-02,1.312458275606999680e-01,2.124097653294534371e-01,2.594536281287004864e-01,2.820939307249779038e-01,3.873469592076537737e-01,5.689210980732454237e-01,3.578048028968810329e-02,8.034479644007844201e-02,4.950045613366291231e-01,3.915350338857215284e-01,2.129312220200141881e-01
6.619277828495838678e-01,2.991306926646338793e-01,6.708074146442465080e-02,2.620182924654217427e-01,4.840799427055233473e-01,1.253063272554414687e-01,2.081598180393361974e-01,1.646286297349502659e-01,1.705408640962387257e-02,5.262999421868905930e-02,9.460114321073512245e-02,1.873863407739797815e-01,1.995905106635418591e-01,2.243203766486584483e-01,1.374354440949079707e-02,2.722052427947175834e-01,2.628766053630124389e-01,9.796234832042385876e-02
7.788221119872104081e-01,1.892025159525562439e-01,4.083510922061163728e-01,1.419877269924118834e-01,6.927541407309249777e-02,2.896843241130844238e-01,1.365356587942361151e-02,4.018929853671908692e-01,3.082692674276032996e-01,3.159960028885168692e-01,4.650317251502245619e-01,1.520014380333132575e-01,8.134148927924181316e-02,6.305454401499157591e-01,5.936095550026750933e-01,2.188738876960671098e-01,1.236774445428237695e-01,1.924112653995071198e-01
7.980290564315927204e-01,3.819009761638372247e-01,1.905189436332650060e-02,4.881864499193318552e-01,7.258610359371694964e-02,1.665525147563520214e-01,7.180537507753042593e-03,4.401858026946200292e-03,9.145518476250830142e-02,1.610882435565665627e-01,3.486449909531683100e-01,1.151818397667711685e-01,2.480803726165862477e-01,2.914808468348664139e-01,1.977646467081028286e-02,3.483986123385144906e-01,4.106275733579000664e-01,8.899566323944212154e-02
4.103974432546518836e-01,2.878352025197007946e-01,6.826327724154132581e-02,4.388996692823218804e-02,2.539175816860601009e-01,3.439923685948086812e-02,9.650771297755973699e-02,2.423836952551525481e-01,2.144070801678228666e-01,2.718139311924515078e-01,1.506155198750244728e-01,1.057134934381450536e-01,3.770555993271008932e-02,3.173552904887940174e-01,2.339107020302324536e-01,1.620177135083735731e-01,1.399000280170079880e-01,3.062010243242228591e-01
6.863810346235235116e-01,3.993739590083998925e-01,1.819467566781858558e-02,1.054270719902693082e-01,8.253654901016163614e-02,1.623566592041056078e-01,6.025826955755110292e-01,7.779516407768144459e-02,1.881382386302398735e-01,3.489230100359582143e-01,2.206501986396576243e-01,3.820405351997024357e-01,2.114549239078228060e-01,3.270452997541309914e-01,5.497832011301660368e-03,4.124272170349799760e-01,4.979430450111633349e-02,8.457103200708009083e-02
6.601523457561412345e-01,1.819951981393999260e-02,2.631197427805765376e-01,8.707121666854052144e-02,3.738416482190953100e-02,2.103848037004342475e-01,4.198622772483263932e-03,4.049937899776689387e-01,3.417921057452911193e-01,9.583089012165582621e-02,4.202269665378253194e-01,2.672002252706503489e-01,2.574673024264431676e-01,1.862457016499912410e-01,1.944846751804505114e-01,2.033145240138876930e-01,4.389262077599814099e-02,3.254619769460845857e-01
4.052018876069358178e-01,1.725704902208724870e-02,1.407019772278557679e-01,2.703215171431291863e-01,2.250517819633232608e-01,7.169656699927971777e-02,3.157454717244568415e-02,2.982867524424398856e-02,2.957991887553415022e-01,5.234488709831032205e-01,2.162506023074164674e-01,2.981718595440940173e-02,7.442020270489041467e-02,2.046794181780086652e-01,3.120160012089019941e-01,2.300318791028443388e-01,2.016989080465610706e-01,2.043241817156293549e-01
7.516065399037317185e-01,4.514615097386026066e-01,5.270012034482192131e-01,2.458462794269732424e-02,3.597170699575323871e-01,2.280643343237611642e-01,7.524391084470663515e-02,2.016891498242753822e-02,2.524063228984561591e-01,1.168936819207895134e-01,1.261939567392171557e-01,7.610091952537693938e-02,9.325759191598416431e-02,5.413873588967424433e-02,3.493761046250613567e-01,5.641365968323747149e-01,1.191713069369121775e-01,3.802771303217204746e-02
7.198952508481826218e-01,5.161987526389667097e-02,6.731602524094022766e-02,4.276566231013375630e-01,3.672483488040675231e-02,1.607475231380786629e-01,3.083194378920132150e-01,4.145217589478310954e-02,2.495266449385306617e-01,1.919367346774299848e-02,1.313029522403017235e-01,1.889901399591159548e-01,1.125333514602651630e-01,3.577221496799190548e-01,2.704840267684782695e-01,1.177232821680431890e-01,3.828099184030621105e-01,3.515379524409976281e-02
8.029236532950410066e-01,2.305481822245212253e-01,1.090231208008203001e-01,3.259530382560319461e-01,1.442408503602182236e-02,1.854509225924245719e-01,8.972778661291312685e-02,1.193423575389842423e-01,1.099165238773024411e-01,2.443277655372642632e-01,1.128062860884970903e-01,3.979203427788349234e-01,5.664944883741591664e-01,1.022832971018001330e-01,2.445613642955522804e-02,3.971907992099289464e-01,1.479191641361954079e-01,2.091562214416947327e-02
7.081209875807520371e-01,5.038388902460071844e-02,2.238171548866425831e-01,1.454309573734111349e-01,1.337616765715587963e-01,8.490644183254195121e-04,2.287592172404191715e-01,5.610906710691244276e-02,4.244943201206402561e-02,1.228328326798336784e-01,9.974293437189288639e-03,1.579126709791973115e-01,2.094327867636155416e-01,3.621002483386870363e-01,2.228733888958397968e-01,1.828116271236717993e-01,9.977101030011842342e-02,4.687696325166554323e-01
6.448549701211314655e-01,6.413764318679887610e-01,2.119889315552418996e-01,3.606895618210249205e-02,1.163147428071316103e-01,1.100510036520705726e-01,1.236742082814033389e-01,2.483623375277125844e-01,7.328820765609947441e-02,3.652646516784803787e-01,5.620025535839467262e-02,9.555475952248297655e-02,1.457900958009767656e-01,2.935467698453751995e-01,3.621484889631956805e-02,4.527936811155675728e-02,1.737934572084596230e-01,4.336135653641876053e-04
6.305661167483506135e-01,1.275244048346531843e-02,4.273844106908001317e-01,8.255881793292162152e-02,1.963408984571416438e-01,7.242791386015567760e-03,1.703414992450831833e-01,2.907479105631827765e-01,1.929620033638753396e-01,1.212316356301919584e-01,1.062835565054700004e-01,2.032717533492242878e-01,2.127454400859479788e-01,1.031032273453109799e-01,5.449879388510773248e-01,1.033519292772356463e-01,3.065309267865931053e-01,1.269243338833702939e-01
5.603314038681066478e-01,1.477089308424669178e-01,2.638479338143983610e-01,2.145877348780564631e-01,2.141284548408659005e-01,5.892276386543477545e-02,5.369221154944730373e-02,3.140323515451679537e-01,9.987927581361519258e-02,1.925064480411363688e-01,3.315725992253858445e-01,2.558005226314860048e-01,2.723108883710347317e-01,1.606555329326206372e-01,2.020210426479750743e-01,1.871146082836262492e-01,1.295838284807038047e-02,1.325359804348403558e-01
3.888637507999623821e-01,7.104662794961015548e-02,1.608544634838025289e-01,5.881744754290832988e-01,4.315277407733832948e-01,8.650271645589931169e-02,2.012203119286619935e-01,3.032908049457381794e-01,1.171834583548861941e-01,2.475757019038194728e-01,1.626431814219151950e-01,1.911956418394542279e-01,2.306962104818114923e-01,2.052228273144553888e-02,4.792176312203270117e-01,7.871420490843371309e-02,3.024320118585480666e-01,3.098242377399165193e-01
6.698956317088937684e-01,9.867755026714347677e-02,3.286160434607418579e-01,1.378007885882485128e-01,3.078703620939721719e-01,4.302282981773219439e-01,1.933255734821850147e-01,4.047497372273915761e-02,1.594147948273555715e-01,1.234022883261569337e-01,4.039702451411950612e-01,7.561467912254234147e-02,1.377128110707367438e-02,2.437073678066258031e-04,9.414607120105025762e-02,4.165390767497972879e-01,2.440638221425538712e-01,2.545130486607044551e-01
6.739168961970043448e-01,2.583201562585627498e-01,2.284528370632087357e-01,2.577074322163930287e-01,3.515509724576409423e-01,2.636649884948575884e-01,2.327409528504285896e-02,2.488718837212909318e-01,3.006611726855442090e-01,2.423104144439514884e-01,3.114773917353763077e-01,2.925669082043576008e-01,2.538007529634850323e-02,8.516375593146541245e-02,3.312255309039133788e-01,5.945102125464821197e-02,1.308262794981017163e-01,2.367216777800544014e-01
8.254849483576609526e-01,8.513703410655820703e-02,3.488659206800273083e-01,2.181761546104721283e-02,4.410502831753137509e-01,2.550397712013492968e-01,5.789142158449123166e-01,3.844559827292908794e-01,1.453383082405655113e-01,2.355447958899405669e-01,2.237636558121168517e-01,1.616657826290561484e-01,3.978622852219850792e-01,1.094209118056229529e-01,2.380504252217972849e-01,6.126309979787088189e-02,2.618174445491483135e-03,3.054740916835977926e-01
5.442213351292637391e-01,2.064884738749974691e-01,6.291121698979874610e-01,6.436463658930036136e-01,1.838197957417060102e-01,9.502840146129457044e-02,1.835008177059729573e-01,3.104576299285320418e-01,2.370413461518164622e-01,3.171777754286025236e-02,1.331091138957718467e-02,4.964464786110924649e-02,6.978555256859544920e-02,1.979851369478345946e-01,5.503731948734839896e-02,6.107082754701688154e-01,6.617636152867481525e-02,2.032844851332986022e-02
5.230816454840021557e-01,6.686238147709787361e-02,3.529643170991824119e-01,2.595047021338923177e-01,3.969177588039012328e-01,2.748778388453981814e-01,9.641278907444235380e-02,2.563111043058161065e-02,9.713007308536056317e-02,1.449002011134274404e-01,3.215965940150248281e-01,1.517602758169195043e-01,1.000001517395183309e-01,1.745784220751487592e-01,3.826879609993458775e-01,2.262064378838311851e-01,2.695879671481592466e-01,2.519496199289887328e-01
8.194210888873034726e-01,2.284697603200217253e-01,8.171067850014765432e-02,1.759474395487407167e-02,2.902488006568454404e-01,2.625979785456203364e-01,5.238428868710452019e-02,1.878939099788697331e-01,1.130335211385401564e-02,1.882552089768790016e-01,1.754910591088618410e-01,8.019754795193868857e-02,1.751197671427896785e-02,1.591006146437312085e-01,1.588136801045011981e-01,3.368996747324888297e-01,1.656102367197750114e-01,1.040991163354076376e-01
7.038679837564100206e-01,3.345339809160867151e-01,2.940634026982185678e-01,4.142722486013433736e-02,2.923657787921328799e-01,2.799468898576931153e-01,4.250724036064038730e-02,3.053230200730338018e-01,1.638640270278299838e-01,3.470273726764566691e-01,1.289392241357101565e-01,8.939473883802535881e-02,3.018082617414021007e-02,1.806403078498191039e-01,2.093838203956442934e-01,1.781704622938674876e-02,2.844641186281021139e-01,4.038321042498715929e-02
6.819423043747820934e-01,1.713364456155047622e-01,3.266955330426831172e-01,3.334328901536829926e-01,3.962785972408788826e-01,6.617130895910487698e-02,6.333873155859572057e-02,9.079211857718874623e-02,3.263873053875226415e-01,9.868844861260916979e-02,2.072770537148406478e-02,1.853130613441280813e-02,1.761712820993367387e-02,1.172806956795903639e-02,7.076628024941053474e-02,3.940142158537968675e-01,4.648767799277112034e-01,3.282909133234669374e-01
8.312288285968282286e-01,9.059385278818558873e-02,1.243044535615727905e-02,1.835211545903627506e-01,1.469053560017660187e-01,6.094107420210088666e-01,6.982687860438306637e-02,1.399569217619422989e-01,9.068016486479553440e-02,8.567864504165852158e-02,2.958333825349513391e-01,1.611182465908081174e-01,7.049380132006853594e-02,6.811566177227076913e-02,9.544773847183381232e-02,2.961305807957822500e-01,1.842700162088747318e-01,2.003522446213064356e-01
6.135325515412433095e-01,4.529962370760610701e-01,4.113452337535107861e-01,1.358447462317057264e-01,2.058121064580117343e-01,2.828558122295053434e-01,8.560453064672159107e-02,2.351707146157697159e-01,2.266773543999403562e-01,4.384920302286118843e-02,1.012194057982157697e-01,9.472425151456333181e-02,8.697278645304139244e-02,8.237539170336839744e-02,2.846804242827836659e-02,1.783243322086343619e-01,5.702435209036071928e-01,5.191752825499659219e-01
7.812501159961113828e-01,4.725466515728467543e-01,4.308610406718664798e-01,1.296143355599034264e-01,6.027199325184652290e-01,2.122153583123865817e-01,1.062194090817753372e-01,2.664053861013752633e-01,1.973604794875867263e-01,2.902770927741499807e-01,9.624763207133883725e-02,7.380153203272206419e-02,4.707836534783108040e-01,1.205610155937522632e-01,4.079618268779634516e-01,2.892984330622481171e-01,3.871408147118302751e-02,4.198124991615257984e-01
6.064656909333274726e-01,4.738324298302131754e-01,4.985321469626966540e-01,8.319314332212897345e-02,2.013422864703852677e-01,4.056918419688899657e-01,5.268269188992513730e-01,7.443639722399295056e-02,1.267833954633506011e-01,3.064536883048357696e-01,1.508694170086080089e-01,4.542019451683750875e-01,1.585276874949644310e-01,5.508897603936527276e-02,9.849995006547127008e-02,1.900004395133193455e-02,1.265278399655335624e-02,6.780324412774166309e-02
6.847739722272413454e-01,2.809040453728825493e-01,2.923762548401458439e-01,2.940971237018703555e-01,1.495124958922575409e-01,4.676253234370585377e-01,4.031505802439614428e-01,8.017801351025645451e-02,1.768219634885449115e-02,2.100294239325804779e-01,2.169883356961005150e-01,1.818403256641173971e-01,1.091925668734021748e-01,3.220367889922283733e-01,2.912520415266661167e-01,2.308155944297063944e-01,5.555276203809999397e-02,1.321941078013580580e-02
6.471282222524169514e-01,1.666773821847818138e-01,1.351211032486955010e-01,4.054110343918458370e-01,1.540302719286079924e-01,1.455788322758330422e-01,3.208852147842087832e-01,1.164593661154716825e-01,2.212038278486096465e-01,4.285884264851856640e-02,5.607153848328318979e-01,2.279857286817773832e-01,5.170080475231879635e-01,2.169030860009651118e-01,3.009334475613431037e-01,1.865697021002137371e-02,3.261089919208219889e-01,3.667121546199224036e-01
6.662517529324292198e-01,1.381383458722317270e-01,5.682734853801070241e-01,3.130701428240064144e-01,2.524201073625982339e-01,4.923100822577487490e-01,8.293941522885091289e-02,1.307397520918529288e-01,1.547917578018819795e-01,5.365382136264894575e-01,8.680734274876819589e-02,1.995763059640320025e-01,2.607172452881832414e-01,1.312003095449137124e-01,3.517899863658225518e-02,3.763569754781428967e-01,5.542626697998958019e-01,3.460124418747616004e-01
7.234587638135322463e-01,7.805361447696143595e-02,1.681241666304174875e-01,1.286087105685004006e-01,2.063392298403597391e-01,9.414651516562394518e-02,1.142788255457892754e-01,1.463418296968560239e-01,1.685894546202109101e-01,5.335549613604362307e-01,1.644448887273564641e-01,2.723421233510549544e-01,2.079008752726587556e-02,3.763483716291454173e-01,1.625012820048218065e-01,3.922875862270694958e-01,1.870611290913913594e-01,5.439834053998962582e-02
5.525470862185259957e-01,3.151219499670624563e-02,1.970142812460008719e-01,3.924355608071363188e-01,1.054877031313888602e-01,3.173806016559542476e-02,2.522169058486182780e-01,2.199059333683814066e-01,5.884487367304133687e-02,8.709212010891967393e-02,2.150616907671331068e-01,6.761631473822292404e-02,2.248626252986111462e-01,6.582279827125724070e-02,1.256654961696205275e-01,1.199765002136373160e-01,1.909398827982419500e-01,3.969348372959413673e-01
5.467268127413285050e-01,1.436250869145168085e-01,2.767112918528275012e-01,3.063604311123688251e-01,2.085479831940766637e-01,3.811674718851242871e-01,1.890365827494926154e-01,1.852383981180369954e-01,1.192658297761344244e-01,2.726074500705857329e-01,1.833951381016654947e-01,2.508312710241576426e-01,2.659372435088968034e-01,3.200719968971626472e-01,6.642397518885541363e-02,3.676366334768705890e-01,5.228315471823261618e-01,1.350597301276466877e-02
7.541364780642660914e-01,7.823333656028683136e-02,5.378128318695567511e-01,5.177615033079001616e-01,1.488009085221863037e-01,5.410376309082254309e-02,4.484253727323461725e-01,9.572194562257949069e-02,2.663075884409449312e-01,1.989866244031469056e-01,3.852053483932494360e-01,3.680546515314105007e-03,3.667645214422969868e-01,3.698050080996684308e-01,2.653673228697364106e-01,9.616731124011297649e-03,1.110586431860818984e-01,1.625998768970965402e-01
5.642227522039491294e-01,3.572127063477705811e-01,2.303433441530711168e-01,2.987073204700331774e-01,2.387462309485726408e-01,2.603813627881787496e-01,3.500798017911157523e-01,4.101022700899099871e-02,1.121772318210626472e-02,1.099132627936939312e-02,2.143727772330408787e-01,2.211981269189316757e-01,4.200651661118950941e-02,1.598572810383416809e-01,3.991236020885833846e-01,3.647814030563328869e-01,1.561339730593317432e-01,9.840925436237973889e-02
6.689599581893597158e-01,4.840087441476590563e-02,1.736127695282571881e-01,1.467962741819308636e-01,2.175536061327474624e-01,2.737849413503520291e-01,1.308980926682589419e-01,1.924128134113779198e-01,1.802772555409649924e-02,1.616010080665757076e-01,3.653699232522882312e-01,2.816719563837852269e-02,3.214620501397763008e-01,3.257664127586356040e-01,5.448032370726617335e-02,5.766675015426467321e-02,8.796173876449320250e-02,5.112917210749804431e-01
6.164123258906745173e-01,3.057373202598011666e-02,3.448626110226747921e-01,6.839666931608423539e-03,3.607137074238743468e-02,2.313162365237898810e-01,4.265204849747105675e-01,2.126616723695316513e-01,1.172218366468630035e-01,2.434200654983448286e-01,1.188753118629867073e-02,3.333068644028863714e-01,3.386127603763425947e-02,5.633910416244645308e-02,3.510503645070802703e-01,2.049990936190247415e-01,2.225766461839827348e-01,1.237083121540960284e-01
4.748437648125576338e-01,1.048379212912535080e-01,1.775289319198978810e-01,6.929624152430705064e-02,1.336105104306092861e-01,2.432036935261773780e-01,2.871867593120445636e-02,3.060918801370633990e-01,4.937136523233694868e-02,2.285701230913660467e-02,4.560185628920711276e-02,3.641935495189102534e-01,1.163860236340739790e-01,4.546840391609217880e-02,2.747638131235302650e-01,9.783538631731880653e-02,3.524058326453785028e-01,7.651819622953659472e-02
6.327082286208756123e-01,2.719109010815303970e-02,2.112277932038342959e-04,2.665681601523395838e-01,2.940942131078634336e-01,2.323856054465161802e-01,2.714531810815725560e-02,3.441814149158307912e-02,1.387845576731316366e-01,3.334761266122126533e-01,3.528261966847032749e-01,4.113770815671689562e-01,2.570342200041191294e-01,2.701245208172688428e-01,7.982413889172298993e-02,5.637984509793625421e-02,3.883223974873579176e-01,1.670732737633902169e-03
7.898558315961378140e-01,1.988130813979756550e-01,2.775383904379354894e-01,1.921723058060082479e-01,8.118462892007949350e-02,9.384494965594140925e-02,1.046860685172785743e-01,1.345809652503112130e-01,3.799407821932446888e-02,1.111091486053460559e-01,1.370766898266645717e-01,1.269091183338960649e-01,1.428122603382120659e-01,2.728792221970501863e-01,2.759894207212615358e-02,5.986971005427025455e-02,1.442506321448773499e-01,6.336271438139643442e-01
7.596997380352458196e-01,1.796232911410544295e-02,6.433297710101583411e-02,2.727331317520473308e-01,2.586885134818105447e-01,5.281524570068164837e-02,2.429630795818011214e-03,2.113346014008053442e-01,1.045604328780416481e-01,7.133860864918760425e-03,2.281651613421656344e-01,2.984159956195455154e-01,2.888020585578742749e-01,3.421600064685198506e-01,2.029762046774416795e-01,9.175742410685695793e-02,6.689007368833096989e-02,7.862280932875956307e-02
5.956782568661731503e-01,2.903814750383675036e-02,2.631684876927818384e-01,2.413436748453781644e-01,7.705571123667394329e-02,2.649371990589455272e-01,2.069097303314041680e-01,3.246446711781534877e-01,2.128242323303384392e-02,4.637296349673201805e-03,8.126473927550038889e-02,3.720569005902296111e-01,1.392415604349279135e-01,5.508238438122426972e-01,2.556802661116449604e-01,1.808656278769525672e-02,1.184094801586033363e-01,1.219551644219118852e-01
7.249998008591365117e-01,4.089515285772611364e-01,3.274863548188409190e-01,3.212066276596714509e-02,3.817010001874586167e-01,1.208363172355405579e-01,7.486572540669747533e-02,4.337379851695084554e-01,1.399170592532045787e-01,2.609042000108242609e-01,2.980250552677406461e-01,1.153804631682945336e-01,1.262009087773690863e-01,2.937813760471748026e-01,5.843191475021120018e-02,1.851339602328248291e-01,1.969118228267709159e-01,2.652076010407528051e-01
6.254065844850470457e-01,9.291712147200346938e-02,7.026739262328259850e-01,2.456586224711907462e-01,3.736241566257245683e-01,1.507989174764581275e-01,3.491392296888095464e-02,4.391541937720207511e-01,2.070491484141303434e-02,5.126683328202163298e-02,1.108091959166694201e-01,2.593032179477455235e-01,3.528255226078010898e-01,6.257431683903039721e-01,4.110977167721159842e-01,6.675812645070976215e-02,1.881807455624973091e-01,4.884967755633866093e-01
8.162365149010057941e-01,1.028120466630312452e-01,1.005237438773197850e-01,1.033904674935729739e-01,1.041501939929628529e-01,2.120356473432118694e-01,8.576537423900262858e-02,3.396641442348283246e-01,4.260941238252637930e-01,2.287284709969826524e-01,1.013820962411568147e-02,1.361736004751319673e-01,1.289028987526844028e-01,2.514252092949710304e-01,1.707449364136544041e-03,2.198150680966291237e-01,6.699450452627417341e-02,3.027599986680200028e-01
6.772434721655669065e-01,5.848179480686788861e-02,4.238949862319223438e-01,2.038669770792430891e-01,3.414232674814550728e-01,2.822952792826783353e-01,1.967958258766792368e-01,3.835903017821920558e-01,3.566878625735105945e-01,4.225241442901935263e-01,4.764691002668133835e-02,6.674062087875995419e-02,8.258806578232683049e-02,2.476833863726947971e-01,1.035705239423412860e-01,2.887911574171397877e-01,3.791841894729399698e-01,3.984241884676841261e-01
5.922640748562116864e-01,3.028793001064644316e-02,6.841052189744242784e-02,3.288770025207313208e-01,6.247795104077561446e-01,1.939864550083812700e-01,2.202930949689552997e-01,1.977489910142717772e-02,2.517656112873968288e-01,1.642503745216744304e-01,3.975862257458421395e-02,3.105129610627343703e-03,9.265972513694407942e-02,2.972646938766043134e-01,5.010405419347399025e-01,3.911340397432943039e-01,1.850306304881114139e-01,4.805999519045466295e-01
7.707795715211039900e-01,8.188942017036067444e-02,3.269891217887551660e-01,5.536656747298244197e-01,2.608044805125082077e-01,2.100050458723460300e-01,2.637062760330159406e-01,1.971484948644545154e-01,5.198173975721872564e-01,2.498579986985565715e-01,2.919150844103473030e-01,4.112925252927781931e-03,3.325315232133976284e-01,8.338795884212539533e-02,3.784143405597425458e-01,1.586200280821984387e-01,1.283897214897972705e-01,1.520558391372878182e-01
7.278660529887241992e-01,8.343990141008106320e-02,3.201146465868381363e-01,2.666197575816499632e-01,9.083606604062097190e-02,1.820967423468757285e-01,1.216349384897410235e-01,3.814972715737753872e-01,3.634959707020637976e-01,1.190178221637456200e-02,3.932187058084779530e-01,6.953465531318402115e-02,3.227082420128432605e-01,3.126284295061882990e-01,2.482644331427313333e-01,8.701339622486441161e-02,2.754974193019150142e-01,4.389125282258645594e-02
8.462661100408230830e-01,2.215334983928808621e-01,4.432884460613899513e-01,6.827458949546490186e-02,2.483986368716381565e-01,3.762294761739041760e-01,3.554983224502304417e-01,2.420499047352161759e-01,4.256378247157011074e-02,8.581815426542244163e-02,2.119667600232083282e-01,2.289598072115476834e-01,3.558526414006464300e-01,6.453577104436157563e-02,1.207801026526959531e-01,1.816534829688530028e-01,1.352861287678870372e-01,7.508438529073828416e-02
6.400534005319387099e-01,1.645137208188542921e-01,6.446771846458281274e-01,1.887892944056527300e-01,2.084521497988836569e-01,6.090507513429703479e-02,1.955739258564938854e-01,1.201485331649140842e-01,4.256856369113403704e-01,4.370590714834317048e-01,2.077252859119544937e-01,5.820477745410134185e-01,2.732749238360613342e-01,4.579050139605760350e-01,1.372382127270116436e-01,3.199500177163194237e-01,2.932326736700241812e-02,4.119441259145425333e-02
5.816610560353399073e-01,2.548638691614605878e-01,3.694142493026627005e-01,2.882430938572773382e-02,6.738248229569969439e-02,7.350085653674801045e-02,9.585198644825036751e-02,2.625745441187878337e-01,2.850441581797840684e-01,3.093675558049345242e-01,2.215885576976334148e-01,1.631091264827726484e-01,6.742985576052723529e-02,3.988990175875184452e-02,1.386103612122188411e-01,3.056661377656698653e-01,3.333801582032078215e-02,9.714245921825653829e-02
4.020372236564896395e-01,1.024723470466993164e-01,1.233218202633357477e-02,3.831108577664510961e-01,2.669957820313872410e-01,1.537927031464066951e-01,4.694924815201833579e-01,2.228805890991130134e-01,1.511306900016949617e-01,8.132349727037604947e-02,2.469787225276200981e-01,1.341966818246716486e-01,3.322340259277881125e-01,1.524526911047200395e-01,1.734315074253177120e-03,3.190052776426333808e-02,5.423715468676826301e-01,6.819708363604141434e-03
6.802323334901909657e-01,2.093551113020134524e-01,8.674594605883945153e-02,3.750359281865392469e-01,9.521274681627864278e-02,6.563157145265832715e-02,2.849949254453094938e-02,4.322831270934353598e-01,2.151415676758703099e-01,2.668001921797691911e-01,9.327059982374444336e-02,8.436881124871814519e-02,1.177347836189078650e-01,1.365977089286661283e-01,2.832237797709648564e-01,9.148196238708258821e-02,1.264185241526448455e-01,2.285832072659592373e-02
6.533731670072258080e-01,1.579346150982374464e-01,5.044461625820688688e-01,8.815783398578953475e-03,1.240844320989628949e-02,3.259714210496917897e-01,2.248835975095742346e-01,7.712047543315439513e-02,1.306561465499816443e-01,1.069672828575827656e-01,4.207066328899445318e-01,4.175876361979819623e-03,3.777449308744520451e-01,4.446205862989278668e-01,1.675266057739766652e-03,1.734553313481853043e-01,1.371560853339312547e-01,2.660498856781197061e-02
7.632983609816972326e-01,5.614188020802365203e-02,1.761428675770116969e-01,4.530247199426207239e-01,6.662868411342881547e-02,1.673762189177894488e-01,1.872621730938157092e-01,4.253930689490926370e-02,9.295819679325247054e-02,4.664132648408765569e-02,1.158011197293768862e-01,1.186949961011649485e-01,9.443210695992823589e-02,1.382161665401030748e-01,1.295935940887241455e-01,2.037446650647843291e-02,3.925787436045528045e-01,4.601394580647696353e-01
6.213939123604205195e-01,1.850904319878744486e-01,6.260863286220686233e-03,6.503883918252179042e-02,1.661268868916143671e-01,4.096478627271749051e-01,2.041510717936039498e-01,2.497392747521874901e-01,3.246641930074523619e-01,1.740881947840903013e-02,5.956570580721216868e-02,5.518260135302536368e-02,2.203084590540058119e-01,9.462381597655246390e-02,1.514011811946974484e-01,7.673927070303339371e-02,3.837513188268307784e-01,1.368784071768334477e-02
4.747422602924007973e-01,8.351243047004176800e-02,7.070137423516986708e-02,1.782811237199691812e-01,3.952034150709917149e-01,3.768953625155969100e-01,1.301146623552544845e-01,3.334537611354995712e-01,1.951605514081316550e-01,1.552237464522583654e-01,1.039952724077897461e-01,3.821944460343802002e-02,2.382968033034518207e-01,1.236378907572670133e-01,2.009016671179757185e-01,1.726294265182655718e-01,1.267720205697900893e-01,6.098318396155644888e-02
7.400834941142585555e-01,4.003298681077355897e-02,4.517083606154226882e-01,2.121749982811120712e-03,2.950841402200963248e-01,2.849658275905970206e-01,3.454761655016030386e-01,8.338350275105599341e-02,3.218317691206275533e-01,9.894939315449106931e-02,9.222697183919636998e-02,8.911410690594694095e-02,1.078584244359512556e-01,1.628671512404267219e-01,2.776672677425691682e-01,4.753787486750747637e-02,1.613494716829896591e-01,2.839217356092503253e-01
4.185042233387916144e-01,9.717711946380287735e-02,1.666510184353134361e-01,8.803898999425395500e-02,1.817956557661342953e-01,8.618534834797841881e-02,5.501967852967647871e-02,1.481396215670633676e-01,6.185470679080699030e-01,3.865234090745537920e-01,1.143325545908631113e-01,1.634625404048236502e-02,2.252427452634560845e-01,7.525233442884859958e-02,1.961893653963321660e-02,2.421780284485615040e-02,2.892482565157205587e-01,1.326323813870453616e-01
6.494864538473855697e-01,2.508262378371851065e-01,6.286070787280856331e-02,1.348411965079911734e-01,1.618973318324892496e-01,7.391200363958218278e-02,6.321634970442049917e-02,7.628569761989635600e-02,2.836162241744479284e-01,5.070425099852329115e-02,3.640907251763831343e-01,5.380043202283173454e-01,3.496775651066311857e-02,7.459832548799842644e-02,1.822296795653152168e-01,1.478217625077604680e-02,6.027216324481039778e-02,3.689266483779773398e-01
5.793080044333215328e-01,3.131161010500626563e-01,4.127193914521037343e-01,8.822523675838650492e-02,3.130745338993879412e-01,3.871168354216430463e-01,9.644584602025417508e-02,1.466037949948434671e-01,1.370824932646323713e-01,6.661041635297985930e-02,1.321051231535823670e-03,4.006643261026287400e-02,2.893410359336319737e-01,4.925350635081224837e-01,2.008946676061543202e-01,2.508697876890061407e-01,3.792686332618632698e-03,3.498186751068697031e-01
5.488932648364481803e-01,9.726430691107458559e-02,2.836153233620731795e-01,1.111464107889574421e-01,8.260402474607742018e-02,1.822748124331059760e-01,4.094708142938484063e-01,1.348741118871513434e-01,4.280129840807067598e-02,3.734083073079420001e-01,9.695357866767026142e-03,3.173737664141508263e-01,1.491760720285317254e-01,1.914245645263638052e-01,2.302405650256409420e-01,6.304847514535305564e-02,4.672568210678044731e-01,1.723248674387710955e-01
6.297851499333932956e-01,4.032303777337855055e-01,1.107530733884636021e-01,3.133442732327820224e-01,2.706623171547642981e-01,2.152104755311843864e-01,5.915990763609458442e-02,2.988007318333281148e-01,7.924432020168396817e-02,9.197287581344568141e-03,4.993879561029903463e-02,6.579356978313644078e-02,1.215058954132400143e-01,5.342505306545307364e-02,1.588995478693951968e-01,1.398708446833410168e-01,4.384877115203198450e-01,3.514591585076423663e-01
6.450371640585289557e-01,8.350326655567966161e-02,4.928659690911887936e-01,2.117142741460836530e-01,4.644006288467227017e-02,1.078993937043483120e-01,7.883575171044496233e-02,3.925646776442600627e-01,3.599668463555086295e-01,2.705420680473711870e-01,2.381936637433876014e-01,2.982753206328053741e-01,2.163748804312994878e-01,5.982690955704655228e-02,1.800615913009893654e-01,3.390540898568508710e-01,2.869105297204295746e-01,1.585768567690057640e-01
7.378331109225293449e-01,3.117105031324623465e-01,2.253584824249167673e-01,4.282971893408307196e-01,1.631859013899543687e-01,1.403771753585302817e-01,9.432097579965556533e-02,2.096264485639731667e-01,1.916358599568948606e-01,1.507874196188596916e-01,1.596514572644421592e-01,5.311469549933570122e-03,1.602343586968800471e-01,6.499947755898956292e-02,3.430423038073403957e-02,2.557724163979146481e-01,1.284702972100583152e-01,1.243421366945205164e-01
7.024360818290612540e-01,1.985558659348565097e-02,3.562799022184439668e-01,2.569143419886539270e-01,2.162336131102844394e-01,6.696463728531373838e-02,3.615951567176979853e-01,1.374681005109891496e-01,1.624832627144124630e-01,4.554679285131673083e-01,2.743724370593503825e-01,4.051038359583591930e-01,3.727550703388825548e-01,6.478159111005401538e-01,1.673042088296764207e-01,2.293116026319583570e-02,1.989963836217087390e-01,2.274244045482437804e-01
8.363292563560530413e-01,3.273589715305979531e-01,3.140184844477742487e-01,1.962047439090137402e-01,1.849840219692317211e-01,3.090587628967914613e-01,2.037075888065639426e-02,2.400625722871464196e-01,1.253827165569112827e-02,2.118313323084742295e-01,9.743115191695318755e-02,3.506335069403938576e-01,1.772978908429284628e-03,1.056673016876501642e-01,2.468360334478914564e-01,3.872415236221357082e-01,1.414507646173710498e-01,7.224334504344195884e-02
6.405773934602803088e-01,2.897886235840352875e-01,7.689410382247098552e-02,3.257544261866698876e-02,2.289161464413859703e-01,1.539224854071647719e-01,3.795528024710259629e-01,1.515520319512053404e-01,5.744189011658328708e-02,1.510583134088226698e-01,1.893140944337742548e-01,1.426506335427449867e-01,4.217416224329880170e-01,1.004269412236541564e-01,1.295596637817806318e-01,1.714840109636109888e-01,1.804895481901222232e-01,1.077375214569012592e-02
6.612984082095902938e-01,5.955044022961727967e-02,7.378889216064007939e-02,2.964430842282809175e-01,2.049897007739941157e-01,4.674336915898872347e-01,9.153026437616854083e-02,2.628101750723317934e-02,3.087263550239291443e-01,2.192367849685802200e-02,2.767710627583918614e-01,1.860227488762687953e-01,2.748856853701960312e-01,1.970283300100562629e-01,4.275011904508218552e-01,2.111023615810842247e-01,5.800342434820420986e-03,1.217405899189407809e-01
6.055649348699537748e-01,4.614101340370157511e-01,4.907312348241170408e-02,1.713889067677144551e-01,1.375175059417935441e-01,1.054321912647757653e-01,1.373970203295489870e-02,9.308972989025368627e-02,2.454812244760895198e-02,2.018187795210490409e-01,1.730353563010185447e-01,3.066121209359522481e-01,1.609013891344993064e-01,1.916063359822123835e-01,3.607190209298315464e-01,1.457120638098381993e-01,1.991287816154941326e-01,5.570877419068194503e-02
5.892395442536554340e-01,3.021768799810370942e-01,4.183847347772557540e-02,5.359826619724905594e-02,2.441256689208688990e-01,1.494385583978763976e-01,1.454569439147548882e-01,2.746190679232006215e-01,2.515621189058253049e-01,1.231999714835295134e-01,4.817947245100037135e-01,2.913735573145074739e-02,1.817534769127714944e-01,4.906628768723924477e-02,1.359164770120575294e-01,3.371961597826000911e-01,2.185817634480937410e-01,3.075374131774471498e-01
5.299116436234032612e-01,8.817434336249437010e-02,1.976726457612471843e-01,7.720248309713859114e-02,1.177831358825111446e-01,4.933801370198487128e-03,2.430162513195243540e-02,3.282403684528907850e-01,1.032326037770786853e-01,8.089036083504450025e-02,3.221757678492866983e-01,5.637280993897300987e-03,3.123497159008259971e-01,2.842942800416138338e-01,2.455324246405939381e-01,2.894777925371166960e-01,9.901961660229061102e-02,2.504614195565056378e-01
6.885773681659935752e-01,9.799806879608002896e-02,8.645751577143621913e-02,2.007008211033631528e-01,1.559988805633290843e-01,2.541569245200299143e-01,1.910873229471200252e-01,2.594292020978712920e-01,1.791368327455279408e-01,2.084926117490706055e-01,6.318426263417015187e-02,1.086548415961106039e-02,1.379771264291468347e-01,6.705561835110986080e-02,2.009403360749321965e-01,5.249587571373343087e-01,1.528703591674276108e-01,1.741094086505429739e-01
7.507263370250383261e-01,4.304932252133109039e-01,5.847047945463528240e-01,5.051032284949288353e-01,4.201284283504517769e-01,3.455234033293649309e-01,3.182159645747127674e-02,1.303082592191593114e-01,2.652403638734084357e-01,3.607045748906522742e-01,1.988951655561213561e-02,1.101006247842888502e-01,2.668465627012930330e-01,3.231806561475445982e-01,4.058045374636359837e-01,2.485041185416501097e-01,5.467636039592501523e-02,1.529040877422847278e-01
4.680796676470042050e-01,3.949966702650419825e-01,1.971940957632512537e-01,6.440145343689560598e-01,7.989666165314332491e-02,5.592109861758052386e-02,1.971078708186634401e-02,1.464464573321694607e-01,3.358692034059534426e-01,1.316140980291057028e-01,2.558764816466808922e-02,9.239126917623350851e-03,1.148277295296191020e-01,1.579427261600536703e-01,2.771148876311106402e-01,1.720196412087482071e-02,7.743524991562722448e-02,3.340166128387307420e-01
5.406253479272962181e-01,1.134618927320723593e-02,5.362063032845056920e-01,7.611592609376265084e-02,2.269004269453096800e-01,3.937972706283671825e-02,2.264823634756828463e-01,3.764252142289322145e-01,5.237777264142135653e-02,1.340413799253686311e-01,4.914934646302170779e-02,5.390669522220894461e-01,1.822438609357081296e-02,1.661410809493536755e-01,1.562998536884797063e-01,4.633659480000436037e-01,1.096671792779031623e-01,3.774208570214169223e-01
7.985631373657954279e-01,1.164604393851343817e-01,4.017200815925889845e-01,4.530800845967078994e-01,1.467732936675943296e-02,2.189661498161046271e-01,3.182637790837882785e-01,2.707481032029935286e-01,7.428608174107564910e-02,1.480464183146995051e-02,1.029333972275727344e-01,3.673064975146431155e-02,1.877749353264500376e-01,3.941371372439650966e-01,3.796459024195723009e-01,2.116704140581519011e-01,2.664221891664296862e-02,2.491560029858406466e-01
6.568820717281945720e-01,9.490869250295057291e-02,6.290762280504846871e-02,9.936453860450239484e-02,1.426505924431698269e-01,3.957963689426598208e-02,7.349320940200902708e-02,1.797614262606552216e-01,1.370984607970574844e-02,3.019556260597942507e-02,2.960520796588941850e-01,4.126813803838220995e-02,2.022445446973295258e-01,4.403141773628730382e-01,3.542845675233924959e-03,2.434686723960474142e-01,1.934993678554970953e-01,1.660599509909980454e-01
6.005072082589577587e-01,1.438448121028552407e-01,3.742709434841812177e-02,1.054805542457433604e-01,3.007973105016731874e-01,2.563247762056752865e-01,4.894460572253829245e-01,1.402110709874658800e-01,4.578241061330539652e-01,3.187597002731962226e-01,2.354674195004450854e-01,2.341118804523845687e-01,5.985874574651239149e-02,3.002327104471806327e-02,2.599630685350391435e-01,1.282019288083236508e-01,8.725740017502647827e-02,1.819261987416899082e-03
6.506030678129934852e-01,1.417015187351524652e-01,3.274979683357481797e-01,7.522840650142767482e-02,2.407428158870984214e-01,2.520649831565315857e-01,3.470250253025339293e-01,2.607111103247297113e-01,1.770010668999215386e-02,3.057292047377818123e-01,2.363758126569648343e-01,5.362463579639312888e-02,2.822112130391385976e-01,1.673096695709752266e-02,2.451017021445276584e-02,4.563721145756727826e-01,2.091696696173087344e-01,1.123363187514258149e-01
8.220071878621382222e-01,3.200845108547379914e-01,4.901495654855832496e-01,4.298316638324924943e-01,1.795662750332540358e-01,4.860897777554753496e-01,4.451072369089015268e-02,2.686983575240226574e-01,3.436642803265203133e-02,1.783623991590480018e-01,3.420321241089674946e-01,8.067099368174475427e-02,2.942593700865849260e-01,1.839768139994447937e-01,8.715439030399307896e-02,1.891164527868098022e-01,2.368355877087397199e-01,3.993324788040837348e-01
6.332417860547177035e-01,1.130046399145867714e-01,5.856050606207931220e-02,1.292525475140133273e-01,7.607676801524734800e-02,2.530162799661878070e-01,2.444004141509974193e-01,1.000204091605404327e-01,1.720783745177758839e-01,3.445821844031861647e-01,2.453383009777470106e-02,2.335142858230189744e-01,2.927262064285072740e-01,1.974689562712192981e-01,7.299203962748779251e-02,1.081595301040694790e-01,2.500067162942467558e-01,2.843547259679604089e-01
7.100381216085600578e-01,3.237232358739972060e-01,5.258229088942781848e-01,1.146662821256649312e-01,5.424467034222872630e-02,1.914543606414766952e-01,7.703880766546804260e-02,3.140549856516788862e-01,2.884608552817364280e-01,9.855103228370135082e-02,8.634061303247904384e-02,1.043402172013785656e-01,1.431663913720633285e-01,2.614713519547257614e-01,4.936734670736799002e-02,1.888185911427115241e-02,5.521140900398262552e-01,1.004209326501609989e-01
7.920561517172387545e-01,1.526995117538149094e-01,9.186409969846419388e-02,4.480452948987295736e-02,5.952613459214552497e-03,3.581909741393721203e-01,8.431633913716596318e-02,7.220558528640898255e-02,7.469789175894146760e-02,2.489804115117115746e-01,4.316324509468946191e-01,2.101426495278178874e-01,1.199238536905592178e-01,1.404527362733352658e-01,1.477217157730443819e-01,9.675264574052554190e-02,1.424054066406194030e-01,1.259029678538517716e-01
8.301991975836420234e-01,1.064252965138740847e-01,1.093956292944389258e-01,2.018515834646081031e-01,1.724275886216567188e-01,5.709213208542506662e-02,1.689169480987335464e-02,2.950341119325226580e-01,4.117591238926193720e-01,6.154296387346693854e-03,2.709039165767506141e-01,2.652480980733252780e-01,3.326057784601287315e-01,5.804755542952729636e-02,3.412551983682892559e-02,6.543211488115699415e-02,3.367122356144914945e-03,1.680391520396565253e-01
5.771912413495484673e-01,1.403197539456443599e-01,6.628397753756027910e-01,4.509538198006814436e-01,2.161562026455956520e-01,3.236129387578822736e-01,4.009720594431707696e-01,1.221620451126312346e-01,2.571782216249319242e-01,9.958434337341335804e-03,2.625019784420716817e-01,1.142407792007305543e-02,4.039907137218318178e-02,3.698275051855527407e-01,6.158999450935846894e-03,1.251510428943160974e-02,2.734056762895928916e-01,1.707209385161173043e-01
8.372344433981669942e-01,1.587771250175718241e-01,3.193295972104368552e-01,1.079077583556774245e-01,2.622948300884881956e-01,5.302257267194202539e-01,1.528398691526058339e-01,1.594400952174845620e-01,2.094639294081254988e-01,3.436733661699358788e-01,3.205704305880990868e-01,1.058280803051246943e-01,9.262231408891086204e-02,8.110567948451236076e-02,3.788805136364336024e-01,2.624593618723564115e-01,3.341475258165422790e-01,5.041850752660109736e-01
7.633519729457403091e-01,3.624639286958133283e-03,2.926448889355758309e-01,2.437066710770782046e-02,1.489261823813006202e-01,1.548988276936920927e-01,7.369054910782596446e-02,3.815445208253140374e-01,2.502245939465648217e-01,6.921228390467211444e-02,7.886334462849690918e-02,2.637578492216930970e-01,2.836851083561776066e-01,2.806650763162645834e-01,8.364425823625556977e-02,9.629194571169577554e-02,2.758663800557972223e-01,8.024373641701497070e-03
5.847214817811159371e-01,5.856049162266449559e-02,2.851153794249225437e-02,1.257275699043211847e-01,5.690925486093069419e-02,1.582670474101583458e-01,4.027278379403884112e-01,1.592985628737192405e-01,5.098617591870857613e-01,7.791084365709398385e-02,5.540363288942869169e-02,2.569645741202002953e-01,7.017843230289253983e-03,3.891288666964308474e-02,2.682283330209606631e-01,5.316361146355515210e-02,4.169837126234131330e-02,3.571368969803863092e-01
6.430985371920592275e-01,1.930420560385291417e-01,1.605480111008498745e-01,2.597804354664874360e-01,1.700760243174229136e-01,1.485946628999688934e-01,4.001071484084169905e-01,5.716213180058642152e-02,4.087424273059177549e-01,1.943350579965849589e-01,1.163286863039028479e-01,4.526412142813573958e-01,2.240859857810860722e-01,2.100896054533131496e-01,5.317149048842170073e-02,5.416767448463877255e-02,2.094512945131089265e-01,1.871238194419988510e-01
6.742569420074285835e-01,3.438799068536484427e-01,2.994714824646453957e-02,8.776677607075160370e-02,1.929343165872798860e-02,1.156850903533332975e-01,3.433319223472549586e-01,8.048135343040192791e-02,9.939697292026054842e-02,2.638776608883625641e-01,4.416718329271526050e-02,9.485577310109089000e-02,1.578295863037470770e-01,8.004678748964821899e-02,1.835409618494666384e-01,2.809962626077022740e-01,2.919540686688748901e-02,1.464909857460403864e-01
5.372997905918839301e-01,3.239334826180835236e-01,1.326117389860340459e-02,1.741961945879562726e-02,1.048404301926455506e-01,4.034636544907352906e-01,3.760539990980184544e-01,7.757920397012674218e-03,3.329643837980498233e-01,7.147925402236778025e-02,4.097723925510941001e-01,2.555469656593619548e-02,1.221541775951593412e-01,3.799037368624141875e-01,6.876497614243788636e-02,2.069823757827605193e-01,3.729709594631180208e-02,4.584624300082153492e-01
6.629150487988060281e-01,3.311015427896055185e-02,3.758107447808180512e-01,4.166682375236467895e-01,1.663421250348796343e-01,3.733269290122164796e-01,8.255681352755095057e-03,9.737211050414058822e-02,1.937967936027688576e-01,2.404650646822101834e-01,2.880299753488730352e-01,2.919728746290116139e-01,3.110171310061846800e-02,8.982746391176098244e-02,1.306556259796000929e-01,1.794461331290883310e-01,2.000044897813222367e-01,5.018083691948198588e-01
7.986058351308724657e-01,9.132536182373141020e-02,4.153310336510508960e-01,4.802522211496731974e-02,2.682978584940721722e-01,2.801403187202277864e-02,1.457345428830285616e-01,1.221690302725023276e-02,1.867368137099744418e-01,1.464188155155494719e-01,1.469917005230206297e-01,5.672671156143707649e-02,7.018302333501180712e-02,5.262340172056967358e-02,2.942179436470046539e-01,2.238080495903763678e-01,3.709700145280353523e-01,3.789997327071572553e-01
6.636771709449994505e-01,2.549500361139847016e-01,1.510031815790842391e-01,4.931550435840028473e-02,5.398263696433326306e-04,1.683373812082947230e-01,2.628923709093605732e-01,7.613278929189122579e-02,3.267036112051983632e-01,2.904588169362654071e-01,1.669618951987366096e-01,3.666542395795874265e-01,4.149928755816890621e-03,3.087853231787658290e-02,2.305332351868142615e-01,1.423644280266631729e-02,6.275435411889065951e-02,2.738174797062942756e-01
5.630039606017179787e-01,9.428737626164306052e-02,4.068354003156007259e-01,5.074279344736323111e-02,4.372057845366464912e-01,2.051192275106381580e-01,2.863212420789408574e-02,1.817804170365234506e-01,3.306583871932275986e-01,2.039551588145055439e-01,4.463989681162269241e-01,3.328922424419761966e-02,3.237350307407797518e-03,3.820775284301926034e-01,1.645351300142162410e-01,1.415352528337331939e-01,4.200006945801250391e-02,9.722756859644224314e-02
4.888198562734396568e-01,1.190064006467359409e-01,2.424512805519953018e-01,2.334888722220487267e-01,1.333122048162823647e-01,2.365012525510500063e-01,1.517423501341386982e-01,9.551493006291787713e-02,1.730390830227690191e-01,1.559476137115264616e-01,1.677607065798834007e-01,5.230137490875596401e-03,3.604172780337313031e-01,3.679812446276486959e-01,1.946629776543374879e-01,1.792598898561959531e-01,2.370290345470312254e-01,2.755865689277401942e-01
2.738561795927231812e-01,9.486532741318472531e-03,5.068162453129502198e-01,3.795973218198273602e-01,1.099043969483659289e-01,7.579389987949949892e-02,1.883314554089497161e-01,1.727737207459707214e-01,5.442964461044759450e-02,2.698451338023004631e-01,8.213250623572765363e-02,2.201395269335809646e-01,4.235217965145271490e-02,1.338741079278094048e-01,1.677472741747348117e-01,1.255924228427748000e-02,2.390915998855261682e-01,1.237730018097901036e-01
5.815684416457806982e-01,6.911872853739986500e-02,1.775137146674327371e-01,4.090696123791797145e-01,3.181998788901291286e-01,2.162397890241952447e-01,2.233551092829795526e-01,3.175140341379216746e-01,7.891151787325335898e-02,9.243045505969309239e-02,3.351336169764634887e-02,5.050454874106927727e-01,1.218027288483081033e-01,1.379049511678797080e-01,4.532342939032587559e-01,2.940842292125372404e-01,4.540645240986630471e-01,1.028787614833818476e-01
7.938069242718915897e-01,4.708395128713005473e-01,5.260518976026903326e-01,3.851658331797681856e-02,1.707361258840800478e-01,1.737416465315913261e-01,9.765228864187842917e-02,4.815673345505848135e-01,1.202777692079947010e-02,1.422201414658286756e-01,9.124693705681112543e-02,1.840537976590345404e-01,4.646992640337364033e-01,3.815119650749069224e-01,5.138965585240925504e-01,4.612719223643600985e-01,1.338299785543292930e-01,1.252975729885765638e-02
5.780814667976889032e-01,6.900633066039871255e-02,4.791554529395281592e-01,2.308975914681860378e-02,1.379403662794150276e-01,1.527029218672081301e-01,3.906502571710371297e-01,4.542600860382104977e-01,1.278875713355560051e-01,1.997170636056503634e-01,2.162156040354452913e-01,3.739502647721689166e-01,1.757705722853768193e-01,2.515893594347599627e-01,2.920778938610062436e-01,1.127330008657206201e-01,2.717388062786930680e-01,3.726947557958047441e-01
7.252837469885544674e-01,2.267644905323396021e-01,6.433840519295663807e-01,7.071214519395681297e-02,7.209793788928417491e-02,2.051952664732380749e-01,1.256006829663024182e-01,2.773892294454344820e-01,1.126978700792231197e-01,1.019297153267863590e-02,1.591168156595803296e-01,1.272518000456203946e-01,9.289721642939348161e-04,2.493152084258390966e-01,1.535917787259826750e-01,2.291686751644970432e-01,5.142399489157126191e-02,4.696971275065446871e-01
4.425901162147818368e-01,1.970244865589218866e-02,4.193664451294578516e-02,4.148886646080989227e-01,1.078295864969163881e-01,1.391002396741380931e-01,3.659183938808502901e-01,3.138246508914190325e-01,2.509949042463396340e-01,1.793625873478699173e-01,1.834311667752202002e-01,6.383889200007600295e-02,1.205294399758821966e-01,3.057494316258198008e-01,2.042960896369517554e-01,6.749303464732393787e-02,1.238247238363452546e-01,3.989907625938444169e-01
4.471693837845643893e-01,3.238673233249236283e-01,2.283077215594813136e-01,1.633559904322218481e-01,1.970563469443802063e-01,6.889704786252565105e-02,5.213491186708434089e-02,1.511255104645805869e-01,2.403879040309343795e-01,2.202882734283195809e-01,9.374233463177815417e-02,1.863431728885932004e-01,2.706175003698170212e-01,6.116435999912390314e-02,1.030820602670602243e-01,3.891702574788236668e-01,3.078472729346803591e-02,2.336793397699542529e-01
5.991679415386902408e-01,1.187830276159815013e-01,6.591402703350139891e-01,2.912249331421772891e-01,2.518171249622587760e-01,3.682650604540961825e-01,2.404636646234968311e-01,4.215787420172338318e-01,1.416200040094780510e-01,2.739246034584026934e-01,4.311598867673421820e-02,3.863153694182224762e-01,7.595153887043432084e-02,2.997713344193638635e-02,4.675686563965580356e-01,2.514399839203129705e-01,5.640842412917949078e-01,3.639223052481851267e-02
6.362212165690106502e-01,1.890199380417365363e-02,3.026071020636626405e-02,4.867538649144371316e-02,3.652889013814570318e-01,7.631067334473597141e-02,4.210376457067785405e-01,9.888323164714286906e-02,2.480620033368632904e-01,4.060129888888808908e-02,4.685960642392154596e-01,9.797880848675963317e-02,9.714198227666595575e-02,1.403811957897219478e-02,1.693898872446364945e-01,1.638414779772006113e-01,3.473616344446603943e-01,2.259461520409146995e-01
4.898593254378389994e-01,5.978106980428039841e-02,3.608926807740173159e-01,9.418295982291320645e-02,4.286569730256246102e-01,1.207367728573289639e-01,2.220377975660653980e-01,2.088208614593763390e-01,2.221223927037822565e-01,1.553946156727113725e-01,2.421193963346709166e-01,6.214421588695802356e-02,3.805507990753478204e-02,6.767224185103811254e-03,2.881465266183891316e-01,1.279394677772550254e-02,2.974068622877978352e-01,1.246638830125184200e-01
6.681668080299886237e-01,9.008286433941459920e-03,1.378529438772237714e-01,2.113476029822792222e-03,4.003855494042307672e-01,4.854499982233101418e-01,3.495013353071317885e-01,2.974234852655601724e-01,3.337034593592557580e-02,5.089872141354346846e-01,1.454971751382415357e-01,4.378608322241945433e-02,4.722188707697891341e-01,2.492364788974591183e-01,1.005083924045834520e-01,1.996173985901490422e-01,4.096775487134167726e-01,3.656733437186142632e-01
5.978474201327790283e-01,2.343581666099447403e-01,7.019247323680338768e-01,1.161165584169846499e-01,1.685619465366167136e-01,1.020799364339090159e-01,1.292955253134834837e-01,1.752380506576453056e-01,9.535332592730826062e-02,2.079438935147607526e-01,3.880238875390511488e-01,8.212381735150560413e-02,2.213071475482922615e-02,3.180566372150008814e-01,4.154096097112275343e-01,3.303598236640145624e-01,1.195587646036239682e-01,1.756029731029657981e-01
7.483632321332032156e-01,1.138842271642992593e-01,4.431853346437899521e-01,3.207841529040285078e-01,1.291148567854446816e-01,9.211050529983523527e-02,3.648064099774789293e-01,3.870266244391657590e-02,6.199753360240040784e-02,2.205071514514140851e-01,6.664959201147070689e-02,1.657453381291304206e-01,5.496943229072693837e-01,2.294313096050629441e-01,4.987150384427509187e-02,2.090023727134568687e-01,5.458988607074073407e-01,3.324816027156918818e-01
8.530702905873004394e-01,7.436896705952161790e-02,3.078270120830187695e-01,2.054008923749808813e-01,1.854322072653919740e-01,4.791038660233727653e-02,3.275138973847776525e-01,2.324137153597570782e-01,5.380534430103324495e-02,9.208788314319242552e-02,4.751727442543211555e-01,1.630102751910884884e-01,3.714057416902735165e-01,5.128631360720868615e-02,7.275275411139070503e-02,2.276964569383846115e-01,1.552954473590320572e-01,2.355420584455192035e-01
7.837603181754793091e-01,1.246478372898002784e-01,1.278085191027063805e-01,3.358375722709543848e-02,2.549750984973014334e-01,7.025655305220440683e-02,1.044978815002496203e-01,4.507202739845034972e-02,2.904596918128821148e-01,1.790569924788375233e-01,1.867689549483221578e-01,9.841451294495597024e-02,2.753588842460769626e-01,1.764749704443686548e-02,1.361713778527430876e-02,7.170355481487035443e-02,3.313639198753195458e-01,2.416037215407084437e-01
7.137794977460092394e-01,8.655813252426913795e-02,1.931797432074669474e-01,3.300265163307961602e-01,7.711580395255188125e-02,2.262306421366764020e-01,5.358110625677883765e-02,2.465517842914238811e-02,1.410021965169956093e-01,1.353032391254911093e-01,1.404235708232104141e-01,2.544615183315395157e-01,6.334188005143291667e-02,1.625703256404524844e-01,2.045273069780506950e-02,9.926386499993236634e-02,1.053088725937274817e-01,6.456712653211023334e-02
5.533553781609696909e-01,7.555369335635053751e-02,2.165836526674515539e-01,6.794345588477408542e-03,8.351554713040154621e-02,4.121099072986293688e-02,5.122201135928611260e-02,1.514744340866157890e-01,3.926223790743880171e-01,1.612153468397403006e-02,3.064424054974631759e-02,1.340574361764505229e-01,5.247929015348568905e-03,4.486669007890259353e-01,3.884501828194020234e-01,9.103691809627997844e-02,2.583311722347204215e-03,3.223842936874268122e-02
7.401808376932621503e-01,3.960156562387290857e-01,5.504866238321570737e-01,1.870226449795967527e-01,9.127828020991186897e-02,2.616930161896530715e-01,1.723253859980813374e-01,1.084784633877668991e-01,6.171925974390196634e-01,2.492896955063894360e-01,5.551073005161598350e-02,1.432725755202284290e-01,1.925684471102052653e-01,1.352101730033086202e-01,2.787648948688195016e-01,2.860986271509741163e-01,2.011403158083175866e-02,2.743676689635551891e-01
7.296296163320364903e-01,4.821568913788408239e-01,1.825405149920582004e-01,4.197907128261842424e-01,4.016205478032220944e-01,3.454043731074495915e-01,2.379308186598990127e-01,2.060539988037895787e-01,1.421194022333419349e-01,7.604131681044970503e-02,5.689784002868743945e-02,5.006759008462213084e-02,1.126796327142699644e-01,2.135112778827505386e-01,5.013602837827741965e-01,1.882320435395555269e-01,2.181971467659329644e-01,4.872592930466663336e-02
7.774149807839160209e-01,1.641386935891054333e-01,6.029458655759630803e-01,4.125389791845319731e-01,2.019154214336309483e-01,1.965238560996047656e-01,1.058109646956166966e-01,1.070278895184182816e-01,1.211795041507338078e-01,2.045433556872168490e-01,3.209099014176172021e-02,2.920724441042767822e-02,4.035098465989260530e-02,3.537037682218585055e-01,1.827889689801989737e-01,2.890233750278990432e-01,9.347697551003182614e-02,4.552921091418475619e-02
7.100162892608451459e-01,1.340480848449145390e-01,6.467494603294500488e-02,4.150414805980714439e-01,3.176627456064069766e-02,9.009168486342503113e-02,3.420409472856294486e-01,3.502793460288272653e-01,2.888736175168120646e-01,2.974549696185860639e-02,3.821057380879427923e-01,1.475301835642492095e-03,6.352541641521153304e-02,1.319300188278675623e-02,2.162922076907395352e-01,2.417523823757491142e-01,1.198670274131078267e-01,1.291986999025876159e-01
6.951506956012548644e-01,9.417626693682254468e-02,4.430879864112247102e-01,1.449995908754713181e-01,1.645025015438056348e-01,7.514686182580286589e-02,2.497605843073371912e-01,5.187143674884679700e-02,1.469327722138419057e-01,7.432487724095870711e-03,1.572649773013435129e-02,1.907207201462237517e-02,4.494762770031121568e-01,1.819834578193492702e-01,1.947205936110566749e-01,1.626515744373674133e-01,6.078316214323576522e-02,1.114736084122471826e-01
6.692672813229049167e-01,8.253723977934310230e-02,1.530613977155589334e-01,3.151819696122094838e-02,1.534325317658799537e-01,2.534550797318230186e-02,3.041408175524937252e-01,5.922419171625842305e-01,2.627114398011486385e-01,1.849730196909128987e-01,1.709368377076635470e-01,3.143658305169751838e-02,6.444792976085213232e-02,3.298155236157578329e-01,1.066086432024558883e-01,7.106153780803332876e-02,1.356543865465560383e-01,7.411260629798467614e-02
6.816500155240806658e-01,1.127053425476970128e-01,4.553018574813556540e-01,1.927852108771103967e-01,3.090267987631406532e-01,5.925095068258392494e-01,2.449547206777651087e-01,1.823158886241154075e-01,2.742951203141956729e-01,7.385517983328544755e-02,1.305684871154093873e-01,7.097830983391764138e-03,3.422621336913145851e-01,5.938678855918361199e-02,1.889026381221671214e-01,1.104963098116741455e-01,7.674201303550767794e-02,2.238205225405638377e-01
7.088014077460540463e-01,6.890456746371497188e-01,3.493785501142964711e-01,1.334816987925148413e-01,5.197685815457570024e-01,1.758086253823652467e-01,1.517978720076835208e-01,3.270288954279304550e-03,1.321309870336630221e-01,6.607144371691665852e-02,2.217518347495640307e-01,5.747508230529584095e-02,1.414745399127791126e-01,3.395180844887457638e-01,3.151785630424624451e-01,2.003236160171977930e-03,5.004265249077574085e-01,1.408205967356907229e-01
6.565053749823721585e-01,3.595350558954733128e-02,4.321057209728122461e-01,5.843936492931866428e-02,1.382747696398410886e-01,9.990161809511755031e-02,1.277954254935051992e-01,2.204011683298024993e-01,3.996332531925270853e-02,1.185129977137618085e-01,2.907958429366553840e-02,3.727342692822140924e-01,1.958401515042653418e-01,3.040918086871034487e-01,9.455222214511331547e-02,1.145004232017454576e-01,5.817393241127261777e-02,5.710634914024762532e-01
7.133447723906284343e-01,2.687543213179492962e-01,6.905977762155912636e-02,8.002710649654805330e-02,1.143491842304711001e-02,7.377590491903210368e-02,1.259567434485271828e-03,1.153200002272327940e-01,1.678368805086215276e-01,1.393273230776740090e-01,1.656361727623329172e-01,3.099655051594084054e-01,3.548672884675203032e-01,5.121220270178339362e-02,5.849637759754888755e-02,3.137449377970262798e-01,4.946913172422998106e-01,3.707025531819912456e-01
6.822111097147137704e-01,1.036743539273798781e-01,2.988646031841473913e-02,4.304961289435935146e-01,2.738576014310395088e-02,4.653701811695051122e-02,2.401431173108669603e-01,1.852354456826917906e-01,3.120287802760637330e-01,1.373079338288754336e-01,1.556025459150961188e-01,2.115404931326396731e-01,1.983906999034863450e-01,4.346720745189458501e-01,2.160347005028908154e-02,3.102604962168141189e-01,8.236292129646946569e-02,2.382868070055693954e-01
6.253799104726330826e-01,1.377772878382827471e-01,3.863595757174583672e-02,1.876752261871273419e-01,1.039495646328866957e-01,1.445507842106976137e-01,1.358758986862593499e-01,3.327241890473432995e-01,3.292549933856665084e-02,1.380622016451566458e-01,9.852029303397996825e-04,1.073397571508149934e-01,4.753546705736626521e-01,6.138688479860347769e-02,2.428082462607214498e-01,2.762130592411913763e-02,1.741424712988224321e-01,2.155201099538496534e-01
6.657528496641029747e-01,1.142170099327722982e-01,3.774931016389640459e-01,1.900205902476751751e-01,2.933638420289069737e-01,4.078135486670352305e-01,1.093460832746157192e-02,1.722065996772982263e-02,1.539971131981961450e-01,9.088244996882816062e-02,2.743171441006942990e-01,4.569117635222880169e-01,9.231162632849106153e-02,4.113508656563656662e-02,2.914526561296842608e-02,1.318484441618139880e-01,3.353139441407895216e-01,4.303095536906086926e-01
5.152581334318883099e-01,1.474592196943951272e-01,5.134024063981723618e-01,3.221007641713585223e-01,1.889778773886645058e-01,4.230740113162023697e-02,1.728311684115362290e-01,1.845548999422873537e-01,3.096644079603547706e-01,6.355889262872435608e-03,5.800059681318499305e-02,3.141637348751868258e-02,2.091526950861890000e-01,1.275205221628415431e-01,1.240890506793985298e-01,1.466275082723275669e-01,2.364430473160231971e-01,2.183470297370981306e-01
7.777412190283593540e-01,7.264306668531238242e-02,5.777407391576443452e-01,5.401434210675491038e-02,3.526630553066513740e-01,3.820781370151051654e-02,3.849814562499352388e-01,1.763687309575676376e-01,2.671460650145093818e-01,3.390150535249812358e-01,3.135790293553259445e-01,5.368978864488137270e-02,1.957714440842405201e-01,1.696213114602936056e-02,2.561303958560118971e-02,1.943005967689474811e-01,7.275479303416963750e-02,5.420903990540366230e-02
7.845591263977381713e-01,1.077081248991398482e-01,3.656220457006919000e-01,3.388171147630175128e-01,1.753227706425699861e-01,4.833896697251483660e-02,7.925914792506918993e-02,1.296314026214718806e-01,1.362025125778723034e-01,1.277326113410658937e-01,7.061089785013624845e-03,3.290891090467695096e-02,1.731810215663610319e-01,1.676121033728723009e-01,3.885015400854038153e-02,1.502900910306893996e-02,2.382469211750372073e-01,2.244112397033276862e-01
7.821006029499959489e-01,1.209232606497050722e-01,3.697828884783265768e-01,2.375027216015808684e-01,3.626774844456391311e-01,8.167566169463932879e-02,4.416871318735640650e-02,1.216531510634535213e-02,6.402992935095358495e-02,2.223634889401078785e-01,2.275901407351779981e-01,1.021177503083258165e-01,1.532295037277522365e-01,3.735145829719491162e-01,1.844215095724722475e-01,5.341729440932380113e-02,1.406408480533700711e-01,2.487973357340535208e-01
8.038058344919071230e-01,2.863231876519750294e-02,3.024992988086312451e-01,4.114760474883471519e-01,3.960204799956268951e-01,1.953800317125732044e-01,1.213469831783981073e-01,2.469842811746558037e-02,2.384863501034600597e-01,3.013335601662721075e-01,2.158770890158059896e-01,3.075040166391226903e-01,7.053977227095392655e-02,7.739802400286635575e-02,2.060648373015016299e-01,3.585022458676158097e-01,4.176162097844469123e-01,2.068911744107607420e-01
5.267451059856870232e-01,1.909721165226582751e-02,3.514157625160969078e-01,4.012079156029885879e-02,6.828822825563606036e-02,2.171850876806741826e-01,2.586682526252285230e-01,1.546550683766168000e-01,2.945578493525651265e-01,1.051997580201085719e-01,4.494623756763227451e-01,1.828028549130552433e-02,2.442298489914342952e-01,2.968423767781102063e-01,2.881296135071746978e-01,1.410977119060867202e-01,2.829296375510914618e-01,3.703769384728262254e-02
8.230573497799061888e-01,1.013682606098110089e-01,3.762918996045391262e-01,2.566050828934771655e-01,1.757933005941955673e-01,2.459776140210838125e-01,2.552104489230907491e-01,4.984103368533359668e-01,6.392560925712370556e-01,4.880108079384359171e-02,3.438832703583324379e-01,2.538315697246145142e-01,2.471284897336098463e-01,1.592564917237774061e-02,1.535433784131789436e-01,3.372140221371756619e-01,2.859818530754696386e-01,3.897145079038925042e-01
7.050333500644423435e-01,2.834487511907816670e-01,1.383033435037651915e-01,3.097778365896010633e-01,3.400205217673803182e-02,2.776804723060374847e-01,6.078094706725373567e-03,5.151756153934525240e-02,9.462528557502615512e-02,1.424494085625081508e-01,1.264026016360955407e-01,3.764310004258609177e-01,2.411795233306787134e-01,3.303331602819764568e-01,6.458075216720472744e-02,6.193272796683869930e-02,3.009766108532802575e-01,2.114735335909276592e-01
7.259864651670500102e-01,1.556170206419664297e-02,2.749595731498102880e-01,4.471631011386514865e-01,4.026417987534530729e-02,2.545146582584059680e-01,7.960074725110022342e-02,1.928690149964107647e-01,1.283814153589959706e-01,2.593780272013897908e-02,8.056807900523453581e-02,2.270917795526770921e-02,4.435146265111516994e-02,2.119148507730861386e-01,9.596447805407930590e-03,8.876443084696050700e-02,2.453177873925372066e-01,5.355553317781537315e-01
8.363041232383376933e-01,2.405773675060453032e-01,1.975263583979209314e-01,3.116864642292219156e-01,1.420002963621392056e-01,2.158579300174149479e-02,3.631879566267546822e-01,1.484554755159177564e-01,1.445081777835333647e-01,4.577965438193812991e-02,3.817097286589261895e-02,2.003677961593350043e-01,1.228372819882918993e-01,2.536574422886840319e-01,2.868953479526211575e-02,2.665001231804963733e-01,2.446925695263441891e-01,1.578941544301608602e-01
8.252548998523757673e-01,3.668137751285439063e-01,5.074580930850017824e-01,1.751806596910902292e-01,6.404810199485878874e-02,3.175630668351263342e-02,4.458508983676865989e-01,7.842365562371476917e-02,2.710712476497094126e-01,1.806518529592703315e-01,9.289743730089596030e-03,4.250604756269572848e-02,3.215591562364807365e-01,1.651498653685385121e-01,1.485645192006305459e-01,3.534300680845137710e-01,3.701568008841482071e-01,3.483168689905877247e-01
7.089328711892814994e-01,3.114622602913719729e-01,7.827649775647499419e-02,5.569619474987752561e-01,2.147335376407782381e-01,2.224147257384815057e-01,3.993884785229745438e-01,1.232704328723584486e-01,1.051820384223816213e-01,7.320203626651805573e-02,2.298850920036508150e-01,2.900985139097973092e-02,3.911491829325222658e-02,1.170365939197028360e-01,1.406977404067244197e-01,5.705380596502374058e-01,4.613930375664799799e-01,7.845819745609503015e-02
4.675598550245115836e-01,9.719346807165654689e-02,3.591179217646207622e-01,1.303196521760758009e-01,1.429606474482410412e-02,1.983876550358104063e-01,3.539389115502155070e-01,5.396577768916661633e-01,2.983661296547147068e-01,1.416805178511668095e-01,3.169801033675151980e-01,1.488148132742231899e-01,1.370201983655636169e-01,8.492122816878425184e-02,6.174912654457475475e-02,1.536333468242784828e-01,2.448516596108397392e-01,5.415783247234204900e-01
6.671823956044519166e-01,1.132192620564549806e-01,4.650624069216903744e-01,1.249578954538371478e-01,2.645936319599282993e-01,6.308313502608306478e-02,1.604354832909443140e-01,9.373951514214597103e-02,1.658513017377830356e-01,1.541837980118006823e-01,3.507905025031402557e-01,3.063922906430439907e-02,7.830513691159968204e-02,1.863581050870305456e-01,4.392335884313531835e-01,2.710107773566403783e-02,2.531644111852339174e-01,3.295098217689036435e-01
6.519314146690867728e-01,1.048404783632021775e-01,1.669425405183207201e-01,1.495136144149723512e-01,9.016843391200856511e-03,1.603929583826590455e-01,1.428362321923750122e-01,2.812216110305957306e-01,5.616926071382748187e-02,1.941542758406102631e-01,1.570345125191298097e-01,4.699716216428246329e-01,2.591403245355852203e-01,1.647196630481876090e-01,2.192105797966557024e-01,1.945483301464901171e-01,8.875948913822831465e-02,5.407746810319417896e-02
7.623065859428435065e-01,5.077123981981891410e-01,4.413097668961007969e-01,1.774318291139278525e-01,2.167248239788168718e-01,2.760550731019413839e-01,4.512942477406265418e-01,4.066642308198373246e-01,2.186354377699824547e-01,8.234730496711015202e-02,1.388155983692986213e-02,3.039267935258766276e-02,5.267474789120224488e-01,4.630125804637968967e-01,5.329650654379822772e-01,1.489475255399307363e-01,4.590908243274352540e-01,3.998163135614161701e-01
4.253758977204223912e-01,9.254955778343792669e-03,1.827713222532432180e-01,2.818679565833207556e-01,2.319970260014131980e-01,3.485964237011967559e-01,1.175845411126435203e-01,9.532140768224957317e-02,2.990753902549928567e-01,2.077846839012786884e-01,8.925592440947835438e-02,2.411338254165127926e-01,3.519976681017763509e-01,1.327189264154476633e-01,1.653315768316588052e-01,2.813465786910006594e-01,9.591780784869888277e-02,1.884785280692952980e-01
4.100842718331834114e-01,3.823584048172348204e-01,3.390571757182622714e-01,2.806292889757508457e-01,3.611697888129973832e-01,2.177948268384440611e-01,2.215519351739111964e-01,6.743386686059331392e-02,2.079163359956877066e-01,1.720669236336662133e-01,1.006093663407066074e-01,2.069367836770021757e-02,2.983960030805207775e-01,1.001094535291506132e-01,3.736963219362988697e-01,1.382579614454893524e-01,7.539572229293907413e-02,4.849043028094084384e-01
5.657045820681517734e-01,1.515131985973708906e-01,2.484100868919207616e-01,4.018388438579131167e-02,1.768110780774391835e-02,1.919737389284875417e-01,1.958062736060709186e-01,1.255802283847484990e-01,5.293428194133330961e-02,3.247144646819590252e-01,1.312692461779538244e-01,1.816762999359862463e-01,5.013834766960930528e-02,3.214748896123187372e-01,2.285191081955774139e-01,8.695179890956904190e-02,2.365914068959131811e-01,1.093823955868269970e-01
7.152412145335727001e-01,1.926064442247529818e-01,4.511755597224785808e-01,1.036593571025964389e-01,9.109119000204543570e-03,1.191334085429008871e-01,1.394827280380628032e-01,6.069547067365570203e-02,1.656217655594845184e-01,5.227041866382002855e-01,9.069283596555557936e-02,7.041592454100853438e-02,2.655335862198752728e-01,2.503465959800839080e-01,2.186126742986046201e-01,3.253546442322577947e-01,1.957167235741876787e-01,1.492610511592698253e-01
5.589155976428581418e-01,3.215218324900682156e-01,3.780233096920537078e-02,2.734874695066578099e-01,2.355399309929852025e-01,3.154649617460076327e-01,2.155413871593543362e-01,2.255053506382186934e-01,5.874505034818703481e-02,2.634903690437547241e-01,3.930585774148356304e-01,2.276610827889900546e-01,6.814673032686670295e-02,2.959530923889198140e-01,5.658353948778750420e-01,4.914435447818171071e-02,2.356042395296535918e-01,4.886787769209486876e-01
6.137107012184295218e-01,1.113864790145021808e-02,4.456624258864324006e-01,3.143172686018544937e-01,9.191359557733527752e-02,6.156498285905463025e-02,1.518141483270389613e-01,3.313374107620088438e-01,2.901432021406827322e-01,3.292048510175987763e-01,2.726970544534947777e-02,1.121941478211183618e-01,3.440392350596163662e-01,2.557931815434079104e-01,1.807739615421857099e-02,2.817187934802381499e-01,3.843031207408588168e-01,6.880803367990605268e-02
6.579840494143218699e-01,3.824023929916233744e-01,4.155978568798152084e-01,3.933464294744616896e-01,1.191056270407533091e-01,1.929129692382288222e-02,3.502043917635980219e-01,5.936563258530813680e-02,9.656981556925197177e-03,1.143452103086349259e-01,3.055396429966327765e-01,3.151554887451985532e-01,1.764508886958077727e-01,3.875381886503286299e-01,1.952050760488533432e-01,2.091434169521468045e-01,2.565538964976467051e-01,2.731413304018033908e-02
7.445385149430173710e-01,4.825623804627599545e-01,1.725061147139650419e-01,3.785860020465686149e-01,4.089758183699923055e-01,9.248138442933209746e-02,2.514890293788135667e-01,1.856281006819882062e-01,2.287359274952686372e-01,4.032145472275180942e-01,3.143786427273502770e-01,6.812420080261359428e-04,2.426975568447606590e-01,2.839713499673163222e-02,1.902112804009524483e-02,3.453920242986731615e-01,1.694348284861719178e-01,3.012811769346533386e-01
7.605741751537314910e-01,2.526755555623319549e-01,4.378451216139495755e-02,6.944269136776750175e-04,2.937185103924648266e-01,5.147872198763008000e-02,1.453889366114505255e-01,1.078634691840702903e-01,3.086256107943086482e-02,2.689920791291531277e-01,4.201619618579080506e-01,1.656371895346630541e-01,1.271057255323142787e-01,8.070842407901203386e-02,3.496601444277120940e-01,4.407155873473752455e-02,2.334274717609059191e-01,4.562955103130690582e-02
4.543949355332773110e-01,1.819041316672609376e-01,1.817460939152089616e-01,2.382465609280407515e-01,3.269453428703838482e-01,4.252494815155493657e-01,2.454109009793688581e-02,1.164053187683295187e-01,3.850398585828420650e-01,1.659316141994862104e-01,9.567992551270008972e-02,8.180294639698847126e-02,6.958084577264775361e-02,1.670945350560042175e-01,2.116693508116497882e-02,3.495042448657628698e-01,1.751710400111382293e-01,3.230463437516805508e-02
6.840131925211051511e-01,6.843133267918824481e-02,9.364215073333544137e-02,4.490379323469604472e-02,4.946796317321948688e-01,6.638697007893405722e-02,3.243995200125687761e-01,1.955235741360617646e-02,1.234587844127110617e-01,3.186206902017327258e-01,1.928725847769727220e-01,4.153307566956612185e-01,1.842516970687220479e-01,1.202304840094037264e-01,4.002447674234296260e-01,6.477576438053432584e-02,3.347724400861796235e-01,1.913273398534710845e-01
6.775362765910760698e-01,4.302893396174258256e-01,5.533581012949871925e-01,1.352791929814501637e-01,3.031534691673161142e-01,1.787587930795810354e-01,3.949949778164084102e-01,2.918297553455121984e-01,2.880409710855545424e-01,4.300693936973912224e-02,1.549169228126376086e-01,7.978395550784318779e-02,2.428112002589198903e-01,2.467789100489661547e-01,3.380791588143866253e-03,9.719534204695806645e-02,6.845954605205871457e-02,5.291722392491125110e-02
6.985931668175797693e-01,3.205026853924228345e-03,1.641411700418603514e-01,3.414021166443442085e-02,1.219229899701428643e-01,1.611998843149695937e-01,1.795474170088013077e-01,1.657148962429683681e-01,1.328499477931234518e-01,3.163681059668024820e-01,1.565700432538660036e-01,5.991405382995599466e-02,1.598346565029791500e-01,5.366551686566661122e-02,6.933945779617482763e-02,7.460786648861580939e-02,3.920432725834674392e-02,2.408283301695688869e-02
5.682022835855399245e-01,2.429427339603148217e-01,2.918284392327302745e-02,5.426966731447366854e-01,8.454729372959829403e-02,3.137056270914822531e-01,2.265984358610517446e-01,2.181562799321296042e-01,7.656994706660217621e-03,3.042429829524656015e-01,1.665194168421576248e-01,8.549205134496892788e-02,1.123587896141499676e-01,1.608131743972030514e-01,2.522142488001407057e-01,1.370160433056100968e-01,2.366544127464728087e-01,3.361484320143096061e-01
6.421183005434700775e-01,2.052502247988291229e-01,5.546873893867451666e-02,2.054421672707428537e-01,5.427087984960843325e-02,1.538184084303062249e-01,7.403605339447184852e-02,8.687505858714990314e-02,1.348204732019347984e-01,1.607459076693694977e-01,3.128665257150762824e-01,1.918108747919673035e-02,3.873018718704360763e-01,2.038660270002203567e-01,2.017220976484524753e-01,2.033535699171617472e-01,8.970928983874968884e-03,2.612080473981312490e-01
7.417541728178655980e-01,3.958829666353786969e-01,4.119326819515312099e-01,3.364642985379269202e-01,1.485163677783383762e-01,1.770553794502081890e-02,1.864661590416941406e-01,1.700253594155315962e-01,6.936046893182637452e-02,1.160711981011128963e-01,1.322318390664865284e-01,2.059045887335840264e-01,1.284383963273988405e-01,3.494554737199944139e-01,2.538268294506963382e-02,6.650351052621847336e-02,6.578861985691533132e-01,1.711307025875011545e-01
6.077472515977457856e-01,6.603187462610634606e-01,1.134039865276130071e-01,1.888402895562980854e-01,4.139471270231124406e-03,1.695067724087947758e-01,3.045622600432841207e-02,3.060796472389580858e-01,3.209848131223321660e-02,3.229723362144073517e-01,2.823936780830433313e-01,1.308231816130207489e-02,5.124121076537081487e-01,3.822840582438589152e-01,1.626266049386216814e-02,3.704179113707363746e-01,4.813315473999928151e-03,1.061952530646514438e-02
5.612180600069882619e-01,3.687074921262499805e-01,5.494698047712833766e-01,4.082047025561511000e-01,6.085571817127412297e-02,1.314815681002044767e-01,2.013020246322860807e-02,8.401612130076556439e-02,2.986485975755736461e-02,1.020920889284898103e-01,1.144210355076243218e-01,7.021046897561326883e-04,1.205569867629384395e-01,8.791790153940774732e-02,3.291845515743553330e-01,2.316682067287260949e-01,1.184033850505746693e-01,5.741944381836559808e-02
7.833552158133268994e-01,2.788527016044821116e-01,3.469349589023349445e-01,2.273709444267308366e-01,8.707707750123555579e-03,1.933305381664224831e-01,4.191426045947885953e-02,1.334191652355479511e-03,2.177822224233259552e-01,1.759102617044763506e-01,2.267253935345673044e-01,3.764095163180404807e-03,9.636099345164506058e-02,5.364930213198809694e-02,3.454725019636989969e-01,1.586864512635740090e-02,1.335398691531935328e-02,1.231018889108113912e-01
8.067639166755377067e-01,2.400390734010035207e-02,2.176911239367008144e-01,1.464933224631128350e-01,1.926598578486155844e-01,1.449814647862671391e-01,1.071298048409871292e-02,2.036315018350851325e-01,8.219298261205840173e-02,4.984265464423074526e-02,1.582108124402890614e-01,1.603779873173698245e-01,1.163515742691787896e-01,4.858417728128076596e-01,1.842758378129338934e-03,1.653637564123192072e-01,3.384861110535427042e-01,3.966749001551432841e-01
6.977387593320445447e-01,1.668366355114595800e-01,1.726991392357921651e-01,2.746474696962868389e-01,1.202038619735772418e-01,6.060327903694971985e-01,5.896120988751933634e-02,2.317722556157122971e-01,3.289075437006679925e-01,1.136049281609315398e-01,2.814453538634590843e-02,2.011880782897688263e-02,4.572162929240930138e-03,2.187237643633448136e-01,2.965757234012122989e-01,3.921789174682350776e-01,2.928666989644539143e-02,3.002332121133857723e-01
6.402600506411983972e-01,4.081537012708011392e-02,1.617118126657593469e-01,1.484648792858553612e-01,2.622522301286331903e-01,1.426554271081932057e-01,1.589044308531351729e-02,7.976902636644948863e-02,5.384954205822118853e-03,2.133260278796333675e-01,9.309367776689340956e-02,2.542454265350335141e-01,1.730860869568212265e-02,2.492093418198554622e-01,4.746832056985119119e-01,3.522511941108592559e-01,1.931534445065434535e-01,2.921484685832309025e-01
6.854361086022386917e-01,7.728192935055222534e-02,2.078042932709225632e-01,2.246379380163538164e-01,1.570775501760823256e-01,5.028059278647328822e-01,1.857668883367928347e-01,2.313755655293073601e-02,1.393782491560303094e-01,1.465930629174882205e-01,2.989745983085723147e-01,1.290348339981383374e-01,9.898672455630912193e-03,6.181002181025666009e-02,1.799866284183472276e-01,5.066853368976766830e-02,1.401603445402707926e-01,3.178528096625908295e-01
5.450141135871170439e-01,1.075090795295615409e-01,2.904141961499697167e-01,3.080579675397959738e-01,3.731408397771531771e-01,1.772177630448497909e-01,3.996350063246260631e-01,2.045125187093357801e-03,6.642311828459865897e-01,1.820169513034797515e-01,1.046216537234441885e-01,2.305495549615347306e-01,9.694435778973081730e-02,7.941298380167934740e-03,2.388756211444976324e-02,2.771547887862167436e-01,2.763776608998351758e-01,2.732695714592418001e-01
6.264363413466356167e-01,1.353116739768207843e-01,3.478184767583489823e-01,1.897079169761669085e-02,2.425437291290019892e-01,1.873056826998492977e-02,7.714007586119446536e-02,3.991802770287383728e-01,6.843086182316245047e-02,4.334941784657115466e-03,1.406436735534452309e-01,5.892983950594002374e-02,9.261966575417979186e-02,1.739996298301123984e-03,2.097502660191459256e-01,1.915551313633586661e-01,2.597203941746081268e-01,4.056345996213754357e-01
7.660263870565183764e-01,2.335668387417927372e-01,2.176580418542147996e-02,1.443426521546747332e-01,3.700239623893045171e-01,1.335110536324244368e-01,1.210969048992219937e-01,1.104837161489590491e-01,9.167202537578557353e-02,5.859078971091075116e-02,1.634985495954139889e-01,5.491019189346416640e-01,1.067029488173057775e-02,1.337205038151478842e-02,4.358829018057995552e-02,5.184342333274336578e-01,1.665058215502541739e-01,3.342415138356208959e-01
5.988036944416740281e-01,3.530677437628214621e-01,3.782605902437284895e-01,6.208713642317913867e-02,2.111768284478988678e-01,4.174390933562669437e-01,2.059495542116212066e-02,1.416356550294214922e-01,1.138622601085146208e-01,5.408730551719441448e-02,1.869232147563367197e-01,2.323499215923630901e-01,9.894404498855073615e-02,1.325459768072849986e-01,1.072547492072359679e-02,2.120503456681826215e-01,4.836633984642154521e-02,3.968881682970570313e-01
7.213621103886588282e-01,3.634619866664987042e-01,6.592989406052295331e-01,4.580233136035544161e-01,4.439947459774985089e-02,2.881707587987559771e-01,1.079109544576346419e-01,3.202121476823162061e-01,2.839785528542346782e-01,2.124090259202797148e-01,2.217867169902656421e-01,1.549183736863736505e-01,8.976115683176598414e-02,3.227444507135878715e-01,8.273168505910186155e-02,5.506156787464595859e-02,1.204703367235028105e-01,2.759698518453083671e-01
7.459998553768862894e-01,2.461566446179959122e-01,2.549687178891266726e-01,2.629678285015773498e-01,4.034750848407828161e-01,3.710598685915077466e-01,8.020901709594198403e-02,4.480802842036306077e-01,5.742261398506830206e-02,1.730587029141871513e-01,2.377928871226566987e-01,2.251448859241010347e-01,7.999136884285541760e-02,6.438944005875722743e-02,1.220589506025696602e-01,2.934905168823099403e-02,3.543834537239209381e-01,9.222486849057565106e-02
7.562235483621483345e-01,9.423266850311146081e-02,3.020972816682431228e-01,1.273131815270499290e-01,4.953690089710767741e-01,1.154017911758833392e-01,3.862653069103122450e-01,1.013408761118777535e-01,2.445512155087705142e-01,3.424964455093755800e-01,7.111207724158688515e-02,9.253159643654487732e-02,6.244009593015606985e-01,6.281625019656840447e-02,3.234528519251771428e-01,1.652624599479776413e-01,8.379043611162850444e-03,5.410735822933890882e-01
6.020340272335066301e-01,1.363149128351369421e-01,6.652853280958849480e-02,2.915155862340451098e-01,1.579121057519864701e-01,4.107485851868196147e-01,7.487999823266136001e-01,3.129655952287742071e-01,4.197653384222532202e-01,8.110254325607667292e-02,3.713461738236207843e-01,6.070411251809111619e-02,6.317622707046328771e-03,9.345015822265265171e-02,6.790547680317270129e-02,3.430117477041850771e-01,1.566991907957761831e-01,4.196896123880191065e-01
6.926907694829721462e-01,5.781198982463249536e-02,1.779985597555134580e-01,1.373475036030669949e-01,2.263689017814597970e-01,1.069877597238069189e-01,1.531057732788622949e-01,2.528390519969094807e-01,1.860454582134880852e-02,2.068957542590333376e-01,4.231219219671262799e-01,2.631879052221882120e-01,1.105773033962795804e-01,6.416763760029518815e-02,5.110751316715674841e-01,2.633411341896122471e-01,2.694050886442954096e-01,3.904560666830272364e-01
7.311161779227973723e-01,3.423617804587627406e-02,9.866289382992056434e-02,9.377682131321671277e-02,1.774866522954547388e-01,1.896185192169743683e-01,2.855292049915653801e-02,1.248768832203520501e-01,1.792002562814778432e-01,1.286266369849606295e-01,2.798143750391922646e-01,1.341573915130295780e-01,5.252149894569754091e-02,3.574947494715098595e-02,1.934865899405594780e-01,8.241883455392276514e-02,5.539482259810074583e-03,2.701508078893812836e-01
6.833278982683604896e-01,2.968476494602724780e-01,4.555739273774831455e-01,4.007148325036224978e-01,6.947366565266226146e-02,3.511684656310864461e-01,2.621908351519228186e-01,2.044221716635490071e-01,2.516512367260019256e-01,6.784855760207011977e-02,2.211074865972383618e-01,3.305459412389553930e-02,3.279045692093027209e-01,3.693338321294630244e-01,1.121493227088180694e-01,3.178222129034697502e-02,3.027746388515691334e-01,4.348708944881547744e-02
5.744896021012998455e-01,5.637116753550678455e-02,1.443749252213912815e-01,2.303330946676289404e-01,4.017785623935703904e-02,3.946223379688265087e-01,1.056715798173096799e-01,1.686739588927230749e-01,3.311959860071878037e-01,1.204572507462380870e-01,2.235768800431856551e-01,8.014488992606569329e-02,1.273283588347131623e-01,1.679013763319091579e-01,1.391826001422884485e-01,2.257871219556958631e-01,6.676958624770730488e-02,1.836733832601266103e-01
6.638586961188368551e-01,6.367627704218414841e-02,3.793363317710184979e-01,1.926716720427703311e-01,3.776768689373587451e-01,1.498949722335934653e-01,5.004076789962443733e-02,1.576802533750567004e-01,1.434532949167520999e-01,2.131234662118006162e-01,2.447164506210939283e-01,3.477835970635580476e-01,2.189485707589247099e-01,1.601597670342855828e-01,4.345852308761279370e-01,4.059958894205769608e-01,3.650386296641521811e-01,3.493125854649253292e-01
8.000618514523319957e-01,1.442593389000638437e-01,8.153213339914366919e-02,1.125739535932734348e-01,3.212054730506949674e-01,2.177804952019818212e-03,1.386209669867933814e-01,2.563259116382164415e-01,8.015531100980261003e-02,1.017429172450492747e-01,3.767160545328411270e-01,1.248384372819262567e-01,5.776527934497454470e-02,1.300956459951298494e-01,3.263340898365240661e-01,2.347072077243484989e-01,2.377917890917400079e-01,1.889431897229527646e-01
5.049348201098124989e-01,1.174828376948952868e-01,3.025297397248102316e-01,4.482615189845707421e-02,2.278748013008690954e-01,1.403734535887996016e-02,1.159693449586032266e-01,1.077919373296858385e-01,1.127094919210204355e-01,5.766850943994911161e-02,2.391403915451144890e-01,2.279257224480127630e-01,6.605253799427114603e-02,1.741870313743577037e-01,6.271095607960847085e-02,3.272493104012784149e-01,3.441908426959770506e-01,2.418807462078437220e-01
7.772370530040112468e-01,4.793811131652139790e-01,4.546668633904142887e-01,1.880713846518795862e-01,5.675889519273912866e-03,4.736714712631570623e-01,2.813391113707431335e-01,1.529661986940988316e-01,2.888487408085266828e-01,2.743885650800762313e-02,3.823540249181142103e-01,1.959339254625535043e-01,3.621149271149944893e-01,2.249378736616511887e-01,3.986871011670951176e-02,2.031931417277373919e-01,1.412111752457107239e-01,1.739286100367583854e-01
6.764630151609341002e-01,1.874615608309136705e-01,4.871371130224651513e-01,8.017331303451309676e-02,2.196222635066068241e-02,2.949273331778365370e-01,8.721268627114352190e-02,2.614349471780358369e-01,1.511075098843488174e-01,4.193265915382435316e-02,3.714010716123923583e-02,7.488534793323156635e-02,8.960297058057296871e-02,1.641414698665593502e-02,5.202819262315469540e-02,1.612728465284272439e-01,3.436122089720353157e-01,2.025500339599113908e-01
6.909137447377501351e-01,6.013246943479413908e-02,2.641662430519989627e-02,5.213784880614972250e-01,2.339947266957989325e-01,1.183139098884904289e-01,2.304328424866782243e-01,3.893089311178519335e-02,2.108058343441859273e-01,1.159513288058015845e-01,1.367117016475398461e-01,1.098731144709733515e-01,2.998262990132837258e-01,2.450880238056304672e-01,6.328865236928417348e-02,9.544107266031702508e-02,1.886599876525654473e-01,1.167488497649313561e-01
7.669304189336004773e-01,2.237802711453723281e-01,2.201247963579183731e-02,1.154309587176152729e-01,1.538623697260265710e-01,3.054595246264258934e-01,2.377592471508969685e-01,3.530946551734775452e-01,1.123756600114126369e-01,2.225998802007038077e-02,5.597907065840843251e-03,2.057016303521484735e-01,2.472686002861348986e-01,3.810525906210185942e-01,3.769126712348878638e-01,1.549350924906030547e-01,9.061227574322228140e-02,7.830022041539937139e-03
4.398024307455985493e-01,3.726018750734341189e-01,5.358294751980117177e-01,2.266347283587930306e-01,1.187763487330270769e-02,3.348613315796061807e-01,2.431746231736739705e-01,1.826870132217537357e-01,1.767159205778409681e-01,1.390125991884413326e-01,2.675227768217948165e-01,3.913055027257619778e-01,2.395019204707123789e-02,1.866500540195218383e-01,3.443230043105579008e-01,3.663543395187448537e-01,1.435233603384264423e-01,1.088974670296135178e-01
5.750069237347757989e-01,4.838997241162888013e-02,5.932111921491169115e-02,6.423118651508755161e-02,5.976168289131806866e-01,3.178487633665452727e-01,2.805417509496764272e-01,3.542172460163654502e-01,6.130173887590715381e-02,8.768931258889285651e-02,4.693411237681306969e-01,1.065593833099920534e-01,2.833071806437184592e-01,2.409042666509596253e-01,2.303220057332684700e-01,7.054843720016613917e-02,2.328456754235554843e-02,5.733796486256946545e-02
3.692287728745695108e-01,1.418595310990425351e-01,3.160450908840657380e-01,3.893507385448326946e-02,2.881553706692564776e-02,1.071193670979000839e-01,1.667260090141146622e-01,3.675461707243128928e-01,1.650412135223833787e-01,2.111685643360401154e-01,2.191044558850173667e-03,2.258361061695322511e-02,7.512249846214567872e-02,2.316518846334279236e-01,2.114588100403945806e-02,1.891888186117863524e-01,1.517284904714538973e-01,2.932908481453844196e-01
7.654328315758782697e-01,3.719100349886448470e-02,3.189512649812213940e-01,2.237549003903956946e-01,2.673789757554939084e-01,1.656353441291680828e-01,8.618749630704011788e-02,5.901338981845166004e-02,2.536949545493359381e-01,8.524088777600519543e-03,4.419745910139077916e-01,4.316289288924836098e-01,2.009991470070833508e-01,2.110535515144273400e-01,2.787384402815379358e-01,1.541287520791969345e-01,2.371669339515070085e-01,4.158193457869596710e-02
7.890323406670782802e-01,1.963123884842650491e-01,8.733034896996164087e-02,6.152505383721423166e-02,1.187391074450330347e-01,3.239601877892567261e-01,1.134107024156227467e-01,1.922782485346922476e-01,5.368503535528740267e-01,3.282292390752075129e-01,3.141605916520641140e-01,2.568025358977741868e-01,2.433822774460130123e-01,1.479634190794752724e-01,4.510922699660193103e-01,4.350711003363944007e-01,4.068184052605088863e-01,1.861565991002252507e-01
6.058775566317258221e-01,1.186890174168516304e-01,3.451058664918190133e-01,1.329701221025122726e-01,3.261081408320728320e-02,6.994928782806714151e-02,1.311716475485182054e-01,1.169745280985184099e-01,2.882880025477838060e-01,1.990711264885194898e-01,1.572106179284075700e-01,9.530638242721783948e-02,7.185614012385219129e-02,1.623180814262986937e-01,1.809396279286964171e-01,5.903380901968448280e-02,8.611612541297655743e-02,6.133437941050959991e-02
7.290975719729119175e-01,2.192206136930312244e-01,4.246423978701129309e-01,7.933069551988618240e-02,1.325291361273892299e-01,6.799809487270165320e-01,3.442215604361327785e-01,5.844819969240979546e-02,3.023868748803993367e-01,5.429486282647318918e-01,2.514660954287931682e-01,9.692156542646422623e-02,4.913579463707185013e-03,3.928828009637406193e-01,3.159951138932760029e-01,2.167112144766008830e-01,1.821873621435422252e-01,2.547363833373381126e-01
4.879031031345962277e-01,3.690386337803751027e-01,2.043152096548770114e-01,3.261286600797521085e-01,1.973634820458746164e-01,1.517283960652372199e-01,2.817147932130569798e-01,1.583818327720670216e-01,2.651244552894762574e-01,4.482082992301893165e-02,2.085565134445471411e-02,9.497955777854993897e-02,1.001994126599266843e-01,2.415550195467592032e-01,2.372151926825086243e-01,4.681222470693677806e-01,1.827576554324483182e-01,6.744928540347958079e-02
8.240663510028466421e-01,1.118331701778692011e-01,5.469838774017573430e-02,6.404377647520492767e-02,2.652836434351512063e-01,1.946741669081109294e-01,7.737634477639382391e-02,3.537350652767438097e-01,5.022866753399833906e-01,3.727114340126985170e-01,7.723803886877529667e-02,2.477787444538781247e-01,2.690035051844207326e-01,1.177650754449116183e-01,1.525236902458935451e-01,1.008573752918190819e-01,3.048484617286141840e-01,5.799006752345369593e-04
7.574702748507420313e-01,4.158445104296668582e-01,6.088392683209953304e-01,8.516350547939216531e-02,3.263105495537891310e-01,5.580532082160449825e-01,2.561980116146618247e-01,5.196717035427645542e-02,1.761524217449106922e-01,8.047264188351725689e-02,2.874979705218757009e-01,1.652550423924362966e-01,3.079744207171611903e-01,8.610402602831210284e-02,1.787476847554782255e-01,1.298053390554014530e-01,1.747930393640741986e-01,3.358039324203893061e-01
5.689648956680459779e-01,1.820512915361204853e-01,3.241622059806935074e-01,2.626925421421600348e-01,4.291416633722321405e-01,1.565946338221467782e-01,2.802680467579694509e-02,1.357901870066142436e-01,4.130943269975377308e-01,1.440596769927803278e-01,3.403048362832000739e-01,1.829986369903664756e-02,2.112726705183564924e-01,1.205183225099010352e-01,6.682025894252200358e-03,4.618979469499097656e-01,6.350850631496602304e-03,3.284596184768740490e-01
6.242505593875865566e-01,1.851489793795644823e-01,3.142942654061225416e-01,2.297368717060897236e-01,2.434816774605498557e-01,1.166372002569496524e-01,1.156773040025865229e-01,4.478577835667991724e-01,1.619550019317816947e-01,5.982328434487587526e-02,2.602524840174519349e-01,1.043127295659499049e-01,1.483923906631438687e-02,4.859408855195140320e-01,1.053729584046585593e-01,3.039924962468694772e-02,2.932053060952506951e-01,1.231015881653775429e-01
6.841003901093990480e-01,1.906345009772938692e-01,4.852104565707285877e-01,8.914931604918018004e-02,4.735835144193469709e-02,1.453268694775889380e-01,2.312383946278066815e-02,2.825004591539954091e-01,2.212591711749002099e-01,3.063150966379584728e-01,1.091083505286943589e-01,1.835114650980232756e-02,2.498342979046292711e-01,1.064620666291747342e-01,1.868037582208137426e-02,5.705383831745864526e-02,3.264252148891905736e-01,5.905853968954424271e-01
6.975884381937449419e-01,1.046717065674886704e-01,2.327984648479818619e-01,2.587207386412465615e-01,1.764389489918358200e-01,2.781593759091331997e-01,1.773438993418495202e-01,2.754638860617822371e-01,2.417745643434577318e-01,5.356780188438519524e-02,1.751368025928893291e-01,7.490436477212379651e-02,1.604051016221935133e-01,1.252890573902597227e-01,1.549421918191304370e-02,6.175476824435318680e-03,7.359335909481770979e-03,1.454888534917639087e-01
5.526780874900691920e-01,1.792308304009577746e-01,8.358439388407087889e-02,2.260025960839809334e-01,2.858475915401553213e-01,2.483537732356228545e-01,4.411006124674732853e-01,1.360885624416534878e-01,4.154302366393188700e-02,1.845584578036754686e-01,6.585260635902810689e-02,2.607899914579537865e-03,5.504629164555875642e-02,8.006079037162468215e-02,2.487774811539593400e-02,2.860924881778402762e-01,3.860943005010487594e-01,9.242863694150273146e-02
7.254499622156244110e-01,2.736641336894751197e-01,4.686446924623735022e-01,1.183727796582992320e-01,5.498807619648455880e-01,3.272929000477015626e-01,6.656670532545228003e-02,2.241650952946166453e-01,4.232324413858818413e-01,2.253608533485738918e-01,1.886501408251707035e-01,1.285307488133710131e-02,2.638545334153266086e-01,3.215221483950650265e-03,9.007220359919250463e-02,1.246543714430072697e-01,2.625291399951975788e-02,1.296783926958437229e-02
6.300592526235633262e-01,2.473324114070236113e-01,5.424439454834306673e-01,5.953638453043759160e-01,3.859813712155323734e-02,2.200111815398484438e-01,2.455238174234560256e-01,3.722427601783474538e-01,9.404711792654350810e-02,3.029280319200392674e-02,7.249975252633485134e-02,4.514539721912696341e-02,5.021047846510359736e-02,3.532359481390552891e-01,5.137540097809175643e-01,2.946496603994934183e-01,2.639874492141363604e-01,1.734278836829311610e-01
5.884827716317753143e-01,2.648631445629744952e-01,2.767021201321790969e-01,2.954209789240846429e-01,2.804226491995386317e-01,1.975629546155883709e-01,2.457655825853580778e-01,1.213290826904182829e-01,1.746532295685642999e-01,3.124080702835939014e-02,2.608317947537711623e-01,8.212532248424661563e-02,9.318232457861590212e-02,3.259489981650485341e-02,2.431836220883084598e-01,5.133188298554928336e-02,3.796631277066742638e-01,4.085746304977880272e-01
5.348936308420019214e-01,2.497901738673278804e-01,2.006179813900745013e-01,2.897037378419661247e-01,2.637562033843305342e-01,3.224483763424890181e-01,6.495080881255591021e-02,1.908001508150593828e-01,3.918858546797163861e-02,6.540067380323784374e-02,8.437910378980616188e-02,1.774892381216282983e-02,1.815310485951987171e-02,7.055317139824983375e-02,4.015319214852288154e-01,1.708903992974206698e-01,2.050850396353107175e-01,7.301610910802903975e-02
6.854470639767479279e-01,7.979034747151772522e-02,1.930191914695739142e-01,1.395077944769650968e-01,1.213260449650039458e-01,1.907217099269927219e-01,7.988290261525735070e-02,1.912514843275897325e-01,5.363283681754887899e-01,1.954408045303242247e-01,1.197807533923742479e-01,2.011809475248612922e-01,4.805667821430894548e-01,2.313779431071665837e-01,2.342683958680882306e-01,2.976545376575966961e-01,5.097310794886358298e-01,2.097788581877354785e-01
7.493578627514287938e-01,2.878202068734412450e-02,5.352397179013995004e-02,7.767292898134184331e-02,2.177169105531224502e-01,8.172309600261998264e-02,1.854108623599876604e-01,1.800499764153295490e-01,3.580484887745734035e-01,2.009732015359572688e-01,4.210374335454154793e-02,2.921367658318566561e-03,4.180132296918631640e-02,5.015093374814571375e-02,2.131877384121297347e-01,1.403978560887730598e-01,5.731978800178832989e-01,1.976957568963730871e-01
6.405800043481209016e-01,1.680065818497078756e-01,2.688895294883114073e-01,4.207368622429578653e-01,2.056501768932381957e-01,3.156744102379035327e-02,5.520137500807100750e-01,1.449386597823767442e-01,3.139044319830496810e-01,6.869984171128745709e-02,9.021571587198200584e-03,7.980566768267782773e-02,1.766277992571866629e-01,2.612427090228610083e-01,1.326841094801257948e-01,4.944274723089092660e-01,1.711788537931157872e-01,2.559324938697545848e-01
6.202217849653942627e-01,1.644199699399569448e-01,2.011161879199651614e-01,3.201792700310139295e-01,3.707411759664908657e-01,1.448406597561222725e-02,3.854203155786527502e-01,2.911512579615407534e-02,2.247144476293439219e-01,1.505469279392689652e-01,2.632566343714954904e-01,4.265225568389309219e-01,1.420835022766733513e-01,1.795567684307305401e-01,4.358462800687696315e-01,4.093736753878126078e-01,1.988468288388322847e-01,3.331893080650800143e-01
6.966990064901447122e-01,3.251369786206462220e-01,7.503746234296053419e-02,1.022529928942966654e-01,9.321445504655624659e-02,5.019337994393838764e-01,1.778197262250773014e-01,2.785876482794720221e-01,3.543121276785141105e-01,3.819137160135672726e-01,3.025450680735586317e-01,1.573776023632784127e-01,4.955431882991369330e-02,5.705144975169573057e-02,4.680009131443382819e-01,2.388076369446225367e-01,1.364347700804480201e-01,9.541056224567348587e-02
5.562464177130383991e-01,4.393909228066765205e-01,1.105041149777672982e-01,1.228174758682263890e-01,1.910285010557006002e-01,4.210415748280930126e-01,1.238326579887282231e-01,1.735400704674358030e-01,3.805977514520305083e-01,1.951038594577174379e-01,1.341321926362198935e-02,2.539309700052138838e-02,3.922295845914038070e-02,4.540876219857020030e-02,4.113425187887336798e-01,3.840747873917343402e-01,2.682925743189555901e-01,3.140855875659988583e-01
7.216936033491841984e-01,1.486656974980122281e-01,1.600347078473191575e-01,5.639114441905425101e-01,6.108190366879485966e-02,1.046041443339731231e-01,3.363399632697339769e-01,2.832837951369941987e-01,4.386422793701348355e-01,2.608042114254655597e-01,3.620061597556387123e-02,6.025123213788576709e-02,1.598153370066485168e-01,2.518807503431699235e-01,1.127841392626210693e-01,1.314067635450606453e-01,1.328966127448158452e-01,2.614158235734745928e-01
6.251833471823085020e-01,3.759135018173557219e-01,3.911307237441114526e-01,3.350120367414664846e-02,1.418374742459110605e-01,3.225673119455653715e-01,2.409955203491165876e-01,4.963933918839220638e-01,7.397135876585110292e-01,8.646086626364772598e-02,1.592520570969794547e-01,1.788720944155130221e-01,1.750134178606308488e-01,2.161732871044864668e-01,4.300857893334408266e-01,8.889503501692007370e-02,2.785625387033292544e-01,3.871269042075548006e-01
7.532888330778753083e-01,8.323255581692173832e-02,3.065416046894470781e-01,3.241860274863177516e-01,2.553927616278084956e-01,4.752417786453330684e-02,4.536345881556483883e-01,4.367298148260095533e-03,6.712476633045030838e-02,1.144613292365419255e-02,2.875942975908442056e-01,1.944037757560590773e-01,1.595694055216657081e-01,6.113226759790617304e-02,4.476834222565558019e-02,2.636234720920614949e-01,4.429382469197012395e-01,8.372177098324697087e-02
8.611211447184088374e-01,3.993209539180131440e-01,3.625665065950756105e-01,1.067954493418320910e-01,3.385504301459887899e-01,2.985446598252371533e-02,1.830362498013263228e-02,3.447625141390686654e-01,4.549790715253505535e-01,1.106938584398502456e-01,4.021460767165763173e-01,3.728542934320485114e-01,4.278920959784626721e-01,7.498325622439741545e-02,1.823676531241277265e-01,4.062207473779925193e-01,4.020796215216405067e-01,3.910445343430927756e-01
4.935341614039565616e-01,3.113168904844669793e-01,4.826932701777417734e-01,4.035314606161937712e-01,4.040247319746919641e-01,1.526056657314251441e-01,1.459869334334462088e-01,3.560519778708953753e-01,1.142394192780692985e-01,4.050626609726808436e-01,2.047083674408111120e-01,1.846507875658277495e-02,2.407217211937482393e-01,3.712533048147652615e-01,2.845651889001322640e-02,4.562473529537520722e-01,1.076018653391988891e-02,1.045424868382442696e-01
7.106598138603787973e-01,1.606800255742016625e-01,1.342358840533440234e-01,1.961209337303326250e-01,4.764015232269635525e-01,3.565093945238623219e-01,2.430006636592497715e-01,9.440097309318419561e-02,1.718728637887005084e-01,3.201412000020346094e-01,1.556701759385489825e-01,6.947451459030946908e-02,7.158469203830478307e-03,2.978494510015335384e-01,2.992078395424426773e-01,1.555120550489185738e-01,2.735110947753540689e-01,2.703505684219037475e-01
6.422398349112424798e-01,1.434461596330543209e-01,7.649109044365888510e-02,3.200432970929543985e-02,1.618650852245001048e-01,4.465879588635709996e-02,2.337710943519294149e-01,4.043011259521500644e-01,5.181648493946255929e-01,3.004427452878680738e-01,1.200136994292458070e-01,1.926555794409846867e-01,2.696036924535237800e-01,6.195583965102192253e-02,3.079629740409120520e-02,2.697845863063244587e-01,1.250692708628062255e-01,2.398485092944964980e-01
7.092022998667633082e-01,1.468210865781908736e-01,1.050809127829217260e-01,1.814287623688889683e-01,2.643893515014223428e-01,1.979073118045611077e-02,7.529077855358962124e-02,3.085433360816448034e-01,1.623609800895822464e-01,3.492924287288527996e-01,1.609761388772834589e-01,2.584860902655812531e-02,8.848736580198686419e-02,4.054372358660064957e-01,2.722031109306905505e-01,1.947688570119123774e-01,1.437351951453196275e-01,2.176515928214363838e-03
5.883771604768366359e-01,2.779549657214124836e-01,1.986277492996738059e-01,1.379481631421545229e-01,1.935598993086872222e-01,1.477273034226463111e-01,5.355870962665012502e-01,4.328325836884038824e-01,6.014629802089509897e-02,1.382908802102043033e-01,2.934988532871850020e-01,5.742647768236872757e-02,1.031207542115000347e-01,4.113317583968611468e-01,1.624321694155478890e-01,1.832638772565003682e-01,5.507988323276532400e-03,1.745722316047729761e-01
6.472012323810065748e-01,2.929291961779227904e-01,2.273358122711670037e-01,2.206086989772347018e-01,1.117978308507595608e-01,1.963156540987937848e-01,2.602767634910001515e-01,1.940635160832869521e-01,3.883041501692490738e-01,5.380214445730295558e-02,5.371771602713551474e-02,1.708587414479358080e-01,2.513414054799778530e-01,1.657803187553129332e-01,3.808974137633207996e-02,1.570430439900294961e-01,3.798664814088051952e-03,1.642219829994724656e-01
3.598154133534358645e-01,1.375950987424525984e-01,1.874228215158228184e-01,9.553183571057265178e-02,9.570287526481331686e-02,1.983490962245491873e-01,2.394543641396259248e-01,3.637372712319587031e-01,1.388489034948955092e-01,4.656886360772009847e-02,9.286305760865962156e-03,4.082398376799570988e-02,1.843709417897733127e-01,1.474231400478739039e-02,9.353741589234042253e-02,2.469180411746444218e-02,6.790795699618270946e-03,1.381655081170204413e-01
7.579136754927708886e-01,1.316644272399978936e-02,4.657164350464095826e-01,1.693315904981822495e-01,2.170000179536153706e-01,1.290693752808890205e-01,1.854817895760987323e-01,2.419095899859194654e-01,4.086463664737438606e-01,1.494796044297968529e-01,7.496026250532293600e-02,1.911751680998380609e-01,3.536063951281353535e-01,6.423813769287112230e-02,3.989813566061777006e-02,7.391865223451532518e-02,2.989441392838252387e-01,2.925136213735679558e-02
7.584738296701032390e-01,2.422800773534102003e-01,1.735488956477131139e-01,5.261600146164235187e-02,1.666254411173107297e-01,3.307632832371397713e-01,1.066019142645195095e-01,1.350289726433827331e-01,2.246467050893492523e-01,1.479652288314406428e-01,1.131523499934901367e-01,1.156652474677645898e-01,1.902498224886630118e-01,2.790936536576555382e-01,4.380577587628472491e-01,3.016775039325783267e-02,2.124054682524316451e-01,1.185018729500696005e-01
5.310462464515969261e-01,7.821814339059540711e-02,3.397467622138296006e-01,7.482248008705753850e-02,4.083884955354765700e-01,1.954444349301977524e-01,2.472575286646044312e-01,3.956183205463627284e-02,3.485249725160766143e-01,4.136949163752178665e-02,2.037741399953878763e-01,9.781995740694068853e-02,1.340256225416232294e-01,4.207467117399433243e-01,3.955017448737093572e-02,1.226511534870020487e-01,1.129168559942364189e-02,1.194914470377981125e-01
7.007720711244787015e-01,1.329922286138866538e-01,7.383250932869095395e-02,6.692990028899678534e-02,1.790603416761110400e-01,2.274571250091560193e-02,3.584716937085336545e-06,3.596416340544038581e-01,5.210758247503677332e-01,2.538385654717414397e-01,2.352775531572342815e-01,4.320255619497520572e-01,6.939269542919922207e-02,9.404904551830739479e-03,3.375279098479904705e-01,2.840047105629926461e-01,1.177107795446741684e-01,3.395803374221181142e-03
6.821699088009779421e-01,1.289226203931134185e-01,2.356666903960815893e-02,4.425627968960763603e-01,2.670868411556632238e-01,3.510636078877327759e-01,5.199056647298270356e-02,2.931362911183156839e-01,3.582560487693045026e-01,1.897546967985682120e-01,4.399259643860311403e-02,9.027359456116687553e-02,1.492388921619201558e-01,2.456968608537897780e-01,2.187453839962997804e-01,4.284561883570924823e-01,4.111618534887527543e-02,3.093950986837692430e-01
3.904141780419052576e-01,1.750646599194617681e-02,5.365010589395386997e-01,2.551313553729859240e-01,1.058548357283870534e-01,7.057323379860472312e-02,7.849882634335660081e-02,2.061600397821514163e-01,9.202151225021755129e-03,2.550090904035785463e-02,4.738106345920374829e-01,8.190544780269891356e-03,1.152819549818483308e-01,7.922610312723260551e-02,1.423194355715061699e-01,7.732772984588559551e-02,4.075263372040303644e-01,3.005689734123766499e-01
5.933154416393285890e-01,5.831108901443372572e-01,3.098083864492164330e-01,3.068715768510140232e-02,1.451204728534181143e-01,4.621671554489644174e-01,1.070821922215131755e-01,2.145251798111771913e-01,3.469340379754141945e-02,9.792653895539828179e-02,2.561488036716808026e-01,2.243177865258108861e-01,2.916865190850861378e-01,2.758811680673737277e-01,2.892184017075222907e-02,2.591925270332193221e-01,2.960062673460163163e-01,3.920396083312669977e-01
5.197447323744143199e-01,1.630310013171564765e-01,1.059567922683903318e-01,4.037057241660230722e-01,2.156903511569639165e-01,5.549411786043560030e-02,2.970540291440753045e-01,8.526532226075599075e-02,2.852450177273187504e-01,2.565868335854718310e-02,2.574936303233803514e-01,3.140194676784230920e-01,3.287307873891144594e-02,3.839776651349739445e-01,4.376882990010259877e-02,8.704497682691486604e-02,1.540697073992597366e-01,1.708980668574109490e-02
6.555405087556538390e-01,1.537945195782600694e-01,2.705033325499707209e-01,6.181004990817865613e-03,9.115257499143501752e-02,1.195782984931773874e-01,3.357724505670853787e-01,4.811487234146703817e-02,2.072364566760644400e-01,2.576186039427670882e-01,1.006566824730211474e-01,8.117638165522245153e-02,9.745474258825086167e-02,3.841497603907750857e-01,1.731066912276074954e-01,1.552446148366601886e-01,2.592726365539347322e-01,4.441346119061627407e-02
7.211525023804876700e-01,3.016235075307531766e-01,5.283081648709592182e-01,1.392849074927841879e-01,2.254825098238303904e-01,1.484202890781488419e-02,3.356413255136507234e-01,2.591296683666497857e-03,2.923390070821287323e-01,6.959838912648824705e-02,1.573425869710171898e-01,2.974879426479667965e-01,2.021673487339417374e-01,3.454355039655516157e-01,3.098369368348653508e-01,1.042064925048483692e-01,4.072060241483159149e-01,2.056120028810632938e-01
6.967558255555947877e-01,5.073711412698836964e-01,2.829128734008911628e-01,2.075618996595754440e-01,3.869692788533974359e-01,3.130929416987567326e-01,2.139965076154830559e-01,5.148256344097818654e-02,2.885400250167637348e-01,8.371843875245371658e-02,1.718852662489687433e-01,2.144922523214696508e-01,8.307285860256277688e-02,3.566119438319023671e-01,4.127496688225792965e-01,1.174524122954779121e-01,2.734792443183739485e-02,1.900670953666104279e-01
8.185517651017930607e-01,2.897487042138848778e-01,3.065312709015877157e-01,3.306231856890228804e-01,6.066439664358524997e-02,3.313037048807209728e-01,2.168071524846457154e-02,2.954854855998513830e-01,1.119751069097425084e-01,1.753442057254192554e-02,5.971563756634206549e-02,1.124690602347917789e-01,1.501761068073844685e-01,2.742275612823423248e-01,6.894832271749979334e-03,1.167178388386880400e-01,6.370768848295792486e-01,8.296423427443118392e-02
4.599869077035123044e-01,5.337721011019971179e-02,3.630509777138533067e-01,1.126794574416681016e-01,7.671524441741618683e-02,2.756795893181859247e-01,2.449285044711540515e-01,7.212087759171184609e-02,1.084767461635254351e-02,4.701225207123475164e-02,1.472060942336420875e-01,1.563872373781906855e-01,4.986192652623819971e-02,5.617948772996760043e-02,9.752651649886395768e-02,5.836210276798792923e-02,2.830463346760111465e-01,1.817435609689598275e-01
5.384100452846219964e-01,3.366218112318585670e-02,3.681779129665249117e-01,1.231852831100394424e-01,6.186747115178826695e-01,8.180802333221678935e-02,9.357624263924534114e-02,2.050214743069652956e-01,6.408499040532424917e-01,1.366729540496678663e-01,4.098475674156397686e-01,4.312535319610165119e-01,6.198077567333564603e-02,2.238683754644705051e-02,3.289702275036607837e-01,1.324120924199833071e-01,1.694805236942628981e-02,9.789271973831825679e-02
8.193897204847578886e-01,9.464502149646802920e-02,1.087188939135743382e-01,1.503778277123025975e-01,3.012798432664529763e-04,1.725654004554794951e-01,8.311945752242094754e-02,1.907436652238728991e-01,5.828427872357921924e-01,1.366065755444371144e-01,8.101998246420900190e-03,1.458859661562857679e-01,3.436232669704931686e-01,1.019177341174020979e-01,2.561043544187173171e-01,6.668048030130985238e-02,2.056693819898009618e-02,1.946263484802069621e-01
7.220853045234493228e-01,1.781925886959951910e-01,4.073100504417881407e-01,3.509832241907960282e-01,5.646996854724112280e-02,3.491521652938870957e-01,4.604923352064858033e-01,1.232206456020590313e-01,8.704343678597448175e-02,1.028346145634667225e-01,3.572428755393591282e-01,2.676465690669587935e-02,5.040327513265657755e-02,3.256292023332035268e-01,3.682896131622173108e-01,4.887355117141690269e-02,1.757297683486901407e-01,1.915739069770557024e-01
6.595670521015144505e-01,2.138019831871951215e-01,2.016495694522399962e-01,7.668274562949148332e-02,4.414933515248543050e-01,3.782420835155825278e-01,6.974166325571794223e-02,4.374441602518278072e-01,9.909803034175787562e-02,1.693814718640103689e-01,7.057073025270913479e-04,4.735219833705675563e-02,8.281965401730380372e-02,2.311900086978510571e-01,2.275083848080845794e-01,3.981471163342008984e-02,4.815851802742762144e-01,2.286035745866110414e-01
7.819553312116589439e-01,7.998229300873689607e-02,1.679758976651024860e-01,1.865700702088881058e-01,1.500680994055452189e-01,2.176286402729321334e-01,1.447709091243205570e-01,5.999344909412833715e-01,2.725650868346516376e-01,1.955151937037062984e-02,3.732361921352160272e-01,3.931075369440565348e-01,2.287428791576619491e-01,1.874047052569971783e-01,3.028095484697204340e-02,1.863363460021487672e-01,2.567592387889957029e-01,3.022038649129100141e-01
5.685299871586035891e-01,4.014811982109150468e-01,9.788234676496410103e-02,2.161057679810887144e-01,3.786600697595309262e-01,1.309599079419923595e-01,2.015760975488446183e-01,2.402948274619720881e-01,1.271812774570044158e-01,3.644020105723372316e-01,5.139729696489561128e-01,3.797907975886278265e-01,2.033881089334394973e-02,5.373394215854407352e-02,5.488156681447879937e-01,1.397241084589106175e-01,3.006325202237208338e-01,5.626959373217609306e-01
5.843313833708280169e-01,6.325419653169492284e-02,1.432722651258043489e-01,3.792671688992411971e-02,1.447980757767561820e-02,1.577415190130104228e-01,1.662043689085661580e-01,6.664128309592480537e-02,1.522028277871574631e-01,1.675932289100532657e-01,4.914506423478297303e-02,8.142216068008466257e-02,3.597102212600231108e-01,3.079382850882248640e-03,1.758166318517188076e-01,2.235466007398900223e-01,1.328416532885282608e-01,5.305414858196099565e-02
4.704110998585480652e-01,9.003949491308695097e-02,6.068724842311930961e-02,2.972167214014197478e-01,2.278536028486439491e-01,1.748612460129250062e-02,4.918514659346953088e-01,1.376552643035874358e-02,1.042766401695897210e-01,2.722858141618810235e-01,9.468138744580197920e-04,1.552689207510655756e-01,1.084986844630458913e-01,1.100720124048992082e-01,1.027296463937270865e-01,1.621619212663480414e-01,3.077841082455715083e-01,7.255201060810413660e-02
5.966542109478214506e-01,2.281741057411931506e-01,4.682963684751010880e-01,1.321973518782974463e-02,2.816916074935314415e-02,1.938593938490508484e-01,1.515484680089810299e-01,8.841194656726284601e-03,2.059920276523887483e-01,9.849144851501497044e-02,3.151084174608958979e-03,4.377576404210097027e-02,7.943124514160322669e-02,2.168057081593374735e-01,1.390573102127785621e-01,4.788758385782881238e-02,3.841450417277683105e-01,5.629548297532050577e-02
5.988997939244299351e-01,1.025377397980785921e-01,2.226304908101754687e-01,1.057001074060761048e-01,2.719922351580932388e-02,1.759993841552642269e-01,1.375138987413971892e-01,3.312989407109787621e-01,1.108399656616100293e-01,2.493251125348888101e-03,3.597511296010688642e-01,1.076725694300725705e-01,2.007746041954467930e-01,8.874057855790487559e-02,1.544978656984940801e-01,1.525919570508233250e-03,1.757906505392773933e-01,1.062318736429025967e-01
7.654857130835487355e-01,3.245664428335422458e-01,1.040186489699865546e-01,4.454810827954018282e-01,3.236637448142152262e-01,3.148735975265120057e-01,1.797476689140962147e-01,3.038580790354835498e-02,3.081447617688832796e-01,9.238392309470749852e-02,1.154214953365378382e-01,8.259377026405405331e-02,1.584114910267042653e-01,1.834832791759752335e-01,3.194904037249140516e-01,2.462504799104799635e-01,6.749517412779187930e-01,3.168365977930852617e-01
6.946490436516059575e-01,4.535797151772416602e-01,3.074947317261146895e-01,2.205559744652054593e-02,1.825014214385969058e-01,3.135446280591122625e-01,3.009190839409200957e-01,2.349690472067948177e-01,3.319569181035846306e-01,3.153892860380839158e-01,9.121183619879055793e-03,3.875145776629896899e-01,1.948656274324750415e-02,3.191551475583884745e-01,1.043879491802155064e-02,3.389558747974102393e-01,2.102160471162384803e-01,9.631280372228775977e-02
6.933111467390110638e-01,7.425298136677740968e-02,2.052483843133053043e-01,3.775403998881883827e-01,1.226322495154369974e-01,7.335861549384899150e-02,3.942512824800120108e-01,1.095546951753781223e-01,6.425836357605022586e-01,8.691988645327586305e-02,4.558028600690306464e-01,5.817020673708887119e-02,1.754778761558490330e-01,2.150437789001340416e-01,3.630919480545588551e-01,1.272507668966720573e-01,7.454079131523666524e-02,3.977530655526220760e-02
6.893384600061014389e-01,1.181338168310066272e-01,5.440293443361284842e-01,5.686925112283893607e-02,2.743354433405053097e-02,4.256392585913554849e-01,3.103252195506830402e-01,1.339694850514760727e-01,1.626549123123734453e-01,2.020305652972670674e-01,1.882581692089844716e-01,9.202276217265621672e-02,8.974782632462877108e-02,4.616843977249161513e-01,2.662930724743528543e-01,1.633474108131176550e-01,2.191026981461071388e-01,1.609441094770030778e-01
6.979413464549971691e-01,1.822429404858331436e-01,2.052779752647556910e-01,1.289972141547497952e-01,1.742573620638491472e-01,6.058199409810820918e-02,7.300070780340189858e-02,2.803988341247491689e-02,2.368482898169013695e-01,2.378074514814340346e-01,8.656448851502668296e-02,2.247253898764068059e-01,2.765384575758766394e-01,2.313763009721477304e-01,2.701704660761546778e-02,1.326190746472933613e-01,1.390031441020123659e-01,1.363586774118827061e-01
6.018922015153642668e-01,8.301271721327882491e-02,1.290930364294526900e-01,2.753518107307286189e-01,2.404774372398646165e-01,3.282947907961712430e-01,6.445298057281090287e-02,1.770549967118592583e-01,1.027285962215661597e-01,4.337285076998066979e-01,8.568821678831048394e-02,8.484372472336851323e-02,2.031764754136644591e-01,6.038406965017788230e-02,1.918546042449930933e-01,5.232121540017029560e-01,2.019543696326440707e-01,3.358996347189410758e-01
7.630726318529151841e-01,2.737852834230134966e-02,9.873586410483434217e-02,3.848508356900076088e-01,2.797367966706589826e-01,1.362253356460900178e-01,4.300125913501661595e-02,7.117411839282039576e-02,2.352501208167248337e-01,3.226346590149953286e-02,9.773115549438210481e-02,1.229171960374652456e-01,3.844430610422573391e-01,4.821409266834111862e-01,2.669213003816701679e-01,6.088900207419587103e-03,1.595430363326469370e-01,3.537367628509757167e-01
7.687560017480072894e-01,7.941498212660694223e-02,1.528925786633372197e-01,1.010958934930933917e-01,2.170445326163105981e-01,2.098357913819234311e-01,8.457914942042368822e-02,3.423455666192376512e-02,1.573359589753163812e-01,1.069711057826971262e-01,3.983899039975696277e-01,6.534708955736268088e-02,1.029743730850116584e-01,1.303703498107051661e-01,3.778625065482501544e-01,3.627509080836530120e-02,1.649021460697791819e-01,1.785311879811272637e-02
5.978998592638797849e-01,3.335586353841082374e-01,1.174210824713744217e-01,2.160550699335022640e-01,6.320278675119378464e-02,1.626743634026941443e-01,3.073771517439707890e-01,3.463433188288438103e-02,3.542890741512731423e-01,2.405004712674152501e-01,3.352027426474336602e-01,2.467265168359110139e-01,8.444940470388288822e-02,4.072331472744352143e-01,8.645772717820808528e-02,4.071912012640093170e-01,1.327476860563569505e-01,1.487675759874878822e-01
7.103526194579199426e-01,3.530172992664493137e-01,5.317257605578664670e-01,2.554013708755318857e-01,3.061613185234056123e-01,1.346145511790169599e-02,6.838472737164712212e-02,1.726941163027123985e-02,7.260918343610087144e-02,9.954368038681360442e-02,1.412993851775864451e-01,1.526021210542700957e-01,2.428521880012616749e-02,1.939872882693873535e-01,1.033672556316262391e-02,8.554011014168412530e-02,3.432044854559564845e-02,1.646779404184926521e-01
7.202928430129198478e-01,6.450257871949008348e-02,7.076223512968835005e-02,2.811665877808998681e-01,1.118466621297136421e-01,1.806893029759056024e-01,3.509806856622210702e-01,2.109403227642219769e-01,1.017838233046034976e-02,4.531198967897805130e-02,2.484239242062620256e-01,2.217946900487549888e-01,2.491060535983880830e-01,1.124417113100631277e-01,1.607720270495178461e-01,1.301552571278586090e-01,3.917529503986865724e-01,2.121584392403987052e-02
8.278807779715847692e-01,1.244705795783666580e-01,7.394638157790182909e-02,2.037768840767777145e-01,9.867558267979714692e-02,9.012967287870665700e-02,1.994491643644079604e-01,3.077208911759561349e-01,3.473313881293560446e-01,1.525367463519955169e-01,1.458485719333138531e-01,1.885806466321144625e-01,7.267411666277788507e-02,1.111754728803853870e-01,9.673807722225306882e-02,1.435285090330538083e-01,2.042846569368957921e-01,3.956381827368317117e-01
7.872537549361050546e-01,8.119498248446124083e-03,2.347444031977353185e-01,3.890058192685721949e-01,8.823638932209568186e-02,2.573111428397000244e-01,1.628797416748423710e-01,4.443500573361346823e-02,2.047071551982653503e-01,6.475618801234039879e-02,9.086452044157133923e-02,1.996049476392991462e-01,1.673638647518227440e-01,1.964535842649762012e-02,3.638810498984826891e-01,1.304035600398293082e-01,2.150428077092582102e-01,1.182839727323032886e-01
5.801779446548537278e-01,2.219263950289353804e-01,2.305649136848586245e-01,9.509247246411618726e-02,1.125816661812632097e-02,4.168684951784682458e-01,7.618469103258936059e-02,4.691291731599468995e-01,7.205834750231149277e-02,7.193793806370878396e-01,1.572895564062357521e-03,3.940615054523046723e-01,3.805792266840216098e-01,1.690527553183823056e-02,4.010321460430004148e-01,9.261561936790585481e-02,7.204501775335341029e-02,3.351470705732086386e-01
8.277885781657914332e-01,2.528635718759632556e-01,2.323661887358845213e-02,1.249196681954114485e-01,1.082743396950568010e-01,3.512185559752051822e-01,8.984904960559585152e-02,3.385176089196462734e-01,1.765039902772673752e-01,3.371867855293870370e-02,1.471797241192090711e-01,5.227003904385615352e-01,1.192360250775214431e-01,1.898610265279537523e-01,1.749091897240183380e-01,4.506222627577499695e-01,1.229707807021059862e-01,2.768978900499634577e-01
6.042355011690205835e-01,1.290146158930794429e-01,1.341568779351704210e-01,7.494334525487911236e-02,1.129605299123206535e-01,2.139441797657667121e-01,1.921974707384815628e-01,4.309227122681517641e-01,4.160567883133177158e-01,3.398051461120438210e-01,2.284445058693267139e-01,3.619450029414630204e-02,9.824497617130474592e-02,2.906946049241512231e-01,2.806170684449388886e-01,1.522795039301489683e-01,2.962871923791651207e-01,3.842903934599360971e-01
7.982307273970837835e-01,3.085152569718507820e-01,1.135361773424500009e-01,1.389526064248287895e-01,3.006887062580396730e-01,8.428544554428234192e-02,3.699553829435427987e-01,5.685279439262469828e-03,4.686276608794336107e-02,3.995838023409781226e-01,8.210306391417636351e-02,3.243644725609494128e-01,4.996485544437472004e-02,6.983698349911431069e-02,1.224095080592797063e-01,2.245987132390732735e-02,1.530157457843380198e-01,2.310459988037472656e-01
6.779462597601721985e-01,7.512616783895768868e-02,8.662911109151159167e-03,1.169715730023373340e-02,2.062597200225005367e-01,2.037414949067524184e-01,6.896527011715036792e-01,2.024831076449858658e-01,1.223194613098412681e-01,5.141317989428596802e-02,1.282627394926048880e-01,3.476256559602958207e-02,3.249733435349598243e-01,1.031061282579980309e-01,3.936151090949060322e-02,4.590015127618899959e-01,3.311044042676086208e-01,1.796599506194236917e-01
7.106380274179615597e-01,1.456414762106416905e-01,5.406477370136693328e-02,7.570071586729269775e-02,6.410619126281130731e-02,5.252057217318727433e-01,2.110365462707087802e-01,2.263492521903509233e-02,2.166308581692968083e-01,1.210909466598431711e-01,1.082007771079867703e-01,2.933068310221394887e-02,4.908842344568513094e-01,8.801076144083644359e-02,5.939777412378019483e-02,2.927429589787035602e-01,3.449857275652338240e-01,1.310212863588768317e-01
3.434370488789642017e-01,2.982813173423656816e-01,1.558952873978708964e-01,3.365207131310759547e-01,3.658579800458525155e-01,6.320481642548368972e-01,1.142945284812251910e-01,2.421768679736370777e-01,1.474167717293924929e-01,1.942985677352719320e-01,1.671017794439739468e-01,9.660116639856931864e-02,1.120148378580918119e-01,3.093213666182969418e-02,1.242827887620841371e-01,4.153550100535561840e-01,8.204607522131072972e-02,3.864964406491340765e-01
7.494987172196718728e-01,6.914152672796129717e-02,7.813872893906466388e-02,2.630342984606489631e-01,1.505590440531730523e-01,1.823358763649846892e-01,4.895047116771888973e-02,3.121092902320347570e-02,1.585829035820915667e-01,6.004396445482176881e-02,6.250461160000785055e-02,4.411819765053045378e-02,4.693073452988331257e-02,1.446761738115652784e-01,9.826586520836178007e-02,1.452512167912984598e-01,2.204614845862715722e-01,9.132887255465621523e-02
7.432725446751531351e-01,2.906551064056632216e-01,1.029059109147473228e-01,5.947423900045493289e-02,3.517280577182445300e-02,3.912036629615709415e-01,2.468580093931892899e-02,1.193032238457181343e-01,1.713575885985237357e-01,1.675230616316200627e-01,9.423710999241931285e-02,1.652510678892946949e-01,2.718010304097516205e-01,2.200200162828262751e-01,1.741110160456838529e-01,1.065131401265277805e-01,9.688933403928838561e-02,1.407198850795208199e-02
6.889703121561721044e-01,2.567584812055639931e-02,1.656756373395037174e-01,2.825202246603504830e-01,1.744363953370850762e-01,2.947592589555955156e-01,1.418059126940330039e-01,5.116435664102065434e-02,3.228607994373468293e-02,1.221434733036473735e-01,2.735788924519701459e-01,3.820972140801833228e-01,4.492444000968132678e-01,5.537449368131088789e-01,1.447369168295394304e-01,1.480468646520877729e-01,3.107987342999660174e-01,7.638279913805069710e-02
7.104296136152271623e-01,1.188316076113746927e-01,2.453866306948208620e-01,1.237033850328028844e-01,3.678549249690287598e-02,2.898375919588970506e-02,3.393752696858547413e-01,5.404278878216724896e-02,1.889291259592790206e-01,2.429649691579139348e-01,4.297854777849009489e-01,2.672220320460818588e-01,1.053737258141206612e-01,2.962480499847677806e-01,7.253294465202961283e-02,3.637123978280774050e-01,1.813313387165692014e-01,3.987613071696061162e-01
5.321841705807297540e-01,2.775014322414268708e-01,1.692231861457053343e-01,2.352814875371866954e-01,5.110822974946156727e-02,9.981149020117185966e-02,1.604798722065774869e-02,3.390663887522206710e-01,2.282078536155964510e-01,4.568144316573211072e-02,1.215431738502415898e-01,4.461823242635759579e-02,2.492595089239020845e-01,3.372056511454958327e-01,9.660855398631809643e-02,1.191930912919645091e-01,1.123440339977679892e-01,6.919539337236746412e-02
7.617292067063873295e-01,9.848651057589817570e-02,3.293200106821059792e-01,8.286276603090557066e-03,2.759853340233213159e-01,1.686968699704035068e-01,6.967001505037932751e-02,1.007662135902139960e-01,1.876645880753186890e-01,3.599616015923610881e-03,1.493318572093357659e-02,7.342645882341399671e-03,2.747408821047944150e-01,1.929367764687296150e-01,2.295670907144151396e-01,1.468984639012214655e-01,1.810601775062429530e-01,5.398080683869791452e-01
