9.249290499781663843e-01,7.765917076661228435e-01,2.454347025990073206e-01,8.747823796555434517e-02,1.014613059089447024e-02,2.071576253276138924e-01,3.252060737320730532e-01,3.771343243028706937e-01,9.246482401766066561e-02,2.204412082227551195e-01,2.587055132619110465e-01,1.260261804450640288e-01,7.916075611159927028e-02,2.313833612473994716e-01,1.174286642810502546e-01,2.023887744646827580e-01,2.453864365542310910e-01,6.864286803211030463e-01
8.802135767435652625e-01,2.758343661039125982e-01,5.542387412934223212e-01,6.927224351519158940e-01,3.319155249349586279e-01,2.938585805674139850e-01,6.838354811436672120e-01,6.962994911433956213e-01,3.404677819852495735e-01,2.181318770695137021e-01,3.574984076668347721e-01,1.720660135999919904e-01,7.349366901414591258e-01,1.869536628038199477e-01,9.178015841076989090e-02,4.492692428456643294e-01,3.173478796727603468e-01,5.356521527905520191e-02
9.383333276193888128e-01,8.326862162516757149e-01,3.221154951933639099e-01,3.700099149777255625e-01,5.356242858009685470e-01,6.231726033839928014e-02,4.846361129263033196e-01,4.453283834350995063e-01,4.833108121562621484e-01,5.395674754026078546e-01,3.289930548469576221e-01,2.681997478795173917e-01,5.098424945750996695e-01,3.867429042761714730e-01,4.611845597384612305e-01,3.734469597555477027e-01,2.816218862618475871e-01,6.864957714872961247e-01
9.139073424043874239e-01,8.120306205943121913e-01,8.646573935290726709e-01,5.926588533878192067e-01,6.321993509136346612e-01,3.531659252791161663e-01,1.951068075079699093e-01,4.356124600867373742e-01,4.729711165441442544e-01,2.638978120692396789e-01,2.204140852491350278e-01,7.736851777563801269e-01,5.590427327496313437e-01,3.561299467788654471e-01,5.897779476058225695e-02,6.832205868956806594e-01,1.101191815323366609e-02,1.055125089909481756e-01
9.190772843893146860e-01,8.604705747250802617e-01,6.022351781626720246e-01,1.783930915618084090e-01,6.687380933933082527e-01,3.845995282492124523e-01,7.392682104677900101e-01,1.681624310785426180e-01,5.929247026961660394e-01,2.197989403848213119e-01,3.081877166475412988e-01,2.012487028881759787e-01,5.760369190280296287e-02,1.879223563349919149e-02,2.181473409396089691e-01,1.961622252899951346e-01,1.146482113166193834e-01,2.667629563468713882e-02
8.809827192577760480e-01,1.784002890330874391e-01,1.114562162045849986e-01,3.280561625579259122e-01,1.107325101789670002e-01,3.588055219899391468e-01,2.097668821412549973e-03,1.512446303293103755e-02,2.261121043874346204e-01,5.319679989069229231e-01,4.005228898540810767e-01,2.688450328714941384e-01,2.619238624422082218e-01,3.940577942677152556e-01,4.917761527414403755e-01,4.104138031344372467e-02,4.026498719707145013e-01,9.474737392722742957e-02
7.828764282419671261e-01,8.257016486792684296e-01,2.868614948466102210e-01,8.052996985800142671e-02,3.520712891222850804e-01,4.983072805548659501e-01,5.427550559037442462e-02,1.372800032886827559e-01,1.302783067389717830e-01,1.261404711563053338e-01,2.277478093063950715e-01,3.429309195110687991e-01,4.848705439515176713e-02,3.638373965774668178e-02,1.142878265695549400e-01,2.104199247988835786e-01,1.046602934659206230e-01,1.276976535591511919e-01
9.135863718472561068e-01,2.141864254755531660e-01,3.933678526219603344e-01,1.329043632211634463e-01,2.675546787705833096e-01,2.420936363071331532e-01,1.866646273829783778e-02,1.045586188024498625e-01,4.239361715022914590e-01,7.562367458021666822e-02,1.456230212791785085e-02,3.556568695947697201e-01,2.103763685231653177e-02,2.503128280521227378e-01,3.683552651142852907e-01,6.842470049611541760e-02,4.039712707520913826e-01,5.879901990089310138e-01
9.401495493685018134e-01,7.036377051308714270e-01,3.776056295523456674e-01,2.130046500040898017e-01,3.525655122616823678e-01,6.506308229463104720e-01,2.458752397718413363e-01,2.353031674831546072e-01,2.207838843407806118e-01,2.646658554753303361e-01,6.339530670252103983e-02,3.606669197736411814e-01,1.242494574617065695e-01,1.369404875133806432e-01,3.308367387925059133e-01,3.230491928994423390e-01,4.417618139244724462e-01,1.937541620249442487e-01
9.153695495187545994e-01,1.108359629899491605e-01,1.035041076691650408e-01,6.699405453392790477e-01,8.993068511730101244e-02,2.697933216470398965e-01,3.764311470070778043e-01,6.187327145642526061e-01,3.328696079662239460e-01,4.989941918720018355e-01,2.646759971910225273e-01,4.221663398913214071e-01,1.091902600818561025e-01,3.195244617315693980e-01,3.838707250473830657e-01,3.859596414207994708e-01,3.122956789067906636e-01,4.611167446817877602e-01
9.465640698286136301e-01,5.873849471490045770e-01,1.875325533598221350e-01,1.815942714206073005e-01,1.329880098784816111e-01,5.118303654035445405e-01,3.618313135687249715e-02,2.204895515776527370e-01,3.136611989828687053e-01,1.976457046397903095e-02,8.866369882412505898e-02,1.085714514161760097e-01,4.147877089627633462e-01,6.530507872971419436e-01,6.572237428418481464e-02,1.370328459736316895e-01,1.594133672755101705e-01,2.263799501018708138e-01
9.171518189007824562e-01,5.192318203208867722e-01,5.926980569448052627e-01,7.027074011541873944e-01,6.493401215970669993e-01,1.187800009746280000e-01,4.897598468536685234e-01,1.405833555560871972e-01,1.522843786095819663e-01,1.127480064521308861e-01,4.901477045308792468e-01,5.972398039329293584e-02,1.902399396005264448e-02,8.128566322655560172e-02,2.118836564483761731e-01,1.594898393692467664e-01,4.305349555866645472e-01,2.594625595181223043e-01
8.850474288880690876e-01,5.869283786608079367e-01,3.650893195995942864e-01,1.459182593591877575e-01,3.342311408918710591e-01,2.881132955892669045e-01,2.675105281774415866e-01,6.259061579335947201e-01,4.664410661852268908e-02,5.850713112409445804e-01,1.958816145331210568e-01,2.064581273568444342e-01,9.310517907761263479e-02,2.280467011935990163e-01,6.174088818297437387e-01,1.831995376615352389e-01,1.478991265237850072e-01,2.450215395877186619e-02
9.032214390663166892e-01,5.820450144177332641e-01,5.134183234894058590e-01,1.829348052673617775e-01,2.746458400829152047e-01,5.724419829261254700e-01,3.532537603746149779e-01,7.743787672679502965e-02,3.502211502617678107e-01,1.175612891706481616e-01,4.964076372368720902e-01,5.214803139090246065e-01,5.527086683394667466e-01,5.178365296119330496e-01,9.707931616234234673e-02,5.657286037932843792e-01,1.480790281733731228e-01,5.682122204125431564e-01
9.054341218752617326e-01,5.222638602094453741e-01,4.253209791437153053e-01,5.268097052637501498e-01,1.190107875738423276e-01,1.669563416436382619e-01,3.080776224768598803e-01,1.469801244059570910e-01,1.966875031492437420e-01,5.133014283053947135e-01,3.466421399863792857e-02,2.858276799353222097e-01,3.255862582184887444e-01,4.299275887458873235e-01,1.402876304415759945e-01,5.575632595578003947e-01,4.628105634760891762e-01,3.526015869091714272e-02
9.211694689348109977e-01,8.381081116917805662e-01,6.396875677760384127e-01,1.925474078499784525e-01,3.936756336983000537e-01,1.847434298052869628e-01,1.839824334068375922e-01,1.090154944206154636e-01,2.480394832725629495e-01,6.596767273831664891e-02,2.837299647806648117e-01,6.486376586897114882e-02,1.487170891875585488e-01,2.846053939394639354e-01,1.657420660546284064e-01,5.429496505918689486e-01,1.675826978915256338e-01,3.434107840097005426e-01
9.219385550249332706e-01,8.721849669674907046e-01,8.134760722517841991e-01,5.226483840942630632e-01,6.404585973651314434e-01,5.651484570811685648e-01,4.735913858863560200e-01,6.432970560644130087e-01,1.485198336270648900e-01,3.485338573216907876e-01,2.029209693326485681e-02,4.478165406881971511e-01,6.813404922448992873e-02,4.233927561918554572e-01,4.275512305094029131e-01,2.042286112036405601e-02,2.520209392580619046e-01,3.654906398022089720e-01
8.108748503251903550e-01,4.407294352291731276e-01,6.022950189822104949e-01,4.317581125536086861e-01,4.937783865428151397e-01,3.236139291091793546e-01,6.883607397686698770e-02,2.653610532068569798e-04,2.067902274167617710e-02,1.449720521508945925e-01,2.698718094478105289e-01,4.494962056798622596e-01,2.553467903462156019e-01,3.696043111830271122e-01,8.900312041399142948e-02,2.138974418841566583e-01,3.454906433933156995e-01,1.395690339557791593e-01
9.479581315117113771e-01,6.651360465164936064e-01,6.979690161534671811e-01,7.519122078478043258e-01,8.300728084758627334e-01,4.775390971607192392e-01,3.091442638233690143e-01,3.444613825704531118e-01,4.112796049600214165e-01,3.233880426251704576e-01,3.297714223200701872e-02,8.566856346322345231e-03,8.728252375749766256e-02,1.805787983134829189e-01,1.329285562776437273e-02,4.278049331682540757e-01,4.959200592991703793e-01,1.455532327638934809e-01
9.433220432401389077e-01,7.782217869660404963e-01,5.689037230994293814e-01,4.209931002807245637e-01,2.293204770587303765e-01,1.041610969016705524e-02,3.443573394714805613e-01,2.428730067389811009e-01,2.304392010453128470e-01,7.281267725041032368e-02,4.083467654670503433e-01,2.095939754552400835e-01,1.151036793370568134e-01,1.922469144153707843e-01,6.414950824384292594e-02,7.895940048177552129e-02,1.665526183382683711e-01,3.275855467013454730e-02
9.566413475958475132e-01,8.541253886410532514e-01,8.832310529952125400e-01,7.769348464878621519e-01,7.773816048722559380e-01,3.932798594443739360e-01,8.210261296710971712e-02,4.710744349293573552e-01,4.112535059510873947e-01,8.445606505827608912e-02,5.587564067687635916e-01,1.004487450425032707e-01,4.541945950201243809e-01,2.265314170779103298e-01,6.769220894863710036e-01,2.658422372320108362e-01,3.900160218754648578e-01,3.349148772336334456e-01
8.386644296315431957e-01,5.482533908176917548e-02,1.124948127920397251e-01,5.635208441614715236e-01,7.147058830915230532e-01,7.445449630602409830e-01,8.308513316046746144e-01,6.359780451584028382e-01,4.655462709484448069e-01,3.067429453828319219e-01,3.435840251449237548e-01,2.644065134408602469e-01,2.340635820955849211e-01,1.220558654681936916e-01,4.961590918516267656e-01,9.595483278430366747e-02,2.562081389667734688e-01,1.309827510427554464e-01
8.948299515982937047e-01,6.249905377244585614e-01,5.987094912076780240e-01,7.067654998616754725e-01,2.494978854266882984e-01,2.787191004612279976e-01,4.399167329866688486e-02,5.271806128704700223e-01,1.567210470412242276e-02,2.625026466992805840e-01,4.638353012855619961e-01,2.237283100679680337e-01,5.682382153589702473e-02,1.147495187580444831e-01,1.973590829855587647e-01,8.854433052799245973e-02,1.225677249563971311e-01,1.455262287711368008e-01
9.460528954104424626e-01,9.207458362418082798e-01,8.565934990976328267e-01,1.560541932339272742e-01,3.402139866486061370e-01,1.465837186268088566e-01,4.854916646529406354e-01,6.938159300066620849e-01,1.938177877889174228e-01,2.220761059231565748e-01,3.159902100229007305e-01,2.966386985747185290e-01,1.360954871007839517e-01,3.522827539320244616e-01,1.757704712191356378e-01,4.966031086984529219e-02,1.555182576632600788e-01,4.594540348113619332e-01
9.291047197492647847e-01,6.237580235285481445e-01,7.641815800318960683e-01,7.550227760040441050e-01,1.043984952892779150e-01,3.787042454802090341e-01,6.443617273932985556e-01,2.609990882599533824e-01,5.549422753245584206e-01,4.536306505262283073e-01,5.744281894803046074e-01,2.657486467287920595e-01,5.000549225158256172e-01,2.926878817688726153e-01,3.985109778704979538e-02,1.953546813578525831e-01,2.335636650068080578e-02,1.892835825694660565e-02
9.679836842403019004e-01,6.911743674075075949e-01,7.126669994646995798e-01,6.521018851362485602e-01,3.339604643989226296e-01,3.711484718180129705e-01,2.704383360158237881e-01,4.649334664468594003e-01,3.008792229024673248e-02,3.669806638368575125e-01,6.580561873082542423e-02,7.463934900170440812e-02,1.127691765041245880e-01,2.663358479818079272e-01,5.164771376514079027e-01,1.826284485796275947e-01,3.504257572758264633e-02,6.905807985222270906e-01
9.616961108935503377e-01,1.206710251812433549e-01,6.711417082617410212e-01,8.621346140382364631e-02,1.568336460568559021e-01,1.005971247220135839e-01,6.659722251406917648e-01,6.612296188029797017e-01,3.302134484716371388e-01,1.913388447904268430e-01,5.499680480077381167e-02,1.000337421275110106e-01,5.975647282357047230e-01,1.918977987135633556e-01,1.400621276571111518e-01,6.781016492780522764e-02,8.143741656486450098e-02,2.839684253348563892e-01
8.971252091874554191e-01,8.685463726149547092e-01,5.830924844561942155e-01,5.396517520204660023e-01,8.247997464595077100e-01,5.013734188038703188e-01,2.512235499027429264e-02,6.810341168425784186e-01,2.359290128759285732e-01,6.091577978761129053e-01,1.424318611810407864e-01,1.743489108597667259e-01,2.443813926991183494e-01,1.274063127174688281e-01,2.859656002058401647e-01,2.994182891179170136e-01,8.202227789847049699e-02,5.765769707737199434e-01
8.982248942143227222e-01,6.318405804559173999e-01,1.166033349400841593e-02,9.297981083266676841e-03,6.284840935541434748e-01,1.431761550292814655e-01,2.299782481931304801e-02,5.222787038337591004e-02,4.784711527750396542e-01,1.760362623054017583e-01,9.443873977158815866e-03,6.720979774876076687e-03,6.735536192613762740e-02,5.992629684636736898e-02,3.741989404225809501e-01,1.496856667100263279e-02,3.128197842919744343e-01,3.864494546259816254e-01
8.803652554556683496e-01,8.034084118332602831e-01,6.777554029987000739e-01,4.274140182978796720e-01,1.909129283902750718e-01,6.215294509963312231e-02,2.842382942328333661e-02,6.307013470985299852e-01,2.015029602485556848e-01,1.712189802344881995e-01,8.878887875950704223e-02,3.654679465486586620e-01,2.544904376140163377e-02,2.361362824854312814e-01,9.274095692350382836e-02,2.286254144337963590e-01,1.456173014342835303e-01,3.855434114746795204e-01
9.353332187687236621e-01,6.874779187492211507e-01,8.132017916114392397e-01,3.878330648414455295e-01,2.726027345054248818e-01,5.608122936594527319e-01,1.467363169173944992e-01,3.140930490649921358e-01,1.110989894225224012e-01,7.481721598257387584e-02,6.465570521704534735e-04,6.008719477475754633e-01,2.083390026596907696e-01,9.859936095267976541e-02,3.752740400097493989e-01,1.090318478464342988e-01,5.990676738324032108e-02,5.721397079990721973e-02
8.611256627052247259e-01,8.125331636508484889e-01,5.340446891628394255e-01,4.531738811012182011e-01,7.339456970116073897e-01,8.017068408279184877e-02,2.362992175138169393e-01,1.086542306488874621e-02,2.514342378068574330e-02,4.037202452146539389e-01,3.040944101422177193e-01,5.283470666581986386e-01,7.010935573118713682e-02,1.578490530295859340e-01,2.480538538676500260e-01,3.571090260400335836e-01,4.227789692599714932e-01,4.671732891408173494e-01
9.577720975215553434e-01,7.896345330062606305e-01,7.134489458191400901e-01,5.080098144856912690e-01,5.677815590640971077e-01,2.222566167720130270e-01,1.002187912999879527e-01,2.352528288373795795e-01,1.022250815870157960e-02,3.851531612752599060e-02,4.120178964807605926e-01,3.983593824988663351e-02,3.572659467803243356e-03,4.374878842334978812e-01,5.191158973351598371e-01,2.347186356118574901e-01,3.821231717532423411e-01,4.171967005477758561e-01
9.504675710253258636e-01,8.240490479393869361e-01,6.361125220829442206e-01,6.548349417713942300e-01,5.944369079595566152e-01,6.039285880199085632e-01,3.784151858821728220e-01,4.591844659322805167e-01,8.496067723417604842e-03,5.748800789420287494e-01,5.609088505766388622e-01,2.710396530843381946e-01,4.598882936214420125e-01,4.094049697527551990e-01,3.269717777069583442e-01,4.979376609396888864e-01,7.061994416215371384e-01,6.861517548577520352e-03
8.897260219366401879e-01,6.246646357467572352e-01,6.584838724003648780e-01,3.818661040024488029e-01,1.644479819373612650e-01,3.164668427188485622e-01,1.190248176638381561e-01,7.481534031056310922e-03,3.651239039180443346e-01,3.847084953945871244e-01,1.955241936090801325e-01,6.188614179094137357e-01,4.164505996765491963e-02,3.610019879185842329e-01,5.587566943876579734e-03,8.513416816681680654e-02,1.017883868060104752e-01,2.428131568635523430e-01
7.979259474577603539e-01,6.391368283639020653e-01,8.478645549866161701e-01,1.816499502667690280e-01,2.325850469813097177e-01,2.175867390645317978e-01,6.929755098722957252e-01,1.592775524134728560e-01,5.683681250427634335e-02,4.356168417023777856e-02,4.379504330963132630e-01,3.493842520240508787e-02,1.127246354031916087e-01,3.897069974048487651e-01,1.394394899470735583e-01,2.363128680844922905e-02,1.992262609878289459e-01,2.132602132992311994e-01
8.016914798760047534e-01,1.164805945461036968e-01,6.135823861536346957e-01,2.643309364676244555e-01,3.159478485191783426e-01,7.718236126999075686e-02,2.532153814641692202e-01,1.509812020263289201e-01,1.914227237743779397e-01,5.496201334607580397e-02,1.465862905712801423e-01,2.966770338254536288e-01,5.207255499594459769e-01,3.896829927246437397e-01,1.804810093069620647e-01,5.148989853505483438e-01,5.322947245450223575e-01,3.839255963369460067e-01
8.849594158315396975e-01,8.118703122081482038e-01,6.501375699682205855e-01,5.646826598951112386e-01,4.574061641624450059e-01,9.187675609369912177e-02,1.308054069724327861e-01,3.949040818309511591e-01,4.433182062440599314e-01,2.248780055258221278e-01,3.226546895638524037e-01,4.936203922885193940e-01,8.525354922752946540e-02,1.239874484524580295e-01,3.818434047195750081e-01,6.224477390718626824e-01,4.186535977484531768e-01,6.764050394622761475e-02
9.806403699240918703e-01,8.266484328675457460e-01,8.257954195919113838e-01,3.605453823890488740e-01,3.917905093685888906e-01,2.603992220486014975e-01,1.048933577011079143e-01,2.445914449160195292e-01,2.628248495961730061e-02,4.313202556523356157e-01,3.760791804608873412e-01,9.310377672951808403e-02,6.849577871285711383e-02,3.867748151100160459e-01,4.127074932422880593e-01,7.733804749075177953e-02,2.689725072210522039e-01,2.606365677979210344e-02
9.203511503270215277e-01,2.048759979288126420e-01,2.832411721386322023e-01,3.363182413278417715e-01,4.565519032715839587e-01,6.537658654672486025e-02,5.734020843319748151e-01,7.522042165227683930e-02,8.183277216196378767e-02,1.244451941131066025e-01,2.478396666624488043e-01,5.765778801770014006e-01,2.626819034867124147e-02,2.159213682313348148e-01,2.907906017356928774e-01,5.900213571605591456e-01,1.416376396694484785e-01,2.422223319916764206e-01
9.474965757624519425e-01,8.626712037642806363e-01,7.923194400818880379e-01,3.121824498676823989e-01,4.990268459292181991e-01,4.797085100759947429e-01,6.637718874356938192e-01,8.368835818007120952e-01,4.570909424576032332e-01,3.088194243768851988e-01,1.448503529558976266e-01,3.519018978922044405e-01,5.697244195480910545e-01,3.565965540425991009e-01,3.764423240616583399e-01,1.155050096549990746e-01,8.622523834802091336e-02,2.550793470071321400e-01
8.643356258906602640e-01,6.298239139338009940e-01,5.741149745123874659e-01,4.497752370388110599e-01,2.314760109616287032e-01,6.078504265018883634e-01,2.560790469792939006e-01,5.800275674470017906e-01,7.785376028265549031e-02,2.466737083421097765e-01,6.178360256517714116e-02,3.257858232026027423e-01,4.796446606629309328e-02,9.468325684148728993e-02,2.338446340463726583e-02,2.548020734321490566e-01,3.825778383179246900e-01,3.273181912394986237e-01
9.067995977916128991e-01,6.989697801332027671e-01,4.864446621861037157e-01,5.039350372241726550e-01,3.925007129885553780e-01,6.255530096919757754e-02,1.742761678558119032e-01,3.005809097054375489e-01,1.136491262819711301e-01,4.502534310302707121e-01,1.587924866750592690e-01,3.080377622170066831e-01,2.239259648028965599e-01,3.675271634637307661e-01,5.990436787054740364e-01,3.403535049018049929e-02,4.201221438631253524e-01,2.963261446127734011e-01
8.890056988693100237e-01,7.425485171620211933e-01,1.088983743100673945e-01,2.939843288102480523e-01,3.468330367022204319e-01,3.178284816695395310e-01,2.384574257736282177e-01,1.967239662458873384e-01,3.787816279822567300e-01,3.438997360706446127e-01,7.418111635034245477e-02,2.997508502808933772e-01,3.235936084197191809e-01,2.571759653159937931e-01,3.812607820171434736e-01,4.749309213064522583e-01,5.230488172125831170e-01,1.267193939610899156e-01
9.032027695266918732e-01,6.951532995307055929e-01,8.498461712402681778e-01,3.270567831012672344e-01,1.128861722030995857e-01,2.036661922236545907e-01,3.647019542822500515e-01,4.958076917675555140e-01,7.032307353610210698e-02,2.183341005320916794e-01,4.720173298396283107e-02,2.615850852048621777e-01,5.737763312878765287e-01,2.452836573516584961e-01,5.080253902755491602e-01,1.782120907905669072e-01,4.457843225982828783e-01,2.780116688812939163e-01
9.312019988030262319e-01,6.187420466250272977e-01,4.009154213927001997e-01,3.731111090934539076e-01,5.593073378886048719e-01,2.066649354782677805e-01,6.461970484603853926e-01,5.642512344379380096e-01,4.907869716985666098e-01,4.981262202486927970e-01,8.121190640600921620e-03,1.129740362736024184e-01,5.223804170945621668e-03,1.383435478879198044e-01,3.027129768992081194e-01,3.168708146829232741e-02,2.608389732209572265e-01,1.226140679055562899e-01
9.257922884515482620e-01,4.166494094859948261e-01,7.398510330862857476e-01,5.988303163121295736e-01,3.808261766565715356e-01,2.930401456631070434e-01,6.747691476046997761e-02,3.471256514189872133e-01,3.545642573925920638e-01,6.799997842233451717e-01,1.078810116425822085e-01,1.646676322880147869e-01,2.548208538002142420e-01,1.247075088008124527e-01,3.091889291074967905e-01,1.909875917047285793e-02,4.104812968154215591e-01,8.311402254089822472e-02
9.144170575970675952e-01,5.949112215071681309e-01,5.942172197344745138e-02,4.810633051019552048e-02,2.653556025029380483e-01,5.339787571563069379e-01,2.027634979459791709e-01,4.751007474154225751e-01,2.285157145494481346e-01,4.102590848709992966e-02,2.279821353541415241e-01,6.103147615125767977e-01,2.590350879888039248e-01,5.213905630718310702e-01,4.978234129005860986e-02,5.375064511935576106e-02,5.013055384670193210e-02,5.809349091136414289e-01
8.379569603284527934e-01,6.093745787865088026e-01,6.867797814578998628e-01,2.864957658900999515e-01,1.491603041013092601e-01,1.881556069681965537e-01,2.843081332456260379e-01,2.433098500304931022e-01,3.981065797355484021e-02,1.172128655101879746e-01,1.482791345076031608e-01,3.747768799373345922e-02,5.571919581149221701e-01,6.641531873511281880e-02,2.649635263969534194e-01,2.671485648579046135e-01,6.162921168182889514e-02,3.227678337326088664e-01
7.953588745248952874e-01,2.118435141228728336e-01,5.142583861931289135e-01,4.625790852377302254e-01,2.944949545986721984e-01,5.524938986725320689e-01,3.838549772928703807e-01,5.955101318685084300e-01,2.233803435252147696e-01,8.216648158769340737e-01,2.533223750969021970e-01,2.492675299660306598e-01,1.603636220240384491e-01,5.950412868140828038e-02,5.858292142753029896e-01,1.884840638757319387e-01,1.042248813434127341e-01,2.469401771991868721e-01
8.994504923396646756e-01,4.331142101405842659e-01,5.173036429351456356e-01,7.839780749512965663e-01,1.332234577846741486e-02,8.162674605344198350e-03,2.775626210221284751e-01,2.185317546111390230e-01,2.532805231681483638e-01,3.407577814089959301e-01,4.766016132190157850e-01,6.288109306259986875e-01,5.521334700584290545e-01,3.025590150854238214e-01,5.179558292798118746e-01,1.130887670849855947e-01,1.076552308510769773e-01,2.085655225116781197e-01
9.255673703560323151e-01,8.410382458125513772e-01,5.518695841602632157e-01,4.913000192912252984e-01,2.404044096405603681e-01,5.732772812583975669e-02,2.926277421558359237e-01,2.326681720334688452e-01,5.130722179947155848e-02,1.293928096937520533e-01,1.836733439108831079e-01,1.888548430112151066e-01,7.095405692722578372e-02,4.520324985502220949e-01,6.613304701578945344e-02,2.895879305138742213e-02,1.843932228482817737e-01,4.954380770829358571e-02
9.406967686383502780e-01,4.605495409739039370e-01,4.975053915609530808e-01,2.218881753989963845e-01,2.197796867661427900e-01,3.687508343650402476e-01,3.909423057675384672e-01,1.578736144466161007e-01,6.076023473468222802e-03,1.210459830941783277e-01,1.416560501556042920e-02,5.211824279001164850e-01,1.464107787700482388e-01,1.454482355279209478e-03,2.584489640552883882e-01,4.455254868177995764e-01,6.566082070121541381e-02,4.583899143467714543e-01
8.879030487105153968e-01,8.399308151174644799e-01,5.695268149519325807e-01,4.088788903782288320e-01,6.667310054519465234e-01,3.959570904108722922e-01,1.971872459996363014e-01,3.111724260430387412e-01,3.552313285964723844e-01,6.293877520872988296e-02,2.096498000175491261e-01,3.126897248786592587e-01,2.269295346904950106e-01,2.616720313796115360e-01,9.373286121636406620e-02,2.400525401566901418e-01,1.144739555554472321e-01,3.954999219721367920e-01
8.813776654510747655e-01,7.908534469744279427e-01,4.559404901217832262e-01,2.922167074652106122e-01,1.689532693758855342e-01,1.440582846037519182e-01,2.931495376373354222e-01,3.766522548994141739e-01,4.583610990134438512e-01,4.301454627757909099e-01,5.837770717157047401e-02,3.265823478222504850e-01,1.394822476895898333e-01,2.366472131512512844e-01,3.442864282242469320e-02,1.798228028356984587e-01,2.199291325971066413e-01,3.619701499839615977e-01
8.358025599027811836e-01,2.411103605191658728e-01,5.268867176567391120e-01,2.091826269659103621e-01,1.911164185878707622e-01,4.940959649068858983e-01,5.823260187780288089e-01,5.891298778575265564e-03,5.704966783434571240e-03,1.305788464810217209e-01,7.397152809389564432e-01,2.359978294585315939e-01,1.094696333915157194e-01,1.324075162426318064e-01,9.963415178670499694e-02,2.009742978752076803e-01,5.775239397976466016e-01,3.350149918170498842e-02
9.263493246651669510e-01,7.053738307425699849e-01,4.799091077801784788e-01,4.857448310687011439e-01,5.448417575646122973e-02,7.838656247717391834e-02,5.787029162648962277e-01,4.084795315864934995e-02,2.819780688823487202e-01,5.908410051478180103e-01,3.567879657024976281e-02,3.098934595169035577e-01,1.178211492939621324e-01,9.940456776797776395e-02,3.897898830505015511e-01,3.357656856809101420e-01,3.472212401607321364e-01,2.005624782456251476e-01
9.467291100762824652e-01,8.621749787676955545e-01,6.825096139188694400e-01,6.301269027162099690e-01,8.928510743041048747e-02,1.114340310968235659e-01,4.957084601087934916e-01,1.257552249791118182e-01,2.584480037080693071e-01,4.255933688573748652e-01,6.763535715664546755e-02,3.237045115900834963e-02,2.197542655179815230e-01,1.800322321579374829e-01,1.990170455281079775e-01,4.648967949045022113e-02,2.159709970185410555e-01,4.466336038100013894e-01
8.117190355459387163e-01,7.008901128621237708e-01,6.595178265310014387e-01,7.979109589998827357e-01,4.609125064471373823e-01,4.145991130757102350e-01,4.361811070426881987e-01,5.394400154061460562e-01,6.887342558500021694e-02,3.353322216656798305e-01,3.070934163312789567e-01,4.429832835105185773e-01,1.296827962775383425e-01,4.400786969587702768e-02,2.972927344334030941e-01,4.174537943119360772e-01,5.117214384303712116e-01,2.125312212572470216e-01
8.954160830336639343e-01,7.335622891711331972e-01,3.905760600468074495e-01,6.992466626018856157e-01,2.841306988749963125e-01,1.709416090070104421e-01,1.412046894490741333e-01,3.062012933302671325e-01,5.480714032452036477e-01,4.301991633865099862e-01,5.249511261129294892e-01,2.396854252178954453e-02,1.705866120038046219e-01,4.040877499587221533e-01,2.606052708107532978e-01,3.141277089101324194e-01,3.226525607596759659e-01,4.134791018326285927e-01
8.961984598928026680e-01,8.700895137930153567e-01,6.670211748991985434e-01,6.519756747458264057e-01,2.484010213300554826e-01,6.225061354324703533e-01,5.641236037306939233e-01,2.323833123581103000e-01,7.124311569857906534e-02,1.515146163142871705e-01,1.972493316181979928e-01,2.895746951168260419e-01,2.274795975027895656e-01,1.797154881292564177e-01,7.688572781448604898e-01,5.451618117727378143e-01,1.934582438442412899e-01,5.841260844302265109e-01
9.273149712324026961e-01,4.756609694758454077e-01,2.210178810578163622e-01,7.586913509792674037e-02,5.431997740492719995e-01,3.092448108555723718e-01,9.039496339215528919e-02,1.729164006944303444e-01,2.650282506034762897e-01,4.888395163104198304e-01,3.172584928794169867e-01,3.655951580343133056e-01,1.424661368096335479e-01,2.539706826848340260e-01,6.381681698950211201e-01,9.005441722256207759e-02,1.630956355067937069e-01,5.912741421037754908e-01
8.828600558890258299e-01,7.824246746483904946e-01,8.650708520947172353e-01,3.261368707753830032e-01,6.246146893329676542e-02,6.012661083421828867e-02,3.776739394755662671e-01,3.614353963158111749e-01,3.637094445499616246e-01,5.273701550018881079e-01,2.346773282163833463e-01,2.178916212450459355e-01,4.030319517141445207e-01,4.635090182962649935e-03,2.991396554773851912e-01,1.187938854978838471e-01,8.125232500381396328e-02,4.657631107903612566e-01
8.943967909014852724e-01,7.728414555321725388e-01,5.883965895575795635e-01,7.688988328041060916e-01,4.121067699875913815e-01,1.250697733207785933e-01,5.199813319555159769e-02,9.749909393617167686e-02,2.566304102290441480e-01,8.761389717792918141e-02,1.132491208750544126e-01,2.837063502919670022e-01,3.260351630899599451e-01,5.596332821478858244e-02,4.358461460815412497e-02,1.314064710971763472e-01,6.092362070027579346e-01,7.859480111267123925e-02
8.633942284994509109e-01,4.872282125265200436e-01,4.477741310756185866e-01,7.180404131415442093e-01,5.343332757849885706e-01,1.553229819746100859e-01,4.291498263869724106e-01,6.605306291189405599e-01,1.626667958210519307e-02,7.546000604818751123e-01,1.490247273257855158e-02,2.558784069522194171e-01,9.635860884464550469e-02,1.954083042077015275e-01,1.421050367226319722e-01,4.684421384411421863e-01,8.697490387190920380e-03,2.813879638907712533e-01
8.941176791097978915e-01,4.199069987166771933e-01,5.606569766846701830e-01,2.773063004154300848e-01,1.375467291530283950e-02,1.306882935708001126e-01,3.407338336546900104e-01,1.759140038766973668e-01,1.462889974270966398e-01,4.589411636994712024e-02,2.328176241735355548e-02,3.500865660316961753e-02,2.130089004670583930e-01,9.651039434103329817e-02,3.979212377305263448e-01,6.831077094659687710e-02,2.643179813391577891e-03,3.954236950470041423e-02
8.817836667599117106e-01,6.365959542421462114e-01,6.535728621179494047e-01,6.441645704396313787e-01,7.321607632406961219e-01,4.764988975595268461e-01,1.244150114999492823e-01,5.225952637076096696e-01,7.278847601683334501e-02,2.990738719617820895e-01,1.447707598072463520e-01,8.266567825257324642e-02,6.118499982329953513e-01,1.776172025540868589e-03,2.765029763766713722e-01,3.749738553136262864e-02,4.391696842344013085e-02,4.197917093811090461e-01
8.976677578117550071e-01,7.108756806567068098e-01,6.012048187831651180e-01,2.710431233256668793e-01,5.382062264968749954e-01,3.250915552123367913e-01,4.802294313918298307e-01,5.921501288556271225e-01,6.783349160079358287e-01,3.781080998020038275e-01,4.565848384051765518e-01,4.300438096562464452e-02,1.880891983521239541e-01,2.045084080391364745e-01,5.091937531906760572e-01,2.809298289700714046e-01,8.314597031730326659e-02,4.905293420868769294e-01
8.470541886275201326e-01,7.704918751975473601e-01,6.630988728333422344e-01,6.258835231148819345e-01,4.407410110689646138e-02,2.491806700795675122e-01,1.534033177828646455e-01,4.311743956150596024e-01,1.379402995027922962e-01,1.376703795071786418e-01,4.100588108849178570e-01,9.313414022881587317e-02,4.209725337543386847e-01,1.774376749396097130e-01,4.516198927864988333e-01,2.288568732329266664e-01,4.142768138037089543e-01,5.566898272739410070e-01
8.829518042442608960e-01,6.969248567160295227e-02,1.160332715012438037e-01,4.441499138204978991e-01,6.026455187433097382e-01,4.705350267573413792e-01,5.558350712262803972e-01,6.492856296637468105e-01,5.808499630251353629e-01,4.509772672499258728e-01,9.548214683198588681e-02,4.540586819772892690e-01,3.098242444790162975e-01,7.648003162291146240e-02,2.207751639792102788e-02,1.867906354097211841e-01,1.619705063071671947e-01,3.028994938176788124e-02
8.976262020634790950e-01,7.006794009369483600e-01,7.059178869974462867e-01,8.444014653322557962e-01,3.558153758467413885e-01,1.794845399075256642e-01,2.121629055006211961e-01,3.062976246282568260e-01,3.698816238570863391e-01,3.709395171773782751e-02,8.813983816300222096e-02,3.635332230009452048e-01,5.318668149313034998e-01,1.479235703948352521e-01,2.440067141768332282e-01,1.309979934575208060e-01,6.057321368426520358e-01,7.119216030145173457e-01
9.431488912380914247e-01,6.924141788262934138e-01,8.752766591200588087e-01,6.875477905382800792e-01,2.586518471583204581e-01,6.885942273178293771e-01,1.474686318736885549e-01,3.454983342889493721e-03,2.685718842916837712e-01,3.173824861278509712e-01,2.320104127955799900e-01,1.323796678277620320e-01,8.558418361867060897e-02,1.069960871259556801e-01,7.042534623763846424e-01,2.076845606571431080e-01,4.468682282547293411e-02,4.727363209093434215e-01
8.958150217234397417e-01,7.516037043489905978e-01,6.676362971947688019e-01,2.572273828939589668e-01,6.043841792932058438e-04,6.000534617997002051e-01,4.364344870226531947e-01,5.837364270169829172e-01,9.176327464960845615e-02,3.024352177349299287e-01,3.250549572400554532e-01,2.881615876145708355e-01,1.532826897010165224e-01,2.553315936546902698e-01,3.275704998578975458e-01,9.154982888374407768e-02,1.949028088779060086e-01,1.327269081176285503e-01
8.144756509342648831e-01,4.465823325500550833e-01,5.134009714578426919e-01,7.043520406590608740e-01,5.770760592376630305e-01,3.074967394803414522e-01,5.665114471986608669e-01,6.198359335063351461e-01,1.238807454722379714e-01,8.928259536543768637e-02,6.389038423288742607e-02,1.118770957780874931e-01,5.902518270069886941e-02,8.961865324011775158e-03,6.442497349684400687e-02,4.168892881425218661e-02,5.075170359359514327e-01,3.752137048179628870e-02
9.349247382836995968e-01,7.347516295138534215e-01,1.498478575107604210e-02,1.595221560076270917e-02,6.627732898094294001e-01,6.790024031625027101e-01,6.191125981547438428e-01,1.014681390939317224e-01,6.277007294963841142e-04,1.635761481534870609e-01,3.467889883421836905e-01,3.412300309490104433e-01,2.252751070216626184e-01,1.669299559266709532e-01,6.292037291417524880e-01,6.587859077850818368e-01,2.980269907059308609e-01,5.688677409604457891e-01
9.008787774922411007e-01,8.136217448553451081e-01,4.679330823709189346e-02,9.045394475718430971e-02,3.687445939830344965e-01,1.904587894099558226e-02,7.197941133715485273e-02,8.995801261209933342e-02,1.697927676805571079e-02,5.163664397790099780e-01,2.990544865380805328e-01,4.116554589640414874e-01,5.620291845388310226e-02,3.554568914369838906e-01,1.214145929949230346e-01,2.668042601969192185e-01,8.106775487052490792e-02,5.176180419341036565e-01
9.473222184465591722e-01,6.527470614956736306e-01,7.048514096489308933e-01,2.454401417196870258e-02,4.786229578576947641e-01,1.264465345696405563e-01,1.022527949481592674e-01,3.810147887270902700e-01,2.977993609898986205e-01,3.950188623938424848e-01,3.930319187496421861e-03,9.144426450809732543e-02,5.606150014090409417e-02,1.545143677883212144e-03,3.360545410098723096e-01,3.006803081521043364e-01,1.821351639536297473e-01,2.078589718676225329e-01
8.956158586693842016e-01,6.868581476595725377e-01,3.772617381455957153e-01,5.356991771643231370e-01,3.519990843995240426e-01,9.472579895642928294e-02,2.321228049441040886e-01,4.941476136751044024e-01,2.337754394121202284e-01,1.338072092313378168e-02,1.455789339386417969e-01,4.445874634648384893e-03,4.653047779311419302e-02,4.394529242040179362e-02,7.229218815105110663e-01,1.892956911814907273e-01,2.543227953554038495e-02,2.330101213634121204e-01
8.749237239525471388e-01,3.434254119352482260e-01,2.188144308984091013e-01,5.708917092199640164e-01,4.209182774696025864e-01,4.229231249695196704e-01,1.984427517545527542e-01,4.185571003534169776e-01,5.469958283475861993e-02,1.140979762603642200e-01,4.829699820826368617e-01,4.046683728758835863e-01,1.483652615645066619e-01,2.049571971160874251e-01,1.391136602941939748e-01,1.647036486897312801e-01,1.615146623031615547e-01,4.982670192529343733e-01
8.721283267031519904e-01,8.057988530671953420e-01,7.753677939714961331e-01,6.132108735205723526e-01,8.228259769745628338e-01,4.226668336208022625e-01,5.092441719175619941e-01,6.154208648373608037e-01,4.966427164849670506e-01,2.544333554185648216e-01,1.639120824942351673e-01,1.228122087777983873e-01,2.764019315979684421e-01,1.166035236353203525e-01,3.175029871951939170e-02,7.748072794704152777e-01,3.220026905246341498e-01,1.456065166202775985e-01
9.107307728434221872e-01,5.255674708091446767e-01,6.770100756349856086e-01,5.874881690820813462e-01,7.014083327202946805e-01,5.791634242746980243e-01,7.678591539622587892e-01,2.475446901414705969e-01,5.255021793896164084e-01,5.994896688927683348e-01,2.487080456976526466e-01,2.136677206899668391e-01,2.710645306695843582e-01,4.494357494367733352e-01,3.877030702680496210e-01,1.948729510676637522e-01,6.310478221072545191e-01,2.228725471572784722e-01
9.534125699170188373e-01,7.262767850815501358e-01,6.509216851822328120e-01,3.169425854060595737e-01,2.536786450156746087e-01,2.155800861689157952e-02,6.126141413993034801e-01,2.727186412672876759e-01,1.983541871934671463e-01,7.380593713954626545e-02,3.121652083879201123e-01,4.198229426306362422e-01,3.180322847298649447e-01,1.910970997480147537e-01,1.150158078926529354e-01,1.685145470768629195e-01,3.936826233550789200e-01,3.067042620661489249e-01
8.502809787844164413e-01,2.824796666024946834e-01,5.877863980282894696e-01,4.168334772287216605e-01,4.748248448820046597e-01,4.928861910117627310e-01,6.496042498991765335e-01,4.076033865932053857e-01,7.414331191817351285e-02,4.875683466252483944e-01,2.746614304789238292e-01,1.643639059717685036e-01,1.600378826402621690e-01,1.856855728814837125e-01,3.679299099838423404e-01,1.360863637843119367e-01,2.855721065204742670e-01,5.986520909627790488e-01
9.242312921576820717e-01,6.582499757708831778e-01,7.896922306707396810e-01,3.761786483777506684e-01,9.426168487697396403e-02,9.606115609033530345e-02,3.775810092403519280e-01,1.088790851541230481e-01,2.837228883025534332e-01,1.594491765985221188e-01,2.362367633290372304e-01,3.997167629435478542e-01,4.277667443061327485e-02,7.281666222861880033e-01,2.122688229397014237e-01,1.632927964660710607e-01,3.389777145844936612e-01,6.825633115493586756e-01
9.282015233303591017e-01,7.137048171922925066e-01,6.431918684273945086e-01,2.497186580059253536e-01,1.477528270547488233e-02,1.868455209283439722e-01,9.886749583523052332e-02,3.289318489485397179e-01,1.293872805666995696e-01,3.906372793896982221e-01,4.630187378146934096e-02,6.370533411787144829e-01,2.426968624047146361e-01,3.846826400447631716e-02,3.737234858444604124e-01,3.446555599104622059e-01,8.457179475066574359e-02,2.787716299796414443e-01
8.865393654025484071e-01,5.168280091394429343e-01,4.995978101954776651e-01,7.170936923233505178e-01,5.438956202341872492e-01,1.833363750016257510e-01,3.594154519728627317e-01,2.599875757526410314e-01,5.287555821746261486e-01,1.247969778722930051e-01,2.469479942363029257e-01,8.921163066026008281e-02,4.128783251950627342e-01,5.737684241857639311e-02,5.488185192173210547e-01,2.074728591692870661e-01,2.389871666888949975e-01,2.974976757377487679e-01
9.654896724815098530e-01,8.247112911064399254e-01,7.995203936487234042e-01,2.221462029329483723e-01,3.893796180905673837e-02,4.438097298068431895e-01,7.743475710676512858e-01,2.939214477794488967e-01,4.492327816484348313e-01,2.522499991380460771e-01,9.906219403436386517e-02,4.557153699475553418e-03,5.443848305294143319e-01,2.562604505575667990e-01,2.168240933419249006e-01,9.454504272740660298e-02,6.488620595468477803e-02,6.693888922172905875e-01
9.228075432151225943e-01,7.899501818809225862e-01,7.655097460179429714e-01,4.225544497033262292e-01,3.888910095710869097e-01,4.125727789804843337e-01,5.216360114843298090e-01,4.288804638300281469e-01,2.329778048549773495e-01,3.581479475352544184e-01,2.466879241360424024e-01,9.165696321402794222e-02,2.546285021713451946e-01,2.269870483896007096e-01,2.068181927041110868e-01,3.902630653998609422e-01,8.819245046402211796e-02,2.398549438996179228e-01
9.237388740446369484e-01,7.053733862877777927e-01,6.294522335393447632e-01,4.696286580016141854e-01,1.600058463597939795e-01,2.384656496192091302e-01,8.550738660105325351e-02,1.841842503093168715e-01,3.202500289922687315e-01,2.033367581995410844e-01,1.619983306404168544e-01,3.334030949612639128e-01,1.287357760779961890e-01,1.659369629884490382e-01,6.529698368548800813e-01,1.184207457407905617e-01,3.148668169321185845e-02,2.144800176709056594e-01
9.162905424622667105e-01,8.098286977979162193e-01,7.999226348789451047e-01,5.637442966685689560e-01,3.947110750919723965e-01,3.448779924608847969e-01,1.018064096316776829e-01,2.837677443769812680e-01,1.828827804858621786e-01,5.363738611629137454e-01,4.238405824823404666e-01,4.781877039461840395e-02,1.120143224620674671e-02,4.975658973654040196e-01,5.595916334116535218e-01,1.067207042107409243e-01,5.390751996658957879e-01,4.074147334272579940e-02
9.291865791872654379e-01,7.439366908857275584e-01,4.853463771177571884e-01,3.506219802018892273e-01,3.849704887678876974e-01,1.389519870527485823e-01,1.731571493689121888e-01,4.785509172831252656e-01,5.689023003245662347e-01,1.067527971782784996e-01,2.121817755819117857e-01,3.577863846407079995e-01,5.671616047946782535e-01,1.523478973007566240e-01,2.860346313680594554e-01,1.465336317145786438e-01,1.181585624803005580e-01,3.406602521394210825e-01
8.549045204131888731e-01,7.788729967394245612e-01,7.657143271931199369e-01,6.949762384798527926e-01,1.089760010094544262e-01,7.568205820679037299e-02,1.558723301515150816e-01,4.037884564709511848e-01,1.918683646513028376e-02,9.561498067486158547e-02,1.881865163264778429e-01,2.019178981023692365e-01,8.219929376675332369e-03,2.929989496431668616e-01,3.601515371885494754e-01,2.067378002634764622e-01,2.864863646998653257e-01,7.907737271732089013e-02
9.274647732862969507e-01,7.100140165845826301e-01,4.822391278872863452e-01,1.311622651657397831e-01,1.398121030564050682e-01,8.366901952363366979e-01,6.425579743742527716e-01,6.428018913183041194e-01,4.124378145648743277e-01,5.841156105954061761e-01,2.484415791778667726e-01,3.196418063275313637e-01,2.098803177468887560e-01,2.954396179716733961e-01,4.862618651299136507e-01,3.291663895849843979e-01,2.370003819980624760e-01,1.203234169942415804e-01
9.032211613756343516e-01,3.419770216623150838e-01,8.747338534067456983e-01,3.987589881894392230e-01,6.832376874156805835e-01,8.233725135868023015e-01,1.179629497192633686e-01,1.624072219861948108e-01,1.137253238852084791e-01,9.473088666933131285e-02,5.876941286872726655e-01,2.077278599256912883e-01,2.671375328988680464e-01,2.656740432618374254e-02,2.831224092606225012e-03,1.176236643846555185e-01,1.275152949368379973e-01,1.463332531987770191e-01
9.583993036399257592e-01,8.709670075684277091e-01,5.548843625738448804e-01,4.689594485553321701e-01,6.129233536594542314e-02,4.355210286264291630e-01,7.195777831818636061e-01,4.910950239778689164e-01,4.596072124025658012e-01,5.755106857266968357e-01,5.523118659063344094e-01,4.354405112431476987e-01,4.128232250523812263e-01,1.581586552838517776e-02,3.632057714827852807e-02,3.999372775937285462e-01,1.897484283654116421e-01,2.824259020027131695e-01
9.536789547680492030e-01,9.004620266311357257e-01,6.098557576751321152e-01,5.196648350909552905e-01,6.027903068407646225e-01,6.272331792327656697e-01,5.833049021713309079e-01,3.142513034431265728e-01,1.624698635319012929e-01,4.310247454783081023e-02,2.746494769632940591e-01,4.098852761145672097e-01,3.024697862007409421e-01,3.193111108929745645e-02,5.470304159421515711e-02,1.546550250608270602e-02,3.377288054376185733e-01,2.926012516233946203e-01
8.896033739857570621e-01,8.786098618485058687e-01,7.688561665220330354e-01,7.854418908772554664e-01,2.348468142599627606e-01,1.583585734764482444e-01,2.794679561287387037e-01,5.863296180444727002e-01,6.098163708385770931e-01,2.552402453379835068e-01,2.053235064147508337e-01,5.013593805692212468e-01,4.933457654543337290e-01,2.512093010421540332e-02,3.210389323465844824e-01,2.814085143252377796e-01,6.386143845956264442e-02,3.845994997824479789e-02
9.249034548793818589e-01,7.054520857277796209e-01,6.990121116019204495e-01,1.041484116829692330e-01,1.420768792302775918e-01,2.863335053867161473e-01,3.565021218769058864e-01,3.990965039784118845e-02,5.581204087366700012e-02,4.007308152995483486e-01,2.444473441891288901e-01,2.266070357275704328e-01,3.957634266632631959e-01,2.343279789030566773e-02,1.432632438970737332e-01,1.268140175198189876e-02,1.525846204608880541e-01,6.012553767297616758e-02
8.497391355756203080e-01,7.855388176586100002e-01,4.441358147449084859e-01,3.831701826565116487e-01,3.145499042391625144e-01,3.906907908376356930e-01,2.930201198681954208e-02,1.805823758741113005e-01,1.479719140879777635e-02,2.870762751023103743e-01,2.507850728654332784e-01,1.055417308819257688e-01,1.444906733419102918e-01,5.169324619081563377e-01,6.651218852958866445e-02,1.017159594210446522e-01,7.667059032063408552e-02,4.202539174896626206e-01
9.162416810250392230e-01,7.441635404023670963e-01,7.840477436641498654e-01,7.544905973634898066e-02,5.658148161697280215e-02,2.298001091092843617e-01,1.428504163416102479e-01,1.817777037661522377e-01,2.360267045122719509e-01,3.720435591643904694e-01,2.001228897594779788e-01,2.028425809659955836e-01,5.479162925530298711e-01,2.957807503294527796e-01,4.476120926504459918e-01,4.175981577740267014e-01,2.948801580175031689e-01,6.455822947208634810e-01
9.469442539322586727e-01,8.102964249786428486e-01,8.011574082162331578e-01,4.807127704738831664e-01,5.754449709418621994e-01,5.230548217588188997e-01,6.397701169184544234e-01,4.262125471861747394e-01,5.915918976793418382e-01,5.854462529014982097e-01,3.221080193722808960e-01,1.490686208692732634e-02,1.374579122365676004e-02,1.727055939056174882e-01,4.597208467422098099e-01,6.449677179473018995e-01,1.613471011305800951e-01,2.033561851934939657e-01
9.007103498982012013e-01,7.119894150180764436e-01,4.216458215735315318e-01,2.708676168607100365e-01,5.933804299049835196e-01,5.761044985233799987e-02,3.184923560805152376e-01,1.924845000705777409e-01,6.049543587602428385e-01,3.787615062359934309e-02,1.832597358665606080e-01,1.414198601656706800e-01,1.283417661033391111e-01,2.150137104916212960e-01,1.227409531821928995e-01,9.064401417013991102e-02,1.765411597467107241e-01,2.684167688323220169e-01
7.869435233932928764e-01,6.837338195638853477e-01,8.415872480899816432e-01,6.869013077153109936e-01,2.813892525696219393e-01,1.947916911373581139e-01,6.011523897812847128e-01,7.663641808397549937e-01,1.504843766415109862e-01,1.224348500174384791e-01,4.273467409144229845e-01,2.119521240119396632e-01,2.847877613773269756e-01,1.971783263429841265e-03,3.923975378270187775e-02,6.186208496316648875e-02,3.635442759061450757e-01,3.336833551167370793e-01
9.324025010373845346e-01,8.733292694500067732e-01,6.810340176347029484e-01,4.127810836385328863e-01,2.658120581039149499e-01,6.313367628581617597e-01,5.658328958629977867e-01,7.571345347473587006e-01,5.274268066716520931e-01,2.415217666527869067e-02,7.285947452619996600e-02,7.048690611839178444e-02,3.220912555805982569e-01,4.624991066708991072e-01,4.376451064629173818e-04,9.650689305608538271e-02,1.985853266509283177e-01,1.172267663696664047e-01
9.372515646697747727e-01,8.309440674935166804e-01,7.851348507400605081e-01,4.014660066970409114e-01,1.400122474764599889e-01,1.859870508208604639e-02,2.992926072845460417e-01,4.848243294276735615e-01,1.188152354979396252e-01,7.083832195018694433e-01,6.814526708032562219e-01,1.005882741924668707e-02,1.552032137221463215e-01,5.078613822911769854e-02,1.645938196191764347e-01,3.701193556957339120e-02,6.024863473969616079e-01,5.195034159012903441e-01
9.260020653027218884e-01,3.090871502243770080e-02,2.364280674114615233e-01,1.821460180148564423e-01,4.366595107574719470e-01,5.662056864042028792e-01,7.537266492583380439e-02,2.332261650573403955e-01,1.803651004417836101e-02,3.265593569531631546e-02,6.224634750151217255e-02,2.033774855797039482e-01,5.483051549674994307e-01,7.181699370191578780e-01,2.322685910502330850e-02,3.907490392523933487e-01,4.706654121668487484e-02,2.395866473779675321e-01
8.757921251158262699e-01,6.466486800804998047e-01,5.746911271122047138e-01,6.500376826832292565e-01,8.076700592951291391e-01,3.837229366782869411e-01,3.584428270518743437e-02,5.472792234494899821e-01,1.874666601509088204e-01,1.446508323982487465e-01,3.085474738140314699e-01,5.831056991061107642e-01,3.001105670062519937e-01,2.077303784594641822e-01,1.156183574620393700e-01,2.765309186125180715e-02,1.035268369862700905e-01,7.468125101584616177e-01
9.437739733737445791e-01,5.983649797972466766e-01,7.080255263060599713e-01,5.433777146728034912e-01,2.297769368962825857e-03,8.859813545066902440e-03,4.893624182509213605e-01,2.323131412258805095e-01,2.961810522161029691e-01,2.997697158199147047e-02,9.799350117605946930e-02,7.863238479811184012e-02,2.846795381332401995e-02,4.127833771938365509e-02,1.316743759223135968e-01,1.207255520357147782e-01,3.861158195448998742e-01,5.444351266707790904e-01
9.157859108830223027e-01,3.141180297203366879e-03,2.099680315707955491e-01,4.089678980631525906e-01,5.030174707544442514e-01,7.408266396635853068e-01,7.887466051214282736e-02,1.877253288537707454e-01,5.700890892199526050e-01,1.448506221001241157e-01,4.285900178096372359e-01,2.977033456622926177e-01,2.059590654304674709e-02,5.455077852683731798e-03,2.187574050257074798e-01,4.523728123372418586e-01,6.761422963118490781e-02,5.809396715515830617e-02
9.209793888815998031e-01,8.103168627700821913e-01,8.452952368449446752e-01,4.043529581914032667e-01,1.557869547525493892e-01,4.082477756884007603e-01,2.496625983492264250e-02,1.207549637460211406e-01,2.811395651175692123e-01,6.170733954721325798e-01,2.899512174210763793e-01,1.113742220927449872e-01,2.628827263964219618e-01,4.241874400387583566e-01,3.162071199446899739e-01,1.995231485826767445e-02,3.643581879073349850e-01,9.870237923671607017e-02
9.108609740836781654e-01,6.442622695644676378e-01,4.537379237407316857e-01,2.699430846258478733e-01,2.827630079173695798e-01,4.418295574476841514e-01,6.363078636353756146e-01,4.349758949068285308e-01,5.022617648956292230e-02,2.329701205071139647e-01,4.193351279270910760e-03,3.200618309289902097e-01,1.270808267734838404e-01,6.857128275663476602e-01,4.841999505124355840e-01,8.355784982002389949e-02,3.595535130371318444e-01,2.608578254555570242e-01
8.945913351669161351e-01,6.688007309837902259e-01,6.693524619034838530e-01,4.739643665355774416e-01,3.284904794435172248e-01,4.144072285959386759e-02,5.169852922803739315e-01,1.878811439720343424e-01,2.466154049940861848e-01,1.766909516282678672e-01,3.610218397635515009e-04,3.743493732720036826e-01,2.775102641833816774e-02,2.126282842157548036e-01,1.272478170714271689e-02,1.563014083551384215e-01,1.373119863099246107e-01,1.146153764067373709e-02
9.494399059159380760e-01,1.125892796398052231e-01,4.837876355809746509e-01,3.758981158622913821e-01,1.267881282893023043e-01,5.194591615509461802e-01,4.232818042397918368e-01,3.728042618511366313e-01,4.307704464020165602e-01,6.355814369765756533e-01,2.895372435369178432e-01,2.318152084026450094e-02,1.250260307722301512e-01,3.349869805592074479e-01,5.581245752677764793e-01,8.393073306640849718e-02,1.713470483087649043e-01,7.223264203197388156e-01
9.264440162600524609e-01,7.560811485822157563e-01,4.497546479311692047e-01,9.484206825194842205e-02,3.957636715342847666e-01,2.374588313324960953e-01,4.188354351336526227e-02,1.658154526624156244e-01,4.170828041616030935e-01,2.367790666025156032e-01,3.054071695295166866e-01,1.167973350282720812e-01,3.333440435491475395e-01,3.010642307303866838e-01,5.484811139588122719e-01,3.023876160848495975e-01,2.251898978729011402e-01,3.442419532409246585e-01
9.232901010692472488e-01,7.988139583035819280e-01,4.588022858623964084e-01,3.581576438959173641e-03,3.791587528069046420e-01,2.023734125794365846e-01,4.408518046523678402e-01,1.302845666793383261e-01,3.021851415597138213e-01,8.145492366648596216e-02,4.096849329309175912e-03,6.744641672169060520e-02,8.501226293782258858e-02,4.519526663154135870e-01,2.653984073265522325e-01,1.594578183744579936e-01,2.346885456377195422e-01,2.824502667723913230e-01
8.849753008174746638e-01,4.574106955175097911e-01,4.073552634124816274e-01,2.766343473192759972e-01,6.956962083943633024e-01,3.497411119807187219e-01,3.412565095885151667e-01,4.700901032198648855e-01,2.588037445052053243e-01,3.024507634043671067e-01,3.690014573235912421e-01,4.190610885740301272e-01,1.745035714773991026e-02,2.275958321282494923e-01,2.798601597629074567e-01,3.890116086410061458e-02,4.196561536086567124e-01,4.162288565753328312e-02
9.137997314573423902e-01,5.381299565475162333e-02,5.502955381183721739e-01,2.952252677335029385e-01,1.021855296398965357e-01,4.333700355901201617e-01,2.983047651139124068e-01,4.810508380858559141e-01,7.430120000359454746e-01,2.383808415446913853e-01,3.909827304397741482e-02,1.010838806456283157e-01,2.404990353524778524e-01,8.498967959762258884e-02,2.360910051076419436e-01,6.403141479860321450e-01,3.197765394835214159e-01,5.036189058999356316e-01
9.375177895269597439e-01,7.421355099983683035e-01,8.632432455968070961e-01,1.230602882271062681e-01,5.734077140531868011e-01,3.028824120467061287e-01,3.756482253443281794e-01,6.200282731390077684e-01,1.652253859798678559e-01,2.885563402492100638e-01,1.509395572684536224e-01,1.471190338627269001e-01,1.965876417323489667e-01,3.163063569260587959e-01,1.111259202275641927e-01,2.422231472075853098e-01,2.649346009667654656e-01,1.540969587983532230e-01
7.660456605212241366e-01,5.439332078433802842e-01,8.034880561539421429e-01,4.181137892733567951e-01,7.587614662532836673e-01,4.804017301348790792e-01,1.473473953057124475e-01,2.599752808546461069e-01,2.026249318481279371e-01,5.349923585617371025e-01,1.104607544458020840e-01,1.863270593496316185e-01,5.156285241018607746e-01,2.552672557182144031e-01,3.495592897805418486e-01,6.681239264554450497e-02,2.503576571450911170e-01,3.996332975895793005e-03
8.946663338880609384e-01,8.084262760687728200e-01,6.117314405510406727e-01,5.770622330287910051e-01,5.588095648068583943e-01,4.738419045152266196e-01,8.388145333452746988e-02,1.358612385688322353e-03,5.028527054214142478e-01,5.962662282745911924e-01,1.397251803722052987e-01,4.563191695572423878e-01,8.917236196862557418e-02,2.889396286991601781e-01,2.615733729957254727e-01,2.205509142906595110e-01,1.102010027642122830e-01,7.858212501451812548e-02
9.121904063687291675e-01,6.618131524889052653e-01,4.198186526080703862e-01,5.650323014803484423e-01,6.015949935928130987e-01,4.551529364073466088e-01,4.174568233717358412e-01,1.273301202980907654e-01,2.759245047655741190e-01,2.700430654257248708e-01,2.730919635939806425e-02,1.612898318752032933e-01,1.006234045358778556e-01,4.684648898735316314e-02,2.193696511500987933e-01,2.031877213707408703e-01,5.129744127292451550e-01,3.517519120978040426e-01
8.325766876616702561e-01,5.380099188173728120e-01,8.069368608071106896e-01,4.053917274498403112e-02,1.257562374654561943e-01,1.730891350243375093e-01,1.472940631097453216e-03,6.553126576995885189e-02,8.835950626145219755e-02,4.080588766513839824e-03,1.590779495588786063e-01,2.547259063865824347e-01,2.903452512341330172e-01,3.229980985031418173e-01,2.118276017600466132e-01,1.555646834747331786e-01,1.192715586247470455e-01,2.292513909388670112e-01
8.948271364528999072e-01,4.988759988058771855e-01,1.060832645125738410e-01,6.056973146663550134e-01,1.148163499901529855e-01,1.486010777894421764e-01,6.225057035917205273e-01,4.517086118399089578e-01,2.911082985590466299e-01,2.621838512945772193e-01,7.086581816897259689e-02,1.834766849711982339e-01,3.755209806774981729e-01,2.208799966166070938e-01,4.055827572533702852e-01,2.344816152148687313e-02,4.730622318780103308e-01,5.659962122621051486e-03
9.592767757018397790e-01,4.609227457601093314e-01,1.802114808954400904e-01,3.573698786987705156e-01,1.929388159319470053e-01,3.319911768082870474e-01,5.599459461805609273e-01,1.251569721126266285e-02,6.620011772504803826e-02,5.185373635378808244e-01,1.362143086761243294e-01,2.950048353408937438e-02,1.960170333453949698e-01,2.119143568743241945e-01,2.094760467734387011e-01,1.600958444508934486e-01,4.642319635906204667e-01,1.263025335148542649e-01
9.079856523798988110e-01,1.825760642711183879e-01,2.898840589496295972e-01,5.271635654374762225e-01,3.779020771793274447e-01,2.841267825527636348e-01,2.486598954430422337e-01,3.467965812742767051e-01,3.875311395933223602e-01,4.120827387310850853e-01,2.336811257947930542e-01,3.993539355044006811e-01,7.986165185896992869e-02,3.693947402942486247e-01,1.740467282399595639e-01,3.941773874226633945e-01,1.559394422290872328e-01,1.429797239085881522e-01
8.904160968157837086e-01,8.608614794112628976e-01,7.809456108852894651e-01,2.295600514519624546e-02,4.747116955816396144e-01,8.712778005976087314e-01,7.195997448953832532e-01,7.548601814627955431e-01,5.040689813509346973e-01,4.202573000017263416e-01,5.019062996784313252e-02,3.519547996176017879e-01,2.171203585843918538e-01,4.538441234314234962e-01,3.148172643951298588e-01,2.092127718014919480e-01,1.934688290575157510e-01,4.619324349550121278e-01
9.071517796687157409e-01,4.179289277502995503e-01,4.881812010901616095e-01,3.762655620292509884e-01,3.797616643492003896e-01,1.883910571586688287e-01,5.476611381412876955e-01,3.258765274513819032e-01,2.082008569480773078e-02,1.922580330533704140e-01,1.310766751058593527e-01,1.945559631365950115e-01,5.532658943393415907e-01,3.272287278708790881e-01,2.691618434505839152e-01,1.498170756028748551e-01,1.721230199930819382e-01,3.661542414955998859e-01
9.409812860228670139e-01,7.745289466148973512e-01,6.647719168692390879e-01,2.283216320341067695e-01,8.279400959871507926e-02,8.557109279038066507e-02,4.279781843774207450e-01,1.556820907462734549e-01,3.275147334337352167e-01,2.753107034266008557e-01,6.749771664752406419e-01,2.848800701335727492e-01,2.836334959778844325e-02,2.437419138155347831e-01,1.508796232499532153e-01,3.534851621077602091e-01,3.287486395492040248e-01,9.185440820504425785e-02
9.276751167183437952e-01,1.249644841273505058e-01,3.705398884095146284e-01,1.294314064751536653e-01,5.563268860647725411e-01,4.866754998250334002e-02,2.990569832086650837e-01,1.468802713570846741e-01,1.800962603270813145e-01,2.665417035767980269e-04,7.655487568504926177e-02,2.379777640210268067e-02,1.027237155904937443e-01,1.268024821192862382e-02,3.746311024089234998e-01,4.028276095352409936e-01,6.077762476120282531e-02,1.547279927957342927e-01
8.914653750669720988e-01,6.877952453458882065e-01,6.197523825929214247e-01,5.647816245313840300e-01,2.006947060252156079e-01,3.788816941556084616e-01,2.472469512573441108e-01,3.991427073895956190e-01,2.164656895664797409e-01,2.626346514318270153e-01,5.146475376842417626e-01,3.459173577050256299e-01,8.033073947641114487e-02,7.854441858668284593e-02,5.243698290219350744e-02,8.117327398378663961e-02,3.411127928418564853e-02,1.091794708795779806e-01
8.783717620260182990e-01,4.273241400585857108e-01,3.443357038358466071e-01,3.651033072750101693e-01,1.667266079521828939e-02,5.922117106730793168e-01,3.657174046459265027e-01,2.958127725958668575e-01,4.064695356698096451e-01,2.912974033137396557e-01,2.943085851781128692e-01,3.180088449730370526e-01,1.791053095731555689e-01,1.054131559878635910e-01,3.913735829543171785e-01,8.080979333896415318e-02,1.027494892337554033e-01,1.190756278529407630e-01
8.983918098929458695e-01,4.111605296768599538e-01,4.565976246291543195e-01,3.581345344403632364e-02,2.202314979051267219e-01,1.583176914319172346e-01,1.157046997726028509e-01,1.441570286873602724e-01,4.459546200541858463e-01,2.530323561373047370e-01,2.019683458578424573e-01,4.753693126268834224e-01,3.337105939331201920e-01,5.740289181688737474e-02,1.073830561631326785e-01,3.658197762945023523e-01,1.152294927571763106e-01,5.260178329965670141e-01
8.941435395013833665e-01,7.539649997600759157e-01,7.989354039767249116e-01,5.245779610451346553e-01,7.804514747655459939e-01,6.293282791619181360e-01,6.170899254181702598e-02,3.484470748256327487e-03,2.370153908418428379e-01,1.370818464393121494e-01,5.750953212306669782e-01,6.185441165552338916e-01,6.182948568622089747e-01,1.705610706419186384e-01,8.516302768141370549e-02,2.903786612438992165e-01,1.514853312844434696e-01,2.435100854519979818e-01
9.654275607980937757e-01,3.074334170660557031e-01,2.294573790367883392e-02,5.082930624350236182e-02,3.357122897733704203e-01,2.215876879462254090e-01,4.550294883495609732e-01,3.288842358100902419e-01,3.570389561321454797e-01,1.425419322793935462e-01,2.502016345951071918e-01,1.943158243913377103e-01,2.295051737296097683e-01,1.048161618533685335e-01,2.052392193781326923e-01,1.582684187677491638e-01,4.035432329881729480e-02,1.212739705163467518e-01
9.334003379863675676e-01,4.974470940216670911e-01,4.561115534589283982e-01,7.418449596247230771e-01,5.518636068241677961e-01,2.299323306609192541e-01,3.623631373843367864e-01,3.125766488136722532e-01,2.131472188214885988e-01,3.300754707623044792e-01,2.304466458859448508e-01,1.977389105847196238e-01,4.096008630946111895e-01,3.072996421146600380e-03,9.924549945909111326e-02,4.884440371232563055e-02,1.422434597047891602e-01,2.161426701601788444e-02
9.195513279278646479e-01,4.979100737194716575e-01,4.170248371328581505e-01,5.842502738887246361e-01,7.325392200227111017e-01,4.853574758541143730e-01,3.364802011210273336e-01,5.565746453218387568e-01,5.133299393701972191e-01,3.399943120567626154e-01,2.306327729773031410e-01,4.276237722338019354e-01,3.276988883364263527e-01,2.030697188994790570e-01,9.469989094197463209e-02,2.883354767830574872e-01,1.349637805052182060e-01,5.357119685532769904e-02
8.750456678208428096e-01,4.484238986796681981e-01,6.587389179643988735e-01,8.661952097283582841e-01,6.114711758900109873e-01,4.336059195356634643e-01,1.627843432334054041e-01,3.631118663792623491e-01,4.210143374291885898e-02,4.621943580099993620e-02,1.157959224475330617e-01,5.435388470663292670e-01,4.615813452607492873e-01,1.257847899538568348e-01,1.623166030356929523e-01,1.516527941279757485e-01,3.228543912658674575e-01,1.671977586121364268e-01
9.294307923912278335e-01,7.485088702665412264e-01,8.813950576061162501e-01,3.909257060115394200e-01,1.968463155042691343e-02,1.644217040732229990e-02,1.363964094407359995e-01,2.106335137796286061e-01,4.711540836805081511e-01,1.881238140355623867e-01,1.093159716067892001e-01,6.674455350073754678e-02,4.146131522885997400e-01,5.820378775173882246e-01,5.730145768676386808e-01,4.591542305322311446e-01,7.176564227287669795e-02,4.672051937830964952e-01
9.175418693623654809e-01,5.321856039290838725e-01,2.359908577627833071e-01,9.126794641488433779e-02,2.287652404564767261e-01,2.528866098832553422e-01,3.172903475844217058e-01,4.632981550332315179e-01,3.494880756833903396e-03,3.660813782818665985e-01,1.111441550560094277e-01,1.213299785980576501e-01,4.487065693902524133e-02,2.642404398739512938e-01,2.755905445242924912e-01,1.233924679871370791e-02,4.610623555831069864e-02,4.661072757446034324e-03
9.493777920858874619e-01,3.126763127805273212e-01,1.990219322179858918e-01,5.070753281803342949e-01,2.590481120641117130e-01,1.280195911634486317e-01,9.022616756959869755e-02,2.519596630906120738e-01,2.463144002128919707e-01,5.243518695112630024e-01,1.393765401680489291e-01,3.198798499118388761e-01,2.702824913235464810e-01,3.934276156072031294e-01,4.477517337443306378e-01,1.624528732454759428e-01,7.055085705020258668e-01,1.887170644058013824e-01
9.411558238828207079e-01,5.113212266795416072e-01,5.081896644773415961e-01,5.800554890352133119e-01,4.672018032183072878e-01,1.877899959595714097e-01,3.261057177659630324e-01,1.641421802137581765e-01,1.262718732519111653e-01,7.176966172114380704e-01,3.583805316538402619e-01,4.626114690661635720e-01,7.794292835754119964e-02,4.533934570572829559e-01,3.385938292681718309e-01,2.094145690813836169e-01,1.753321298396615657e-01,8.423329788469111415e-03
9.403343610696627275e-01,2.481444997042537015e-01,2.318054768805036248e-01,4.783853666359316192e-01,1.382485415928268180e-01,3.796184801676590892e-01,5.264378065754553582e-01,1.085034984474251007e-01,4.038536542349792091e-01,4.110809725224703198e-02,8.789467402113611272e-02,5.546177047974228114e-03,2.168649012985523344e-02,4.141128316461490516e-02,3.549778381180308529e-01,2.914785538861796588e-01,4.522422942717401195e-01,2.411813689140588635e-01
9.105944220223348706e-01,3.481333448546694576e-01,2.561470156189270542e-01,2.035757930657179360e-01,1.457479996670882350e-01,2.390645444872019632e-01,7.434696743955925002e-02,6.544892533310807670e-01,6.798910536383724335e-01,2.699023063603098738e-01,3.439889495715932055e-01,3.655401289570497925e-01,1.135446475851311365e-01,7.332794551184332876e-01,1.737127426554044562e-01,1.903561405473947199e-01,5.158993656950800616e-02,4.317477108862827762e-01
9.101635533474363715e-01,9.103420423134057637e-01,7.534136567641517290e-01,2.450940317581057071e-01,8.304449825002922780e-02,1.284444335096737722e-01,7.078642935994188257e-01,2.565691796794564716e-01,1.046499040810171116e-01,3.597047225043014662e-01,5.549837674937131010e-02,9.340442633248950688e-02,1.196437107185488458e-01,2.637433543447917708e-02,4.820863979485298101e-01,6.735702578081646796e-02,1.000385560671862850e-01,4.375207022337231355e-01
9.527698395916847085e-01,7.636925685550165488e-01,3.413671413697564883e-01,1.818195893034148802e-01,3.082034147475746222e-01,7.284085981342042215e-02,6.480910513330363498e-01,1.990638322118324366e-01,3.118025110391278165e-01,1.577185340900608690e-01,2.432128637913530123e-01,2.827890353206088392e-01,2.973537214774331083e-01,2.066620789052952059e-02,2.182283330611708982e-01,5.222218970175344227e-02,1.330999310329674390e-01,3.057156151760875296e-01
9.027629916038473201e-01,2.855796090886897898e-01,2.229833425587050832e-01,6.500086658216402968e-01,3.369194089888641885e-01,2.551451366668811005e-01,6.125880902139144157e-02,2.761152815654175918e-01,2.837230602226894494e-01,2.347376402483444119e-02,1.163411558543109570e-01,3.616951058061598223e-01,2.295450450922938423e-01,2.301384218012331451e-01,4.271685221937763371e-02,4.197122408358638923e-02,2.636708384658986715e-01,1.019518150678307145e-01
9.406379077956649182e-01,8.375902764071807560e-01,3.026440876999693663e-01,2.173653648729466648e-01,5.521653691843314560e-01,4.191119576041983930e-01,6.196422130317573718e-01,2.063871578772160376e-01,4.063194060781008532e-01,2.150983572398763866e-01,2.698686984051100191e-01,2.443226769331380555e-01,5.071116577357426269e-01,1.133817076745516211e-01,3.751296274518222118e-01,4.900772200811555068e-01,5.945586860626111969e-01,1.106353082259154963e-01
9.264436786286834868e-01,6.860459031789094553e-01,5.712879049455350522e-01,6.578220025832435258e-01,6.052940440665954824e-01,4.053441105520423360e-01,3.777959260790543783e-01,2.497560250719624564e-01,1.215462746504607644e-01,6.635796103021691650e-01,4.593117935646549577e-01,3.420932253511068111e-01,2.871456072402278625e-01,9.453813559175984482e-02,2.076642870979756583e-01,1.219898731661660657e-01,1.621906247526882228e-01,2.142072925303879771e-01
9.064583747563955685e-01,8.516193342818098033e-01,2.926573767633361967e-01,4.690115324757011539e-01,5.026167664893043119e-01,4.135795453326271409e-01,5.050767212074825929e-01,6.011237592618500630e-02,2.561752414749439710e-01,1.210942862926669555e-01,9.038855779380178257e-02,1.830297280681776606e-01,2.019798878052902480e-01,3.875453068321366712e-01,7.376805210004010183e-02,1.424310340952938438e-02,7.443745050785319228e-02,5.715901954682119784e-02
9.173360649673157896e-01,6.981389491431350125e-01,1.083267737038527819e-03,1.401625976493952319e-01,2.505499428963494941e-03,4.927025624485761868e-01,3.361508091408204058e-01,2.306802847871479434e-01,8.006520640109483777e-02,2.540092016075691239e-01,2.329638441433200258e-01,8.175137820865803484e-02,4.906679091788411773e-01,1.032108362044907579e-01,4.346985746572308851e-01,1.808746893235465836e-01,3.450748948877711553e-01,3.922166142141680911e-01
8.967448333352382450e-01,9.022045974201190477e-01,7.988629932305281178e-01,3.649856344792598573e-01,2.266121809983177304e-01,2.354596119594012937e-01,3.042246662959840475e-01,5.105326627477253520e-01,2.021281866429774920e-01,7.044387483478629086e-01,3.141773423698701606e-01,4.496900800173886381e-01,5.277603233396779281e-01,5.827067757276055415e-01,4.597958257628536605e-01,8.298132619426091747e-03,1.685045235347693848e-01,3.120908765708837462e-01
9.143443540130533620e-01,1.055538261337493483e-01,2.924651424618064377e-01,5.318896365050310715e-01,1.366573359256897588e-02,3.925208519456492295e-01,4.199265239433382785e-02,3.503610704785295460e-01,7.406831926501385166e-02,2.945400053100059035e-01,3.843912745327952019e-01,4.301237890456061641e-01,2.134813271599013962e-01,1.300248695665408294e-01,5.329763058534897624e-02,1.164143667381967000e-02,4.088913695585989494e-01,4.652798711981803170e-01
8.956741617916924580e-01,4.245141411968305079e-01,2.581777562727153863e-01,5.524706350669165156e-01,1.846525839396580965e-02,3.775084158510889076e-01,2.485261862133133770e-01,8.560976907119106916e-02,8.526371100536671299e-02,4.434928300242759192e-01,1.102563722354784476e-01,5.193917362686352179e-01,3.477925890066385084e-01,1.726162877049326749e-01,1.673305422231311235e-01,1.376579881695376602e-03,2.234112389094201345e-01,6.138713708947027836e-01
9.249604171317691303e-01,3.246838765657809600e-01,1.598798094600363540e-01,3.878201350220041310e-01,5.928066828381887143e-01,7.979835122839997741e-01,6.077064203707915890e-01,6.058487051995232742e-01,2.020232287244230762e-01,6.894051037876157695e-01,1.048758636012225992e-01,5.518723837844480284e-01,7.822699759120634033e-02,3.264513182799630431e-02,2.006196391020727832e-01,3.648386251919813472e-01,1.416398444015293592e-02,1.731697240624777978e-01
9.060222077104578275e-01,8.478585186710159427e-02,1.632930809404696537e-01,2.229078811688828543e-01,1.973411103765186358e-01,5.743579837164991542e-01,5.392260673587888631e-01,1.259294083846747569e-01,1.436105184533054691e-01,4.655957524044607720e-01,2.384158148425292445e-01,2.423854698741843144e-02,3.509302358006833322e-01,5.497781720568962333e-02,4.588377679581285840e-01,2.051235819045041930e-01,2.191753034782657483e-01,8.722658131046098773e-02
9.392825909869024770e-01,7.862501919801039296e-01,8.143592590902490880e-01,6.904920450434647305e-01,1.470512347970535094e-01,3.315632902995963582e-01,3.276007736263127912e-01,4.051853857317018748e-01,2.524524448271346991e-02,3.126964638338005642e-01,4.534719004627464911e-01,1.770043306260350169e-01,2.671302704945952566e-01,5.204665709719720201e-01,1.817034382094610545e-01,8.869378674331636347e-02,5.154425574048021597e-02,1.546611619022561224e-01
8.332286339658353524e-01,4.949459726787418523e-01,6.102173468876229689e-01,5.346956293717749498e-01,4.627044503446098300e-01,4.056335125257899410e-01,5.707337255885257532e-01,3.043928643062403516e-01,3.532231104742576955e-01,6.225148984135904229e-01,9.997787895003169834e-02,2.779860242714311536e-01,3.402823899810366592e-01,2.643763729979213828e-01,1.289325646505775080e-01,5.830797471950156796e-02,4.032065360840528939e-02,3.020831918705276994e-02
8.859615207025079986e-01,8.270917450468794341e-01,7.507967320128041688e-01,5.465368311399972923e-01,8.663077407491931448e-02,3.240885620172533343e-01,5.017065324679597094e-01,3.386739714376836297e-01,6.299126125597023784e-02,2.949605750795360470e-01,2.518765327899220030e-01,1.292780811699745513e-01,1.841699431233347062e-01,3.430327099754856279e-01,2.316321613474978669e-01,3.457885908364146527e-02,9.861837157561522890e-03,1.806002238061360232e-01
9.306101762375831310e-01,5.597452047604503100e-01,5.821430899445675378e-01,8.613863089085699309e-01,4.199809053609875886e-01,4.425662188317648627e-02,5.805767524327137830e-01,2.017591748101025262e-01,2.090843421825550330e-01,1.065265048157256478e-01,2.709371754549286804e-01,1.152243989425670717e-01,2.511959890284511387e-01,4.772388711573474773e-01,1.679804630255727071e-01,3.781426857951699083e-01,5.815972997630161068e-01,4.156127351333770148e-02
9.240323951979979578e-01,9.234866612485850834e-02,2.096762694860312970e-01,6.580067714373628585e-01,5.783195278828691110e-01,6.627864851433550308e-01,9.831480033109729622e-02,3.349626499128231516e-01,3.394810358492661995e-01,1.488726500035953138e-01,9.584656098098802424e-02,1.977898456380721148e-01,2.342592756607652094e-01,3.288626470061328105e-02,4.365313528982917579e-01,4.411469725719269902e-02,3.191144560025005461e-01,2.625182672201408773e-01
8.964717012127260132e-01,6.419514422609408355e-02,1.304752660473429693e-01,7.885135295730083538e-01,5.487895777524939289e-01,5.113081117800120090e-01,6.228667977777014864e-01,9.481298409064733979e-02,3.797645096388020947e-01,2.390160830437810524e-01,5.210235966657442153e-02,2.619721903032357080e-01,3.738611588956329557e-02,4.231547193505662552e-01,1.975776497666568710e-01,5.496130094174355163e-01,2.640802951874752780e-01,5.642206126216829931e-01
9.285683730253098123e-01,7.961009832047102330e-01,6.108676404275358296e-01,7.410072445589552248e-02,9.332564991370385921e-02,2.306051394679523373e-02,3.804405303152942341e-01,5.191198587205310133e-01,1.265825907790936733e-01,2.282906782347265406e-01,6.774024166942721470e-02,6.045922887242177746e-02,1.093676907131429094e-01,5.484247882360413287e-03,1.426890816792445171e-01,5.262420599514876229e-02,5.547886571311053672e-01,6.880047991010126429e-01
7.812040030169954408e-01,3.715473489478649527e-01,1.718747421690557456e-02,2.373692289565437485e-01,6.224477782733375264e-01,5.421665591515655303e-01,3.425173334115193535e-01,5.812442122270514711e-01,1.407347983709642814e-01,6.070354274741156242e-02,5.737299726066765748e-01,1.416134781680433996e-01,1.584087085501100500e-01,4.641761446545327185e-01,3.124145961563442597e-01,2.507731318429263223e-01,5.100234779728881618e-01,6.161547017939089654e-01
8.371671184428071122e-01,4.784632229239710877e-01,4.863514009510632730e-01,4.613913985829900533e-01,4.999965573328255530e-01,4.953779843178703346e-01,7.822369961092877633e-01,5.621728229259932430e-01,2.229464192056833383e-01,5.723994768417619561e-01,4.279527127879836912e-01,2.038869217148506219e-01,2.472089702738576311e-01,1.287862697043051230e-01,2.726849720027113566e-01,2.839189396425038092e-01,2.974279633721766958e-01,5.849497458791613758e-01
8.259410983586528143e-01,7.845669964080687064e-01,6.738107654489876586e-01,2.319432710183937651e-01,1.773661776492755915e-01,5.284704305581374717e-01,9.835902104231711296e-02,3.954700386634098508e-01,5.954745415495036331e-01,1.999030486586266808e-01,5.228953129971535274e-01,6.943993785979203359e-01,6.307863515579784086e-03,2.703326724866210798e-02,1.217365248807251860e-01,2.589622639418900918e-01,3.750988313020435228e-01,4.579941573127971899e-01
9.064982334087364757e-01,8.946460354534014892e-01,5.679604668045484805e-01,6.106828958241554695e-01,6.346840025016327325e-02,5.383767193149228969e-02,4.459164073286359664e-01,1.750712583408345902e-01,5.696893162259518695e-01,3.449870965495271946e-01,1.179503390835056065e-01,3.144479355825529066e-01,2.725380686064539648e-01,1.352709699723677883e-01,3.144891736393680692e-01,1.746617747165881696e-01,9.228896322260493612e-02,4.270048886246325948e-01
9.619859012261033904e-01,4.579344862143766570e-01,6.500491313399525684e-01,4.380349303203999733e-01,2.125366911017577843e-03,4.766506001865659092e-01,2.995428118395139783e-01,2.857886955080985447e-01,5.036631873590571296e-01,1.558291093154593743e-01,2.887863128858886852e-01,9.694573909990471250e-02,1.060882709177502353e-01,8.930152495431158133e-03,4.488096851025804024e-01,1.973063990577459959e-01,3.069078942132762999e-01,3.968707919693393871e-01
9.706242616154199254e-01,7.716730518823955443e-01,5.538163631063931780e-02,6.734986751757047196e-01,1.050721528300682245e-01,3.208188798535262509e-01,7.328216303641571505e-01,7.754502333711930095e-01,2.286925089090803831e-01,6.126142167930089671e-02,2.461685001462584899e-01,3.825895977600473619e-01,3.610649009192344328e-01,3.948396886640787029e-02,6.879958521073949174e-02,2.754670709548269203e-01,1.660322195395091405e-01,4.948928370598571803e-03
9.065477102696555267e-01,5.008041280120426597e-01,6.699039328564598827e-01,4.834583650036750613e-01,2.752042433532254084e-01,5.415760890770111163e-02,1.552239804003049950e-01,5.293922414960481326e-01,2.455524871962623881e-02,2.050922213682158934e-01,1.150473978773043082e-01,3.327533261106493945e-01,3.178330762979337809e-01,2.339276203042298941e-01,1.397935423546210754e-01,1.020828053939536878e-02,3.585659603408647977e-01,2.765629240448734261e-01
9.412881567034956376e-01,5.581312128515182325e-01,6.317005918829202704e-01,3.731993204927608887e-01,4.481750883503188843e-01,4.521461652358142458e-01,4.197160667222234187e-02,1.978364850749758097e-01,9.981129034032329428e-02,4.880803374636269454e-02,4.604088510531064160e-01,4.115626865636690807e-02,1.208726260301643124e-01,3.050645577977891265e-01,3.363333137407237272e-01,1.746415205511326063e-01,1.105975438790080395e-01,4.630365551059632823e-02
9.053363829982478128e-01,5.860303183827362261e-01,6.016548490910890168e-01,1.857550081545039367e-01,5.817291796340025023e-01,1.236768266602135541e-01,7.051534194964937940e-01,6.448021425339043322e-01,5.555068111938336051e-01,1.410465887803389606e-01,4.822045726275762112e-01,2.430241244683741253e-01,4.664000145706115874e-01,5.991564940930167726e-02,3.079665710726816608e-01,4.820752025456672696e-01,3.266357931767572276e-01,1.089352083841812618e-01
9.320289656896454389e-01,8.374243836560808507e-01,4.054490670064161972e-01,5.588964472807852468e-01,2.047306511865368550e-01,1.060691926291128517e-01,2.290820212079090201e-01,1.742257622320639854e-01,2.684089458576741083e-01,2.230235794161504748e-01,1.119731851752050478e-01,5.485604460443772590e-01,7.749402278877313144e-01,9.223322259302284276e-02,1.654004683602241024e-02,3.348795319407611992e-01,3.333934176619079981e-01,6.089325179657145704e-02
9.186157688336817895e-01,1.147003282044895545e-01,1.233827367743188380e-01,4.326089043510787380e-01,4.352659363002945869e-01,2.524150859433921257e-01,3.771940528515276281e-01,2.364465106236378622e-01,4.938539603505207598e-01,5.629591140407175232e-01,2.374073915574165250e-01,4.171446833609863125e-01,1.275822622971485854e-01,5.333740009036901375e-01,4.270594288106296377e-01,3.622212815250893669e-01,1.617821523861145971e-01,9.172418760814291666e-03
8.779337908298919801e-01,8.400288173489435239e-01,7.903968619942890461e-01,7.205554888845495665e-01,5.054782836476442442e-01,3.405072444456147540e-01,1.239473653310426554e-02,4.378889593636695610e-01,3.624994575772971794e-01,5.192510416517394090e-01,3.061594219493911084e-01,1.119203390670656939e-01,5.441562303522187172e-01,1.017668352152878292e-01,2.150817865146932295e-01,1.565459140470051858e-01,1.688456227750046168e-01,2.325523567442631945e-01
9.217519809920633467e-01,5.804244112213045037e-01,7.075049288727291996e-01,5.155895391226981150e-01,5.595148293020224539e-01,1.728493143895710182e-01,1.850307762371264375e-01,2.537796216605153754e-01,1.248957221724324579e-01,4.576960140969089236e-02,4.305692788001259930e-02,1.052138615936005772e-01,2.712879376742132961e-02,4.328246301076977276e-01,2.178739274466413023e-01,2.025806932399800975e-01,1.886900127538893857e-01,6.736874291315811947e-01
8.437706329151628548e-01,8.455075590541503150e-01,7.117618045124055604e-01,7.013068990212262266e-01,6.649066082283503487e-01,5.844760053279349776e-01,3.585910958279620725e-02,3.592145373412637677e-02,9.247979185169193095e-02,2.197319729382503639e-01,1.012105495202236666e-01,4.482792196045302935e-02,3.377962351341596281e-01,7.447426048010756527e-02,1.284431640081362680e-01,2.269685258376381853e-01,1.262522676553718970e-01,6.941870352158558966e-01
8.779257279894305821e-01,7.057454840457340062e-01,7.916164606731498354e-01,1.344211564782294699e-01,5.831540509000353589e-01,6.584242216559733907e-02,4.745646251393555864e-02,5.829574062407912871e-01,3.273416109684570974e-01,1.838026762094893130e-01,3.806561970215614488e-01,2.335115029674693088e-01,3.622930427557760624e-01,3.655283280752364555e-02,5.537616065663952813e-01,4.578016737536253628e-02,1.148008454053490585e-01,4.960113611221892982e-01
9.686616862306848263e-01,8.754822468004324065e-01,5.369629178586229346e-01,2.523111615753729220e-01,6.863654171479673105e-02,1.910012669389571371e-01,7.922311095695742933e-02,5.513738224943504074e-02,4.092603003771240200e-01,1.641376318829320946e-01,2.957841293955890682e-01,2.229108767313051076e-01,4.049540326110435129e-01,8.760964733570660024e-02,6.852868581614279114e-03,1.947440931339786963e-01,1.895363556965158069e-01,2.924072797870228002e-01
8.007450041416912523e-01,7.815048633890995244e-01,7.836313242334188578e-01,7.291237874849155753e-01,2.680830361095421499e-01,4.713762088203731770e-01,2.522149668607203687e-01,1.358015957219537717e-01,2.708712356313379144e-01,2.124174465621168073e-01,4.355309031955533622e-02,3.413621516228138586e-01,1.062945899120956716e-01,9.656037561362156019e-02,1.765344864764150645e-01,2.000806839230014622e-01,1.948651072787125071e-01,3.032517070772827728e-01
8.912407784387481602e-01,8.935895168192519167e-01,7.500017777997106672e-01,4.913923270246443598e-01,4.209050361879485003e-01,1.797761230984346870e-01,3.570727283893782578e-01,1.721911476927961981e-01,1.962043272971108754e-01,3.758951877754661552e-01,3.900329948678963321e-01,2.470236404597535296e-01,3.726660667119220949e-01,5.592056300201710961e-01,6.882849232133269046e-01,3.827758971808314370e-01,2.044618120361763325e-01,3.879000254608059445e-02
9.393308928585781814e-01,7.542093299898774417e-01,1.761734514106501615e-01,1.114186457658956075e-01,8.832888396622499971e-02,1.338654775762010696e-01,4.673245640096606035e-01,6.169136134786581405e-01,4.555189147970148955e-01,2.576956335838066492e-01,2.433041308272093917e-01,1.819070269578391408e-01,1.091405213794694462e-01,1.594321759054633802e-01,6.819605680096317568e-02,2.135908903420540017e-01,5.036052772619585838e-01,2.781346658967438854e-03
8.331904502597826667e-01,7.897643963057021654e-01,4.447864376367597905e-01,2.924667922466058778e-01,1.072682978878426868e-01,8.410652813560391683e-02,2.140339645774131938e-01,2.711928273012519375e-01,1.625789477818227399e-02,5.308742159336911071e-01,1.229094627403771595e-01,1.316910959465153290e-03,1.787549779440620601e-01,3.404270117903611115e-01,2.193742884058405007e-01,1.385157994250571512e-01,4.311372558724756443e-01,3.064443678434616500e-02
9.277874546130773226e-01,7.327384818208030337e-01,6.599366316317116787e-01,1.160744607915881743e-01,6.188186912635184056e-01,1.032303655430178400e-02,6.631298372502600902e-01,4.883415372434701807e-01,1.502779180863783315e-01,7.779213299444980301e-01,2.446366556208306176e-01,2.510652989303487348e-01,3.821945559514310364e-01,6.476577448870950438e-01,6.790463142620195569e-01,2.054593674958924143e-01,1.925099948564390762e-01,5.051341718497135425e-01
8.277075365910553373e-01,8.720174689692448133e-01,7.958887817001349951e-01,4.970743458427484551e-01,4.556170466827016430e-01,1.106338937270446993e-01,5.090242806546344534e-01,1.563309499160427107e-01,3.092728496452972209e-01,3.403774549971076979e-01,2.915063040947712403e-01,4.552006389584550838e-01,3.561389613136777821e-01,4.526441910542710056e-01,1.960822240804001859e-01,1.412835869374296227e-01,2.835743445900755499e-03,1.631621238350345615e-01
9.189240401464591201e-01,1.848976167306651541e-01,3.505566430446958349e-03,6.063446292302134832e-01,1.039224272531190513e-01,1.152550308702798565e-01,5.877099714492782789e-01,6.309393752497338692e-01,6.020223440594505426e-01,6.409665333394282127e-01,2.994149631644227316e-01,3.038544418412329057e-02,2.499302011086934616e-01,9.273728582562369704e-02,1.493995137007476104e-01,1.094201533266599968e-01,1.593351026084680877e-01,3.309787754366111945e-01
9.574398657870649698e-01,8.439114944762882153e-01,6.168525492326644155e-01,7.415353767004244645e-01,4.072076340439692577e-01,1.834000369514265927e-01,1.259174066739025821e-01,4.306030960850284472e-01,2.493623280970201639e-01,4.160412793877452109e-02,1.518985318842508703e-01,1.219901947140152737e-01,1.996616840951662419e-01,2.689399957145408027e-01,3.016124285234162983e-01,1.893856537807173668e-01,6.580642871246669134e-01,4.386427550803511100e-01
8.694833606460382613e-01,7.603845375299201903e-01,4.182378863366507105e-01,5.057118239938405146e-01,3.755036255773161469e-02,1.287951261292807070e-01,5.020407096226110477e-01,7.092231634509821303e-01,5.412812573355977319e-01,4.887852392396515588e-01,4.947875592474757639e-02,2.437940056069114736e-01,3.178113214709944456e-01,6.494501574640167141e-02,3.773724995041695118e-01,2.456531482630009977e-01,1.766139089601578838e-01,1.895013398576743738e-02
9.372996394910387830e-01,8.756530271829534584e-01,5.826037508919076346e-01,4.982350820338701802e-01,4.289213882490201524e-01,5.915135457019369269e-01,3.492649574876450225e-01,8.278241210930230576e-01,3.509253613869541266e-01,6.884837600323896745e-02,4.939437261345241970e-02,1.775101607111561133e-02,3.177702997286947495e-01,1.323870224099467086e-01,2.433581885236414666e-01,1.240250787525191828e-01,1.227833811959322813e-01,3.197079330469724395e-02
8.631160633394097115e-01,2.389453594365225919e-01,3.027489120312366611e-01,1.297657895959661951e-03,5.165638258231655677e-02,3.116090833693413997e-01,2.662652904319972036e-01,1.838351943462690485e-01,4.086300088169604883e-01,3.475493798463530348e-01,3.068902838750177109e-01,4.054863099316003416e-01,7.186710642418139838e-02,2.570474239736913469e-01,4.090988981711709549e-01,3.460347091902132854e-01,4.403698047740556842e-01,2.070950854118718820e-01
8.843423515597549356e-01,4.223814128579155835e-01,7.037716434323866288e-01,7.056539679605114967e-01,3.865718277315960960e-01,3.607890910609091312e-02,2.253267521539780160e-01,2.287453734385528070e-01,3.200245010638383958e-01,2.347729348551069739e-01,1.945337577632560641e-02,2.626176511620603171e-01,2.209057288469430391e-01,1.848888667031608479e-01,1.336112475615710837e-01,2.181246033727242684e-01,1.978002045564298539e-01,2.054337935101478996e-01
8.810958081186746060e-01,6.805976985482132813e-01,2.090026601016261865e-01,3.640721084094515336e-01,2.038009374115790917e-01,1.664593861076730727e-02,3.292152739835755848e-01,5.649843469131288209e-01,7.140728466068074765e-01,4.291761524301722086e-01,1.495995606007272452e-02,4.606268256241468628e-01,3.200574040258048480e-01,2.165048500236729234e-01,3.825640929104335841e-01,3.879104118655214012e-02,1.115353734440941574e-01,1.128794161252114625e-01
8.785561401226118505e-01,8.086495964670211700e-01,7.838479619165615864e-01,5.423359484272615161e-01,2.509156820028977664e-01,4.072940362644958401e-01,2.532181670067140677e-01,8.253587290107248231e-01,3.048965532224769959e-01,4.284738806685026158e-01,1.678611536640219337e-01,5.114242741784907897e-01,3.069635059251760167e-01,6.195293938378170634e-02,4.187545236099013968e-01,1.658223821183747171e-01,3.605173080986663892e-01,1.097034446775938671e-01
9.041309628915115137e-01,6.971796887799873721e-01,7.383285795147167541e-01,1.622177115316538465e-01,5.320459187134138901e-01,5.121570916053569400e-01,7.300628005612049831e-01,6.328011673258006065e-01,3.195315099873073661e-02,2.474913365730918025e-01,1.424864402809873365e-01,7.308103135873968981e-01,3.521417047563451530e-01,8.857639826685395623e-02,7.050225904446013603e-01,1.099606240190794532e-02,1.680879900710939914e-02,4.452383773662290101e-01
9.551530204049897277e-01,2.406521531953418475e-02,3.172096656211922244e-02,4.696162598931733628e-02,1.388726280545936331e-01,1.211077587960778384e-01,3.083879136403051002e-01,4.808814819148365949e-01,5.495266099502189583e-01,5.099935012444951621e-01,2.546689704027838008e-02,3.618136530796879635e-02,1.821300844134916830e-02,1.433440567805917554e-01,4.243647335092528561e-01,7.439816956904927725e-01,2.518375831660847886e-01,6.037933334007444808e-01
9.131734676150521368e-01,5.277993359388252204e-01,4.582893556291523646e-02,5.275859830838648401e-01,1.432931105684580875e-01,2.353124754806612262e-01,9.708116137658245881e-02,4.014216216652613523e-01,5.609720906097428461e-01,1.177050851851258323e-01,1.980317318460915466e-01,1.621860014976581055e-01,2.982249262755736763e-01,2.794295808198070108e-01,1.007642191988268043e-01,5.834279290129981005e-02,2.692944042109298719e-01,2.278596679535433989e-01
9.384979312376605654e-01,3.851573146543534887e-01,5.041238399562631978e-01,7.700249770662435933e-02,7.189039728605346735e-02,1.100781094762905560e-01,3.117761776427124265e-01,2.279508765435339090e-01,7.528371139277589830e-02,4.839402887954021293e-01,9.267129213059303872e-02,6.149624217207193544e-01,1.645569023552698740e-01,3.158644332557060674e-01,4.887320504024135481e-02,9.455491725396515668e-02,8.924967204527839426e-02,6.026329834205568226e-02
8.434337395108835178e-01,6.763915489790749414e-01,5.249912924935109526e-01,7.607993016085511373e-01,4.720392554012109443e-01,3.297284629878070028e-01,5.558546926927747656e-01,5.333624015943334573e-01,1.974687878961864651e-01,5.173433791617024768e-01,4.925877282257577483e-01,2.370093298950114724e-01,2.016813192903261220e-01,3.402829152186049866e-01,2.722919064400919353e-01,4.020832764620827643e-02,5.029016338179209678e-01,4.609800574104043203e-01
9.279224296470737210e-01,3.820797836076782472e-01,7.584706400222229750e-01,4.898701089267869513e-01,4.309677211631945254e-02,1.391210862203740017e-01,1.401289540752788110e-01,3.252079622170057083e-01,1.594839935317600155e-01,2.008230582479743620e-01,2.277777777122832192e-01,3.607151675735391638e-01,3.847573690145550951e-01,6.385490767554952152e-02,4.956604014259211044e-01,1.519500362335679255e-01,2.606443813009073351e-01,4.838913729066450231e-01
8.982137964355056958e-01,4.689668146689054962e-02,3.172897650444266721e-02,4.460223264091873752e-01,4.732249204014155053e-01,1.508376693936196444e-01,6.275330640129790361e-01,7.553621440068149229e-02,2.442462088353085925e-01,1.560575753189248349e-01,4.967426070867032029e-01,1.573836137401060306e-02,3.267239454754679306e-02,6.644922407075501414e-02,6.282042980988871150e-01,3.555109514078301503e-03,3.744471139882403210e-01,1.720112263035465661e-02
9.467433547146144601e-01,6.698900968975689540e-01,6.062736881368278041e-01,1.691205468507234189e-01,4.276487947610140838e-01,3.063147489116000433e-01,1.005104902371634079e-01,1.021861690367428521e-01,3.040528617821297921e-02,2.863998004075734016e-01,8.182086752447619016e-02,2.916482372433364459e-02,4.338132041667901451e-01,3.338769206481195795e-01,2.108735751034475081e-01,3.177302153092229076e-01,2.211633087994897273e-01,6.637433724948919034e-01
9.371704037713909363e-01,8.973723739057203330e-01,8.909870474002827834e-01,6.457798877357326939e-01,2.326164932281874487e-01,2.101553691895593212e-01,6.048085920425543272e-01,4.436684734662630358e-01,5.823457922778659812e-01,3.213933761171868242e-01,9.244414122661778754e-02,3.346900359500843414e-01,2.925263190133199909e-01,4.315097533114988226e-01,1.223896236349590882e-01,3.122311972944752934e-01,2.238082369755253209e-01,6.471308822306580666e-01
9.204338750708458416e-01,6.058035906610518273e-01,7.807022266277904299e-01,7.555488802414085658e-02,5.346025273503280939e-01,4.890530850110343941e-01,6.410017687188749314e-01,5.850781992199248771e-01,6.308880757869246292e-01,4.507217605843955033e-01,1.858295526364315275e-01,1.084029737902258012e-01,4.951297708890725069e-01,4.673232735203353139e-01,9.663392632533598925e-02,2.701199274643702464e-01,3.563744238767805883e-01,6.296128587446535307e-02
9.307249347784604110e-01,2.385002332714153059e-02,1.465446300131394708e-01,7.066165176679332083e-01,5.490465982835331937e-01,3.315062934302139275e-01,1.988702172614251196e-01,2.127558169305519553e-01,3.741140004198794111e-01,1.375549763515555024e-01,8.889003041614548795e-02,1.315165363197552846e-02,1.026335662633850532e-03,2.054853806015724260e-01,4.779321725102868013e-01,2.584846866676692237e-03,2.415691893787835429e-02,1.123470024221599889e-01
9.414017982904621107e-01,5.819320024762720811e-01,7.356963975491378482e-01,1.076534313970518852e-01,1.421177657592014587e-01,2.007486367550570527e-01,3.775333184192984359e-01,6.961730063782392008e-01,4.719742971770152784e-01,4.541358447908555029e-01,2.426112064413544211e-01,1.753295564484161351e-01,7.569112453150486641e-02,1.739180439250718330e-02,2.625033498424387823e-01,7.061628270283655529e-02,3.661445075271502758e-01,1.606423301713276186e-01
9.076548457712253493e-01,6.546931774796880266e-01,7.576681414358379385e-01,2.108561095880273351e-01,2.879968925235536492e-01,5.831684606169707658e-02,6.066855157894476130e-02,9.602241475520033320e-02,4.305073640571278615e-01,2.701544672531045466e-01,3.039576037095549910e-01,4.594269251615368255e-01,2.361877239059951838e-01,2.984766440635190365e-01,3.100593499691663979e-01,1.121850563582289378e-01,1.865496080555520131e-01,1.903399015158652452e-01
9.506261955082863091e-01,6.551929383195780332e-01,6.232544251434247728e-01,6.369015170127457770e-01,1.735434445806541548e-01,4.642394427462137041e-01,7.467626115531869058e-01,2.304141754398646991e-01,2.551812131312157783e-01,4.064544518158615394e-01,1.109425760286529283e-01,3.727636441124512201e-01,2.228873021441129532e-01,2.116947904080377085e-01,3.606183198411881952e-01,1.317488494234529683e-01,1.486589157127032358e-02,3.447602537650250043e-01
9.518640097700883373e-01,3.882274732312153698e-01,3.311766645479123916e-01,2.358081779461625727e-01,4.224486400003300002e-01,5.550075911294348741e-01,5.088205868923474373e-01,5.644844564887463445e-01,6.688893997591466301e-02,4.238787145819618019e-01,6.234660201651694156e-02,6.694409890330656199e-02,3.211062505968539926e-01,5.446773918571932160e-01,4.681584099603989038e-03,1.296588971030045168e-01,5.356274274621370540e-02,3.261524697836859499e-01
8.997632265305161026e-01,2.685143482621218380e-01,3.725824593759569092e-01,2.430238532778402072e-01,9.248620965760361023e-02,2.653046604512948603e-01,1.251981417380464978e-01,1.627916669313529408e-01,1.903309584864158188e-01,2.352091345291452418e-01,3.508692950647007702e-02,1.663220006175237728e-02,2.341936351225212820e-01,4.297362825537604653e-02,3.920717139621670011e-01,4.809253998352733261e-01,1.154469022753598778e-01,1.225448126196193241e-02
9.092388255499792571e-01,9.586902968773217126e-02,2.415702959642931635e-01,2.604351054449086655e-01,6.704110260495638185e-01,6.091601717282181250e-01,4.443774131355304191e-01,5.313360327059540866e-01,4.998650274894916312e-01,3.343079211621862723e-01,3.392024519211798705e-01,1.146179340399350322e-02,1.206959472438834252e-01,3.516033492387805603e-01,2.959898043155961833e-01,1.301859844821016965e-01,7.348917175625439002e-01,9.435260775907877706e-02
8.403358986228578464e-01,7.953696737265738559e-01,7.326436007936468764e-01,5.024568749859710248e-01,1.926243454128298560e-01,4.296390964640076082e-01,1.410392426261322385e-01,3.969606693680869380e-01,5.252167197012108657e-01,2.896166420825747601e-01,1.139505514177773515e-01,2.092899329214250870e-01,2.170939959031405742e-01,2.777326882252984519e-01,5.697022406190916932e-01,2.745475082659445398e-01,2.897449060519859398e-01,4.273047905260353163e-01
8.542744049222882330e-01,7.226991543794949457e-01,2.747402079265087171e-01,3.588992054614300597e-01,4.031884043702757547e-01,4.838226149376998464e-01,5.365848997791031749e-01,2.312235229490432753e-01,1.968506573838932350e-01,1.265079805808153324e-01,1.744198606677364594e-01,1.132103358590049041e-01,1.051541901933080586e-01,2.834221486616083086e-01,6.798746883120980744e-01,1.531692776278878454e-01,2.640291713762230041e-01,1.373594151136433850e-01
8.609778754803266709e-01,3.186090455996323234e-01,5.013598209867212718e-01,6.810917352766079347e-01,1.074682566017576002e-01,3.120751754543295564e-01,3.588112687846247706e-01,1.828049946395029213e-01,2.984788238136055205e-01,3.782002567527713299e-02,4.171503471947578534e-01,4.063434502813114135e-01,1.016077181880173930e-01,2.759087713316645263e-01,9.365921055712285448e-02,2.263568164048422038e-01,1.824736875197331687e-01,2.140283235963668929e-01
9.354287316561831211e-01,5.673575490031211865e-01,4.465064981110571929e-01,7.471091191823385769e-01,2.914199309388027306e-02,5.699781511280891527e-02,2.468802889739528106e-01,4.772536912224415451e-01,6.360968263631183728e-01,2.533025331444840322e-01,3.320033490432909573e-02,2.432516450475017411e-01,3.556969890210172625e-01,3.091219850768222588e-01,1.476380203555261172e-01,2.770858171736599873e-01,5.246294687048557170e-01,1.807862314692919026e-01
9.503530729343586669e-01,8.825874561770729043e-01,4.180302272779297668e-01,3.423344011461367242e-01,3.857558592323431790e-01,4.634050861302483337e-01,2.808268237883745910e-01,5.669672204454683229e-01,3.431421607727753731e-01,4.090321660044079488e-01,1.072579448828600915e-02,7.323362482257693429e-02,4.918936164894368024e-01,3.157167553490195511e-01,4.500865756346343893e-01,2.312771538082666611e-01,4.054121518802410451e-01,5.098262007681487740e-01
9.315881125113374406e-01,6.050648110186250817e-01,1.611413038660268748e-01,1.263557836133497037e-01,6.981843888616235949e-01,4.828449535213676924e-01,2.521590323981394155e-01,1.918032372275723929e-01,1.889414842261173677e-01,4.670385190774504203e-01,9.047075546747737618e-02,5.982174828877365735e-01,1.625324171537856910e-01,9.507090374345163186e-02,1.008782186792583635e-01,6.358883997119350873e-02,3.763465895856199506e-01,2.064483249680749977e-01
9.234863895628139252e-01,6.581874763017159236e-01,4.661139598685329899e-01,1.667760599740319705e-01,2.212264822140610765e-01,8.183466675818702241e-05,3.687451357559046183e-01,5.063495268286915402e-02,2.944604727959227453e-01,1.747406404118845291e-01,3.369535518283870434e-01,9.284360847310765136e-03,2.266729128600163401e-01,7.595441592271282016e-02,6.683633846949323942e-01,4.838534483771539385e-01,3.952331880346328097e-01,5.681056330526368381e-02
9.282549607367547306e-01,4.103237326995484713e-01,4.497447870326830022e-01,3.743626461688841500e-01,4.177835582820335070e-01,2.536115135741471294e-01,4.582074083753746585e-01,6.553248675036333903e-01,1.102273586896631158e-01,9.040025544657638579e-02,2.391189507943580206e-01,2.530610560150513971e-02,2.216684957105964637e-01,3.831496202457086442e-01,2.298588158718112284e-01,2.268224933798089760e-01,2.671069768714862680e-01,7.036260993262655195e-02
9.090063148335388865e-01,5.575249229584310351e-01,4.294327627371276046e-01,1.085146485712753378e-01,4.029036064680721618e-01,4.051402357491360462e-01,8.679389011516375207e-02,2.733406629892905504e-01,4.484827259731286042e-01,3.506300049004344999e-01,2.969817244790425720e-02,3.466946766593895779e-01,4.437730024085589364e-01,1.111415998520545734e-01,1.989591839085501079e-01,6.024087344319602882e-02,2.275557863368428135e-01,2.707363051030184375e-01
8.857261165807566172e-01,7.762361288300834161e-01,2.079817462915346249e-01,1.818059412589963231e-02,5.975708836430777549e-01,1.765462962002250780e-01,3.960840670181288714e-01,2.165588800158206040e-01,5.009962570410870786e-01,1.275648385110562666e-01,6.837560472727746697e-02,3.772862071772870030e-01,2.566402823675723033e-02,1.764596781703892114e-01,1.262539480085753396e-01,3.952075418934669626e-02,2.908534322411917561e-01,3.539918450265610028e-01
9.054577131081213981e-01,5.119517673582503203e-01,7.722979514046797167e-01,5.890063323885535995e-01,6.117059096326058487e-01,3.536633744321581729e-01,1.178120730031564090e-01,3.554505495372822788e-01,3.187821895456628973e-01,2.833112867286148862e-01,2.077752484123125340e-02,9.414011714970488276e-02,1.195716792770824266e-01,1.758358337987691034e-01,1.692927986065045909e-02,3.618927137039766873e-01,1.170142690369255778e-01,4.801073894502634501e-04
8.654161017395674005e-01,3.182187439872760093e-01,3.774478193083110611e-01,1.447365043278756591e-01,2.448254062546221521e-01,1.319015480199366153e-02,5.764404082294604104e-01,3.949367357515029542e-01,4.054631034268605938e-01,3.832990544309762271e-01,9.913040872299604123e-02,6.387905396599714153e-03,2.584244606596315386e-01,4.968962279226453727e-01,4.605449365246275240e-01,2.903129628541808657e-02,6.420340706742171388e-01,8.674982069392846162e-02
9.476001854729445562e-01,7.116875333809324911e-01,6.401038725388333295e-02,2.296390497980284329e-01,5.473190196760236992e-01,4.499223450578839212e-01,2.703587238987895658e-01,7.605438463576667807e-02,3.619558848302009135e-01,1.003983803649842049e-01,1.760427767153091572e-01,1.331081779446648128e-01,3.541012585971457516e-01,4.116082103668195491e-01,2.866242243483814733e-01,1.227866536705004424e-01,3.937528945401468361e-01,3.747207091662571599e-01
9.534330084357724999e-01,3.498795537094111507e-01,3.274837096231743572e-01,1.804513104316764482e-01,8.042708439976840040e-01,3.273621889898801762e-01,3.445758141838538013e-01,4.028069491554102377e-02,3.564418819489040824e-01,1.697908766647842904e-01,1.442773206332183256e-01,3.680908314599860010e-01,1.214569753272680130e-01,1.296794085778183369e-03,3.501474695591785258e-01,6.149994140880135629e-02,6.614073856383416439e-02,2.690973038705117837e-01
8.664183672419352167e-01,7.433528111036055153e-01,1.790470777320143925e-01,1.692706478042672325e-01,3.595234553998812310e-01,4.924703684290041572e-01,2.155139415834799732e-01,1.198368691876485065e-01,5.292200167411096334e-01,8.829060338149792575e-02,2.668911709167561819e-01,3.011675149173663746e-01,5.184790389934171850e-01,2.911235482151923182e-01,2.162517663019500880e-01,6.645935284051593395e-02,6.287159630350223904e-02,1.799214794389276603e-02
8.763453522666940776e-01,7.289823886741333414e-01,7.838635029468273840e-01,1.489107770165080426e-02,6.021792483295253240e-02,4.781448805655121315e-01,2.792990416244424678e-01,4.504658044181288346e-01,1.928194265119538009e-01,1.379138010455194024e-03,4.543370164274107559e-01,3.798378607913345806e-01,2.127992636550914141e-01,2.766299064602832924e-01,5.742144081478300910e-01,2.243454817361970610e-01,2.509883264150675197e-01,6.393702155144557198e-01
9.320197806095461557e-01,8.417201003942370585e-01,8.530866944245597550e-01,1.829497671490086241e-01,1.387137969600189943e-03,6.427227558791395179e-01,6.364628202800008960e-01,6.104482834334005181e-01,3.184145926842676388e-01,4.540895403101108951e-01,2.239373217178531814e-02,7.652859500454980979e-02,2.309180856515158919e-01,7.478786385913577250e-02,4.555499953394290258e-01,5.013568180389398055e-02,3.740902257187878749e-02,8.584108864393728833e-02
9.266587143233165902e-01,5.765487169850561644e-01,6.249220834124221691e-01,9.263145940919902399e-01,6.214173898597472601e-01,7.738496350192591855e-01,1.233594757955639720e-01,8.287322653004290940e-01,1.602524392784077656e-01,6.807665038955085235e-01,5.862374747481972209e-03,6.228592495448215249e-02,4.669797369605122594e-01,2.346152762978840345e-01,7.455995326845110682e-02,2.255764308919238070e-01,9.941156014052693335e-02,3.297358664355455882e-01
8.102861171314683641e-01,7.937836529862187795e-01,3.085599815159696391e-01,1.005252708579622567e-01,1.469595389561457743e-01,6.662256654365075748e-02,5.239339068968502239e-02,2.902061759965365306e-01,1.190049986508637664e-01,3.398872098053867807e-01,4.217867607386497492e-02,3.640393197087127830e-01,8.806811401306261985e-03,5.252992467746975258e-01,1.699152552526279891e-01,2.484458252169047809e-01,7.486767629513144118e-02,5.720749261939599428e-01
7.698134363118378509e-01,8.525973330328004973e-01,8.286677609541585054e-01,8.568224746886251575e-01,3.539588893789787361e-01,3.547367315127847309e-01,6.894970933969598592e-01,5.906919663042343727e-01,1.033360576118266400e-01,2.058266136322977891e-01,3.776930764662363993e-01,3.230924623633167347e-01,3.432682712948032511e-01,2.688124510208400597e-01,7.953921901473605394e-02,7.814364419577643495e-02,5.212222085247771863e-01,2.155886862519988401e-01
8.713137669517805328e-01,4.227163893514086501e-01,9.879590799946386115e-02,4.919321907545513017e-01,6.057757201450336693e-01,3.510458199056536444e-01,1.079648123708331631e-01,1.299154840401281763e-01,4.432433938200296408e-01,5.774828030577484617e-01,2.497690510175782502e-02,2.405443840384188792e-01,1.232347200477068444e-01,2.081065863568290764e-01,2.518495626972835355e-01,1.428228943752605784e-01,1.184619842690717295e-01,1.093261998001321955e-01
9.400971626684423432e-01,2.680732700059942908e-01,3.378695268268828156e-01,7.233154576196297869e-01,4.240861480128474414e-01,4.888015035730423619e-01,5.384857963803922620e-02,1.799377576956772140e-01,1.787780496839043720e-01,3.098310555342724815e-01,6.175061789216035324e-01,2.841298650913012258e-01,1.335005036807041488e-02,4.399309356392690495e-01,4.530236845219517416e-01,2.868612484336448554e-01,4.217893409386360704e-01,3.800174864295162713e-01
9.658336088823846755e-01,5.051397100715239175e-01,1.948512169170315833e-01,4.559201055709417028e-01,3.665552516182595810e-01,3.304394967788939486e-01,2.720250280857057779e-01,1.677551035745896701e-01,5.069353547842982977e-01,4.260647016204337917e-02,2.628350753442625087e-02,2.340428312088210228e-01,4.769323116538427831e-02,1.780267841006286655e-01,4.471912810695057860e-01,1.301562462102172357e-01,6.683983537590067192e-02,2.306477555407654700e-01
8.773289270164900122e-01,8.148190025333783559e-01,4.379268834998224780e-02,1.074948976966253189e-01,4.358494078787255588e-01,5.606142616959094438e-01,5.099329662716693967e-01,1.716648486404748208e-01,7.749099937245706787e-05,6.168420431022820782e-01,3.689480593899107097e-01,2.618677011457152259e-01,5.961013925566154281e-01,5.979144779933837084e-01,4.111928179128623850e-01,2.501884758159604316e-01,1.367937585215720508e-01,5.637984324056687369e-01
9.348169336075479174e-01,4.716510424607839869e-01,2.751862227179706077e-01,4.601704148120941418e-01,4.455810726539827238e-01,2.350931875864950560e-01,3.226357913488296647e-02,2.255415119250177014e-01,4.426215140713933294e-01,1.204441563862158476e-01,1.930507948906226290e-01,4.365698053033392062e-02,3.444626987386569250e-01,2.265418473199630189e-01,6.538938767069538693e-01,8.390310933863508180e-02,1.247288930365461346e-01,6.701746304558366951e-01
8.817440351617840122e-01,6.468009824530411844e-01,1.246448243196138783e-01,7.010550834642978457e-02,2.103288115077005249e-01,1.713915205971836275e-01,1.348289050537630415e-02,8.108878264894493482e-01,1.356745051436119565e-01,6.147554317722232764e-02,1.876378110953091372e-01,4.127658131677507947e-01,2.147785080924662082e-01,2.574413434353253205e-01,3.553901486140320087e-01,1.059501306119553232e-01,3.744685019064951104e-01,6.692933476580503749e-01
8.526031049765200320e-01,2.009181838583115609e-01,1.694617282993198804e-01,2.895463849445732429e-01,4.553217713453450166e-01,1.314984088559627007e-01,1.464937116679312368e-01,7.960523334608139712e-02,4.428801148644999075e-01,5.652441329899475786e-01,1.343161826263075120e-01,1.567803811663986135e-01,3.314201396447928882e-01,4.856810353202186542e-02,8.882227526950209340e-02,1.382328375856793357e-01,1.402805857263321188e-01,1.397321431258293292e-02
9.426417231667559848e-01,6.273654314256587039e-01,5.823632245313460354e-01,4.845382987258218255e-01,1.946287917730772921e-01,5.900019713122360843e-01,3.235541536652009609e-01,4.347948687270133949e-01,9.811443066827112147e-02,4.760644493606370764e-01,7.602340252882403004e-02,2.455878935548910513e-01,1.534051009491764761e-01,1.657298165316264671e-01,1.458403425601838832e-01,1.174954195005656760e-01,5.103233103488764577e-01,2.199227802620823749e-02
9.073246262059950773e-01,7.247001236512142786e-01,6.359467875307921458e-01,6.524686366036582807e-01,6.636358671849329482e-01,4.014139812142215047e-01,2.525349714474499629e-01,6.258008452895569285e-02,5.741552987573387279e-01,8.851981821727859800e-02,2.963702432881315518e-01,1.570351240664467629e-01,3.289234012607539781e-01,1.459567040005085026e-01,7.116033697785673073e-02,5.443412476578155662e-02,1.253750171755018544e-02,1.983709407239684086e-01
9.625289071352602921e-01,6.433531032602645139e-01,8.454957169712769005e-01,6.501647163616979253e-01,6.231049862079293122e-01,7.471555259431644780e-01,3.117117302391329003e-01,2.492544011784853242e-01,6.865730526264567091e-02,1.278855416117938466e-02,2.427490103652355305e-02,3.497750234347868359e-01,2.699139070601953017e-01,1.948859132916478387e-01,4.196252835720952756e-01,1.160503985874986460e-01,1.649259495566309797e-01,5.129302336182075539e-01
8.763406477723344468e-01,8.413342292070625783e-01,6.958693925875296671e-01,3.926824974371487809e-01,1.444103013129801050e-01,4.634173905201132149e-01,7.833382344389178131e-01,2.777899065753732799e-01,1.431552973426968023e-01,3.058218800558992756e-01,4.124470363184671307e-01,3.497550161837006399e-01,3.618801460847727580e-01,4.174331051721812402e-01,3.448434787745422586e-02,2.465131689658333625e-01,1.369789357091622528e-01,5.353220181329306770e-01
8.986856997305852079e-01,8.809931887843004406e-01,7.809125386415380898e-01,7.279681366072873194e-01,1.953466393773159449e-01,4.271050747749433052e-01,5.054483506572944318e-01,3.712960964276931786e-01,2.467870481124996851e-01,3.825635164647629427e-01,1.973892515045833074e-01,4.295083634203394896e-01,7.066236849888137992e-04,1.667845706532805061e-01,3.239766385393502146e-01,5.127279760960697930e-01,8.579933730079240817e-02,5.441881062564005167e-02
8.494878578081025422e-01,8.687625252585909341e-02,4.853234892979959580e-01,1.333732910744108435e-01,3.694244892190988727e-01,6.007921400165850377e-03,2.159809043192888467e-01,3.393209000974810041e-01,2.702311630965819056e-01,1.174345571666468233e-02,4.737308970553023579e-01,3.964981713699584631e-01,3.466856689384597012e-01,1.450498650449811855e-01,4.426956468017150259e-01,3.185739309531052665e-01,4.969982173166055672e-02,5.215197638399061697e-01
8.456346025584865478e-01,2.392159455525265654e-01,6.725657922791684618e-01,1.930117529637675189e-01,1.934013508559679351e-01,5.139272757977526584e-01,3.952884965389197314e-01,4.575229506476070074e-01,5.757731491172507488e-01,4.933781375350781984e-01,2.510446080873938168e-01,4.997904535051266306e-01,5.566345529109840706e-01,4.587633148195958133e-01,6.056883512096297162e-01,1.073054847309592164e-01,3.056828237302668394e-01,9.136386601028877175e-02
7.787618105405426094e-01,1.329333449998798267e-01,3.628895475503281509e-01,4.707446126922373852e-02,1.849067585369907896e-01,2.885771176567309207e-02,2.216197721546009705e-02,1.578945187795920968e-01,3.454687320364873138e-01,5.280944525576507509e-01,9.576367409425416699e-02,8.023137421134539371e-02,1.058046115207512128e-01,1.282722680638080093e-01,1.692989345940736912e-01,1.609872932036390536e-01,1.697866579059402192e-01,1.900426874762195795e-01
9.259575232982308890e-01,2.257221945341917890e-01,3.679154566317464625e-01,5.538164475637746831e-01,4.480990918600702422e-01,8.031625711034282578e-01,4.515971406577621861e-01,2.904828077390146923e-01,3.866768458075396930e-01,7.760095030596603216e-01,4.777009988286301523e-01,1.752280537562201923e-01,4.236996628580848023e-01,4.369082417507055283e-01,3.390692215072635962e-01,4.922260051106510520e-02,9.015417133148871665e-02,2.301276694392441202e-01
9.141699610536553333e-01,3.018219482993167446e-01,3.639744264655686012e-01,5.692798952322963325e-03,7.568454090068014173e-01,5.758921426286551376e-02,2.329153068630983661e-02,4.036380751694938485e-01,4.926343372401570386e-01,2.698980241361164656e-01,2.151831754444847589e-01,1.761530734449448868e-02,3.822749183301420856e-02,3.185056349633524908e-01,3.237924907506105621e-01,8.131872338387467758e-02,1.059840790928955750e-01,1.920986144046479549e-01
9.558493080693629684e-01,1.267603064183230599e-01,3.413883598597732688e-02,2.179002534313652095e-01,2.857182835356924522e-01,1.865616527553274825e-02,1.994606153583084740e-01,1.843335417072439197e-01,1.198493614689660480e-01,2.924697593478354229e-01,2.651438493831573817e-01,1.096046809283731105e-01,9.176761949889941303e-03,1.535292573827998219e-01,1.604510448596823124e-01,6.757378144699545397e-02,6.553172996017545548e-01,3.100295175986085838e-01
8.796288429884284721e-01,4.492927544161375852e-01,8.792704151682079194e-01,2.176208834742830167e-01,6.445092051825983270e-02,5.634934871011194613e-01,4.599470091047851983e-01,5.635074475822947626e-01,1.936718659328673098e-01,3.390113350050119601e-01,2.391140797835600296e-01,3.868922758006913543e-01,6.327218216662511274e-02,2.161344637673941471e-01,1.730730466432411907e-01,5.435599598733037441e-02,2.215963666649078401e-01,2.731380315030886297e-01
8.152996117738928739e-01,6.101023989771052758e-01,7.549146916024036535e-01,4.669333374759774280e-01,5.223277355989723869e-01,5.131612576182492669e-01,4.649404449643446680e-01,4.556043532984524469e-01,5.133463129356106158e-01,6.866341638352100318e-01,4.582385865647589651e-01,2.500278633243056547e-01,2.145766875928325768e-01,1.792297404922919002e-01,4.189545213111117716e-02,3.940372227038468345e-01,3.340350407167896329e-01,4.804000821387389292e-02
9.557706076624854497e-01,7.957732497475106248e-01,6.038190781943607588e-01,1.303406622232974599e-01,3.607907837862547318e-01,3.586650289424558186e-02,3.077825515333726392e-01,1.488337075384255637e-01,5.004387571726871820e-02,3.691514538005396528e-01,4.759453465746678602e-01,2.605368545866599272e-01,3.090240067166997173e-01,1.853143961119373129e-01,1.531513601424976390e-01,1.113196641349871313e-01,4.752208676143628852e-01,6.118944576455298545e-01
9.263117020176134808e-01,8.637235701637311358e-01,7.641189480679996260e-01,2.703462183929623008e-01,4.576048224522258345e-02,3.240354473094468335e-01,3.044194976677451203e-01,1.129386969265580229e-02,1.177670980066716638e-01,3.264333538783831257e-02,1.466460774656288824e-01,2.373719832458424939e-02,4.733756515004031162e-02,8.751311274983775146e-02,8.756616858510385404e-02,3.624218629667819713e-01,1.735412495623226900e-02,4.753732328271426111e-02
8.594107839549369743e-01,4.407603591971560597e-01,4.410284504818819951e-01,6.906847778938030036e-01,5.193084782623352824e-01,2.886852150699060759e-01,7.001776340973012158e-02,4.191120036064618359e-01,4.712362201789715432e-01,2.547041838670917602e-01,2.394851092945375071e-01,2.119317504925407603e-01,9.130585748900650611e-02,1.561248032273598874e-01,3.786150979050652565e-01,1.553590586890014058e-01,2.459364402413171113e-01,4.320559957737925005e-01
9.307974350412941966e-01,6.762793271510051385e-01,7.068357075898898945e-01,5.108772354008608296e-01,2.915806658166984477e-01,8.139002293859005921e-02,4.377233926889522175e-01,5.539011158721853789e-01,2.918098030849315405e-01,3.402914021413238066e-01,5.514137779152575997e-02,4.635675663770417315e-02,3.595271937013092556e-01,3.940418395327917600e-01,3.800941840733981780e-01,1.235353639062070769e-02,2.301741718645216039e-01,1.768383338189143117e-01
8.571613148587702291e-01,8.794592937872630634e-01,7.964367998917190050e-01,9.505518820356025078e-02,1.789419694346524106e-02,9.184583274041802081e-02,2.768878622078572646e-02,6.537391110039203479e-01,3.568654465138311749e-01,4.458384436708053289e-01,2.331384356819961659e-02,1.643456696322417032e-01,6.680456961499973145e-01,9.719024106477593128e-02,1.652811405690611801e-01,2.768223302347962433e-01,3.486527678895039173e-02,2.915672597195039795e-01
9.533633541382352528e-01,9.040503227094053296e-01,9.394642806293813653e-01,3.471215904379016948e-01,7.488622496750793056e-01,2.684651130649015061e-01,2.811508491488359796e-01,5.122220425708486902e-01,2.059513684652519439e-01,9.866623354187543937e-02,4.785043591420478082e-01,3.368127573414128051e-01,1.813924814863858981e-01,2.933599121293195555e-01,4.515786389968559633e-02,1.219610338528081123e-01,3.620289523248180763e-01,1.232991298120387873e-02
9.426343226744307024e-01,7.931686745545727391e-01,5.474873088810421340e-01,1.234967790024111590e-02,1.820757195089608982e-01,5.437210574288008358e-01,3.776700830361835459e-01,3.203741543583344953e-01,4.198037507358440279e-01,7.693767968756853870e-01,4.693915402398532444e-01,1.923169367568353660e-01,1.898879402233873484e-02,2.865731759200199069e-01,6.258900217040049840e-01,3.257058455432362831e-01,3.283353594278918264e-01,2.016326926778631845e-01
9.590125295660788529e-01,6.805765777980833375e-01,8.033661732323166271e-01,7.030107497207308542e-01,1.160986224822908586e-01,5.080942033127509028e-01,2.891176729421085501e-01,3.830528037470871117e-01,1.501763972102748979e-01,6.417847879216038720e-01,1.178903136934656704e-01,1.319317829438925449e-01,2.330240498546903849e-02,3.591540060146974911e-01,5.852862163143734975e-01,3.989782757305747052e-01,2.953421396061113313e-01,3.137811058598480307e-01
9.144196740054009176e-01,7.981339051222869907e-01,5.853532823964822107e-01,3.885940806610407861e-01,7.513517485910177207e-01,4.450619657469246371e-01,3.286206518232647616e-02,5.694282704019319741e-02,3.395413253668495002e-01,2.915077552116231499e-02,2.013135873025813649e-01,2.112582249196906237e-01,7.482554817115132373e-01,3.055390522745656812e-01,3.689778189111206919e-01,3.826921262836329163e-01,5.277954920330485411e-01,6.764499692940547648e-01
9.300146329331663297e-01,3.043815984635403482e-02,1.374115319659960921e-01,7.741653916109244582e-01,3.539281549398001214e-01,5.850317650722617335e-01,5.555027456894973126e-01,3.194714727371276153e-01,2.845215710097865336e-01,1.034874089539663741e-02,5.262166976540784136e-01,4.609551150397252495e-01,5.386931272435185880e-01,5.142572612237618079e-01,4.189543504529221751e-01,1.913808039598789146e-01,7.937597024151419323e-01,5.007488775890517330e-01
9.330238643211559157e-01,5.052225072862559507e-01,7.414996162175113703e-01,5.176566331497904905e-01,4.420606661280571115e-01,3.881687944241382082e-01,2.988502448014961899e-01,3.166081232724151651e-01,8.991925915933854374e-02,3.706089129564364426e-01,1.200008465084265313e-01,2.999930822969097410e-01,2.892479741464099585e-01,2.006025664903422767e-01,3.439258627543698155e-02,4.614870430466876811e-02,7.740620703340192477e-02,1.384154699684488066e-01
8.751562081959115558e-01,8.014975686019822909e-01,7.832373350066530460e-01,3.975461562068597909e-01,5.929312024715553964e-01,2.974847941928589479e-01,6.146985105071792743e-01,4.733051953444298299e-01,4.501509977948415231e-01,3.474994566146247243e-01,5.880893285603850940e-01,1.269030292450480935e-01,5.289513201196589520e-01,1.047290691764596049e-01,2.626600769065383645e-01,6.234233754115513226e-02,1.359358629661124307e-01,4.356249482354798142e-01
8.372492358738454765e-01,1.981758164274663447e-01,2.066348350767083786e-01,7.421801553171248900e-01,2.395745624290998854e-01,3.305293870848680093e-01,3.230431279201695371e-02,1.624224685196734852e-01,5.807573544052965775e-02,2.599787267608386077e-01,2.550715039505845882e-01,6.558322677356924479e-02,2.632329804771358361e-01,9.963836005542883734e-02,3.851727143458079095e-01,1.792328087421156124e-01,7.076381693332284284e-01,6.013906060307181445e-01
9.229860805105646326e-01,7.373078225625374627e-01,6.651048952723972452e-01,7.198391288981002001e-01,1.358943467513182846e-01,1.883097385233385435e-01,6.358366999689389898e-01,3.801486395211048364e-01,2.871138383745014400e-01,3.835752353583932739e-01,4.187178324822197761e-01,2.588915412710848241e-01,4.638775390472495985e-01,5.690306759629427946e-02,7.548266067787702538e-02,7.259070380427931624e-02,2.925494160931234044e-01,2.240717241601488663e-01
9.176842544099933496e-01,6.900031653408736920e-01,3.096878736367285612e-01,1.909027684389983937e-01,2.149071639013956925e-01,1.125274393748551399e-01,2.507062314841992934e-01,1.975665935423003283e-01,1.430825022314408113e-01,3.529597986988221581e-01,4.058629086158769585e-03,1.756739822797913570e-03,5.308585058445029065e-02,1.985114726957826481e-01,2.367763901049396991e-01,2.196629286136936032e-01,6.060242242891722420e-02,2.119429964266439648e-01
8.718493358894340295e-01,8.837376559188455660e-01,7.676723206879226824e-01,7.621826739060341138e-01,4.751812187227703599e-01,4.405251254290942775e-01,4.568463948445797285e-01,4.243400083188308969e-01,2.109545145352727247e-01,3.622411471317451559e-01,1.328131325622448344e-01,1.219974640835677082e-01,5.882632211261141775e-01,9.655495963070080678e-02,1.301248466588952324e-01,2.548718955818417564e-01,3.127945747757010508e-01,3.368965568339551964e-01
9.297459970974438770e-01,4.553540794307889827e-01,2.636051836047641483e-01,4.850053761223163118e-01,1.071567395008004436e-01,1.953828926426115498e-01,6.263330539814657705e-01,2.181580143915106407e-01,3.524105947968333430e-01,6.080766341630685634e-01,2.670729837446182975e-01,2.266952792434453329e-02,1.073302598054650531e-01,4.319118547594366087e-01,2.866864449697767991e-01,1.320686450385740729e-01,2.238889840846297608e-01,1.145660157735101659e-01
9.280840434937075445e-01,5.733595207394388549e-01,3.767467170893674666e-01,6.703256042934364611e-01,5.554739394762245874e-01,3.495679700334857753e-01,4.993846730540648648e-01,1.404895230702454811e-01,1.122493971175865107e-01,3.833194431401238389e-01,3.330083863774225827e-01,9.184721249160283929e-02,1.904845627767399185e-01,8.692524590743228030e-02,2.806029233380422649e-01,2.468390684675250135e-01,5.967740946141000258e-01,8.557174815878183793e-02
9.596558056416736315e-01,7.355445943469889336e-01,7.949660868609789155e-01,5.144434601610073932e-01,1.919949420349990610e-01,7.726951766104179775e-01,5.606398321168154508e-01,3.961347022635347548e-02,1.139558010788479653e-01,3.791342893841722073e-01,1.631275248826805080e-01,9.073502344066891601e-02,2.197428644923679064e-01,7.387392376133430916e-02,6.746925910839940421e-01,2.980179729218410678e-01,2.980560358565479406e-01,2.689364169484920741e-01
9.383467966499452473e-01,5.581401044037131998e-01,7.355168795257766012e-01,2.253411033891367932e-01,5.485883875391137643e-01,3.742544737908928831e-01,4.783958996882451409e-01,3.707540089115511917e-01,3.620256532001471239e-01,3.335455180235861739e-01,4.701832503842809929e-01,1.687742333225453195e-01,1.347494161728358675e-01,1.869654097459647613e-01,1.627053283566652631e-02,2.626771700870954990e-02,1.589511450827472694e-01,3.392695217433904786e-01
9.529347338957318003e-01,3.549793870968615678e-02,1.748342249916626234e-01,3.807617722496334789e-01,3.276910765168103423e-01,4.284507882138581802e-01,2.695170690781650835e-01,2.427329609970286517e-01,2.623357959871186473e-01,4.726297286938440506e-02,2.510727087362998322e-01,4.104707737499178194e-02,4.100170949136170973e-01,4.991726911882838902e-01,2.639810434731332811e-01,2.288264531723305517e-01,2.548691554612858567e-01,1.266798775352955819e-01
9.373087376192740239e-01,8.176505233582918031e-01,1.218277148589108072e-01,2.399728517322068655e-01,2.405109805130985767e-01,1.091018177441263788e-02,6.561465449804303462e-01,2.944556219597760371e-01,8.061960278171882710e-02,5.365273910648722389e-01,4.760041841580538446e-01,1.674757730373902798e-01,2.495862439198062444e-01,2.968264126615859366e-01,6.669071972060817977e-02,3.630489459573166960e-02,2.305949722922986667e-01,4.899821324475903128e-02
9.362636789340368360e-01,8.798024522425046401e-01,4.401625290980624716e-01,4.775924227945811951e-01,3.208879788607015282e-01,6.083631623572214459e-02,2.707504318931526210e-01,5.019348196921343819e-01,9.196939777242137126e-02,1.230926279602470976e-03,4.494935832047798896e-01,4.269410029901939407e-01,3.331322648929728736e-01,3.124418684693003323e-01,6.688067278517118019e-02,2.125813179820547072e-01,5.027109232498596647e-01,1.779253173000049093e-01
8.936924230923007917e-01,4.594690246137407841e-01,4.221177026995228676e-01,2.265131359785858278e-01,3.012905279630647137e-01,2.650658645749600154e-02,3.282560732957202632e-01,2.742288658567941240e-01,3.975531502331084432e-01,4.930183024647182277e-01,9.037347888458908962e-02,9.230555982369209600e-02,1.761431830005702470e-01,7.459050758254912594e-01,2.638586117152710853e-01,2.440846822839858390e-02,5.912135035897113644e-01,1.521235640521031163e-01
9.636774044147049523e-01,5.699187690569006426e-01,6.068832878420666876e-01,4.284443358661963464e-01,4.041082182758435337e-01,5.156036370766635679e-01,5.696773745090586566e-02,1.163258305466872422e-01,3.412531989390624743e-01,7.132584444588684069e-02,2.469831365855487404e-01,1.076151334643344615e-01,4.515756830196733240e-01,1.092789164667318791e-01,4.186797880788472592e-01,1.199342951631763021e-01,5.205548574830711761e-01,1.737042102132176635e-01
9.186333051817370254e-01,5.913149509912429824e-01,7.673419185853227464e-01,2.446038604203863431e-01,6.017966899697961836e-01,3.167811354095273479e-01,7.050320635718437812e-01,4.630138292146299128e-01,4.771484904735855126e-02,1.537535131000142621e-02,1.679478710497336602e-01,7.217073841458584993e-02,3.338349618764170912e-01,1.597326020750394759e-01,3.566726917223413951e-01,4.304914527337234953e-02,2.362666193885625682e-02,1.113748165805947127e-01
8.680120036628029556e-01,8.170525899845036966e-01,4.317840885641185955e-01,1.557347417329300043e-01,3.330079000196600747e-01,3.144724893286930945e-01,6.871304198920816786e-01,4.801844395599193238e-02,4.069179420594790098e-01,2.227134196664072932e-02,2.214454132338357084e-01,2.564677396748223370e-01,2.353875409629324067e-01,2.654184929719562991e-01,1.329510089581834864e-01,3.796823250260660809e-01,3.664344009668865643e-01,4.492271601671068049e-04
8.979930460637519651e-01,5.609234747626544726e-01,6.489311337222851694e-01,6.266700485839338253e-01,5.101653122685914088e-01,5.241320828460135361e-01,6.639080538074273452e-01,5.410833043331149117e-01,7.194410329192760800e-01,1.723119276444304571e-01,7.754270088762403590e-02,1.071673438478018417e-03,2.331119883219827660e-01,2.402451256006705449e-01,3.066807382678055083e-01,5.004473956201498791e-02,6.232116498432500595e-01,5.257910750632969199e-01
9.113433651256999113e-01,6.393384124321406237e-01,7.429987236577612064e-01,3.307140107579848998e-01,4.551831176615062646e-01,3.488099422831821006e-02,4.409727350571253646e-01,4.238599890452789398e-01,6.329379295655976900e-01,3.879486474061126788e-01,1.192186746631715248e-02,3.595842329962406492e-02,6.084201321821527397e-01,2.306276412889036731e-01,1.164103197559304831e-01,1.768572765481788434e-01,1.283046312819448309e-01,1.776838776983803436e-01
9.570387334763813536e-01,9.250749634700790036e-01,7.116252690288733529e-01,4.250296067054762372e-01,7.569510060351501979e-01,1.511201831959435860e-01,2.314940699811327274e-01,1.105023675406272415e-01,2.033499253960419639e-01,6.699859752368206300e-02,4.155622571063875559e-01,7.198478202803476611e-02,6.306313562825517638e-02,3.575416465772703889e-01,6.376141822045846563e-01,1.569498710556627430e-01,1.888220093196283367e-01,3.695702175572003201e-01
8.999976875918980213e-01,8.705571413555693860e-01,7.664789609177699026e-01,6.343966207406899205e-01,6.917381111390963344e-01,2.127472752536909706e-01,1.264573557261570169e-01,8.849701548212796087e-02,5.694293808562940484e-02,2.980116142995136580e-02,6.542700068150830717e-01,3.439315632862423311e-02,1.945984020910421913e-02,2.322816135531555748e-01,3.587368801973568888e-01,3.985447254384045374e-02,6.392791546967792060e-01,1.157813012147625165e-01
8.343010777355773788e-01,6.740178675060071178e-01,6.412238701980471633e-01,1.477412996894027497e-01,2.021939348060602590e-02,1.631539310607673862e-02,3.585162697171040413e-01,5.106604241179690806e-01,1.000858805308898897e-01,1.938748732273885556e-01,2.537825533136965350e-01,7.902515480660246561e-02,4.620561030819633208e-01,1.926939863418722643e-01,4.437394132003846109e-03,3.559417412275328596e-01,5.534589572555179138e-02,3.876956024076455010e-01
8.156679451168551420e-01,3.052779322329034484e-01,6.037591839405777316e-02,1.183372228599043896e-01,4.413490880953904738e-01,3.588069564510535936e-01,1.488042678670790930e-01,7.731798103676883194e-02,4.563087563328259710e-01,3.784510463569414757e-02,1.267254340403975166e-01,6.252669516138108508e-01,4.001034301433949447e-01,4.655087129992828143e-01,5.437675767976795083e-01,3.606278815974084395e-01,4.187905394622939981e-02,4.247422188814437560e-01
9.267446323427603883e-01,4.553086115494939246e-01,2.382671663673749940e-01,6.052471337696188058e-01,7.977365621505866367e-02,6.609847865363935315e-02,3.743342250099207513e-01,4.997553447914872549e-01,4.769658566792429194e-02,5.983519510006900521e-01,1.303685531312545609e-01,2.538167325423123510e-01,3.731221151059047059e-02,3.538219626963538533e-01,4.655611939177327074e-01,9.971057248153351871e-02,3.304030115997740880e-01,4.660224040481646401e-01
9.115066000846394623e-01,8.354188572200176299e-01,7.095324810539140881e-01,3.281418925382257878e-01,4.961266347901335805e-02,3.749287775513105991e-01,1.604338154894935642e-01,2.759645046640200883e-02,7.016197884450283695e-01,5.045060448151172938e-01,1.408891023580675916e-01,2.608399550288500457e-01,3.579768409855756950e-01,9.081889812640903115e-02,2.001120402151460032e-01,7.249881158618716459e-02,2.370530527826421041e-01,4.680809113344895356e-01
9.249892124014864603e-01,2.705695027778824008e-02,1.156542706068302701e-01,7.502000336831791127e-01,1.847942409845354517e-01,3.214460589478873587e-01,4.987988313375378291e-01,4.742933614672601439e-01,4.499973327371879495e-01,1.398204832902410766e-01,2.028259548342595531e-01,3.138026597217001834e-01,4.004712860929222906e-02,2.161052479749567962e-02,5.513068938853313110e-03,4.986405234629687211e-02,2.016198273652258233e-01,1.040020784970154266e-01
9.339267496145308156e-01,7.476918751252217277e-01,7.129410510336762208e-01,6.816818280703539346e-01,4.604324987438764838e-01,2.892668644203525569e-02,3.459666152288228824e-01,7.884897137822749480e-01,2.998458665596934747e-01,3.581900588121790241e-01,2.818901103047258272e-01,5.429513360321649440e-01,2.148294760716109308e-01,3.667039000900372270e-01,1.703123671898698621e-01,6.547734148372438834e-02,5.867748403765816745e-01,2.127286265029673940e-01
9.666089004444390342e-01,9.126037725837837788e-01,4.662978139299779889e-01,4.661967129334160936e-02,2.015236323947515729e-01,1.023983207058033751e-01,1.524190245180103431e-01,3.356719821985412744e-01,1.870800262637384859e-01,5.444182465682895211e-01,3.982227957985315370e-01,1.825861939158469893e-01,1.111820924600784299e-01,3.925748628229814852e-01,1.209137505457301559e-01,9.135163919875106953e-02,2.224695429480364195e-01,5.141953525357578075e-02
9.304907662339682028e-01,3.616195632925836567e-01,5.256085824364606918e-01,6.385922944318596084e-01,7.293699819270750284e-01,4.333104582601316479e-01,5.633761653384867785e-01,9.821112148273519749e-02,6.808885748517229386e-01,1.554976018245974589e-01,6.747306209502455798e-02,4.489176003375631718e-01,2.560267614945169745e-01,3.157902864642943008e-01,6.919867374855738218e-01,3.938765750563337220e-01,3.613792532444038419e-01,6.431605911873310155e-02
7.360446319748931154e-01,5.956088863588973603e-02,2.804595483098292208e-01,2.280466223016642535e-01,1.995483536754061038e-01,4.135186582737455097e-01,1.420029032756930931e-01,6.241030614651759123e-01,6.950918386674155569e-02,1.483464597250825079e-01,1.102846272506595726e-01,8.469405185809185041e-03,5.073203343828543987e-01,9.141122189686548549e-02,2.846958599790207489e-01,1.321469396407139174e-01,3.349578695392204652e-01,3.371311219753514998e-01
8.799201964223030137e-01,8.579967821424268060e-01,4.183935043268893761e-01,5.178601172879808701e-01,3.980530448859191939e-01,1.102275721656158086e-01,2.859550948205801246e-01,4.004089654964499423e-01,3.551744869756669476e-01,6.661853033573971183e-01,4.906031823322663521e-01,5.464444552590675963e-01,3.895694781073859303e-02,5.161964792171132022e-01,3.765910056699785513e-01,5.750977212237981528e-02,3.645043833123410848e-01,6.105484477483882344e-01
8.988584254881091251e-01,3.305392164539069097e-04,7.461198043230257704e-02,6.177347929270227134e-01,1.025282735534332468e-01,1.668823351465454075e-01,3.866615719250237060e-01,5.539460179066406642e-01,3.103409532174495888e-01,3.562644844804487843e-01,2.164206225830893060e-01,9.734819132032383748e-02,3.664403978571283971e-01,6.151362284473189945e-02,4.168252808431906486e-01,2.365779283962776702e-01,2.286676114567336715e-01,4.526487963724042940e-01
9.032590348495308508e-01,8.435556579491495510e-01,7.575602214122417744e-01,5.991054210598296681e-01,9.700999676326063637e-02,2.532401020108547840e-01,4.693866541749801002e-01,3.925782436020004984e-01,2.402693799109228145e-01,2.413020715814873096e-01,7.362287166786006531e-02,3.202157685810382015e-02,3.152947041686764984e-01,1.137224316846372069e-01,4.031684789956594545e-02,4.432398810736191269e-02,6.429589161525929297e-01,8.305920507937138153e-02
8.535907597038712158e-01,8.557321250630440801e-01,9.137337897861722569e-01,6.556317927892778563e-01,7.405508562086341451e-01,1.406565706913840419e-01,8.681907594926460692e-02,1.143896653067334734e-01,7.984075849244502698e-02,2.096541803542093796e-01,3.774945847823450440e-01,2.328442038126659480e-02,2.824538898318281199e-01,1.715225304573040621e-01,6.364746867577818490e-01,6.952356412081969750e-02,1.766679415703736877e-02,2.797884480276333630e-01
9.096764966116805962e-01,3.711658847830163199e-01,7.152389100753773210e-01,4.274588601383145225e-01,6.614745490606812606e-01,5.149062178398245981e-01,4.290723457418271214e-01,2.790919447640017106e-02,1.888596834993407636e-01,4.884114675635663483e-01,3.564337320397430453e-01,1.188773984161355796e-01,1.473262800160509978e-01,3.326213040087321743e-02,1.821773659765654474e-01,6.444645093055908491e-01,3.890767837953176822e-01,1.734655403768676774e-01
9.437651582514886561e-01,8.763204709151030114e-01,7.605418753433536017e-01,1.391786852295547883e-01,2.409537746476010656e-01,3.256513421872554992e-01,1.036941270549145699e-01,1.034734868187643098e-01,1.278575942848244607e-01,2.480297001449423278e-02,3.174436210608487241e-01,6.479689667322091617e-02,2.873155756619494294e-01,7.916730686266440498e-02,1.765822290934365157e-01,1.817514047560193913e-01,1.612195451700040513e-02,5.167202894346738518e-01
9.263789015839174468e-01,5.939828923607983757e-01,6.063414069561033903e-01,6.031189783078901856e-01,6.967168208697377407e-01,6.362237673866815157e-01,3.939180063357484302e-02,4.932537106551040385e-01,5.402532412039956489e-02,2.485739365611848994e-01,1.953479093639994002e-01,1.302904264494278153e-01,5.569571640855560529e-02,1.046613957914097059e-01,6.035344969170791142e-03,9.618053067038058457e-02,3.533280294218283379e-01,5.590025786023979926e-01
9.526182165853241957e-01,7.726015708725847420e-01,8.524081417673765593e-01,6.094568596208790323e-01,4.231382193847690876e-01,3.752156685095368038e-01,3.499839233423491236e-01,1.280069840380901880e-01,4.916153191835673231e-01,4.767612407293753130e-01,2.286519179717546035e-01,3.073347941413450551e-02,5.129450418174050785e-01,4.943837905153782297e-01,1.845284778099882672e-01,9.964781258289806889e-03,1.699858810082444105e-01,3.901009014252438400e-01
9.096568728280800542e-01,6.799251115474754803e-01,6.386739588508122401e-02,1.431798735809120156e-02,4.180140303157417470e-01,4.401829191196138802e-01,4.056081601692901328e-01,2.704374742295166389e-01,1.050218910317561871e-01,1.840864855131366107e-01,8.715885896776055797e-02,1.978194012669617641e-01,2.612195387637124555e-01,2.358037431612051149e-01,2.132535742754714317e-02,2.749552980581964623e-01,3.828757433355992057e-01,2.450256788385381523e-01
8.806211326352129110e-01,7.565643629796616754e-01,4.874638455075595012e-01,1.766691984376613511e-01,1.062261091505502797e-01,4.468726071094861751e-01,1.604239079758103537e-01,2.341634667774664391e-01,5.388775124435938313e-01,2.864551310152724239e-01,1.546748662862517665e-01,4.067063503397472801e-01,2.827251134468751204e-01,1.462673268350535294e-01,7.370763307041409140e-01,2.003239792803931663e-01,5.650737166991797178e-01,5.040176498763231372e-01
8.607470541429467215e-01,6.463791637643053756e-01,6.223840569352707686e-01,5.233111235398558714e-01,4.263114253699555323e-01,3.162053466745250452e-01,1.671280252488890894e-01,2.011578408592795408e-01,6.031851053779616056e-02,1.145423978710516377e-02,1.701586620019612528e-01,4.062771241703277414e-01,2.934299049997850239e-02,6.262318109146017275e-02,3.643373860878346138e-01,2.358129860626296745e-02,5.172009587626750365e-02,1.284851599397610344e-01
9.245693884008920893e-01,6.983005889804938526e-01,2.087739042524030531e-01,7.282000841819763481e-02,1.773886214709405329e-01,6.472559028890784161e-01,4.951337325195528383e-01,1.510434076843033546e-01,1.930732651716161319e-01,4.391073229745476314e-01,2.546237055725262266e-01,2.314025159621981298e-01,1.445959342357551816e-02,9.366568672156530551e-02,4.400626592554731653e-01,3.283257597103019787e-01,2.605619932320673571e-01,1.792241726293388182e-01
8.829153835038615616e-01,8.430381412740336478e-01,8.451963963801207846e-01,1.010047584136688215e-01,2.180854946418021301e-01,3.210411268344838254e-01,5.302709611720205496e-01,5.315256109773830451e-01,6.319982900536464943e-01,7.030924822977266397e-02,1.616116643876248649e-01,7.686618106486917124e-02,2.929625633717522493e-02,5.617151820571689713e-01,3.060102396741955569e-02,2.695910931002911681e-01,3.170354725641669202e-02,9.805098717816490561e-02
8.828986991521232675e-01,8.080558654587214340e-01,1.776341530391685464e-01,7.305500859869008823e-02,7.505679644005908147e-01,1.921169186304664545e-01,4.298175683775522921e-02,3.020096259091871183e-01,1.327572384638021907e-01,5.674337186678302114e-02,1.558984824559922489e-01,1.975518562164443048e-01,4.184958225245502539e-02,2.116729680880765074e-01,3.435341742461948122e-01,3.388720188395603627e-01,3.719494044523206575e-03,3.325754490644103334e-01
9.156172698122136966e-01,8.259160665904897725e-01,8.631476660618341290e-01,6.564141298852052553e-02,5.592761610026821817e-01,6.281022959990947840e-02,4.990127835393019518e-01,5.263788117913124065e-01,1.628724896236281583e-01,5.338529788102001072e-01,2.585150052780976412e-02,2.042649832525020026e-01,4.325648939176929830e-01,3.667288465027459532e-01,2.586929946481304476e-01,7.980349599119582193e-02,2.971471085592453099e-01,2.548313076959035292e-02
7.725087336935797522e-01,5.928633267321822276e-01,2.192529109543492616e-01,8.384853141462401960e-02,4.221042566534548013e-01,8.070168797014128093e-02,2.102491824349086436e-01,4.246063490719676481e-01,1.978475644064759953e-01,5.042987409831851675e-01,2.737132985138033270e-01,2.308361688567789338e-01,3.958300878714818838e-01,1.008127125253745898e-01,1.551063120314624122e-01,1.891654777451402536e-01,1.375494093648913785e-01,5.093987243112750862e-01
9.537862062277334685e-01,1.594132486087241896e-01,7.449619403161792386e-01,1.152400971746917607e-01,5.777272407520107622e-01,3.126000792161886532e-01,5.993761940145863054e-01,2.365558925628177545e-01,3.751392629055616545e-01,3.960508266413210743e-01,8.354501391235630292e-02,1.608120794810331267e-01,7.552267085904978972e-01,6.259417677595671692e-02,7.798149746761992573e-02,2.485845018426796893e-01,5.844338362856145164e-01,1.678787082228499761e-01
9.667044744276618307e-01,3.381164988234753310e-01,1.636900305789407706e-01,6.856054156943806044e-01,4.074176328992393237e-01,5.059786514676432034e-01,3.103559112392356711e-01,1.035046694763226000e-01,5.488151748548025788e-02,3.644911805391933268e-01,5.156367948959834635e-01,6.563665388731177996e-01,3.243991732538535344e-01,3.974020199472624859e-02,3.953083870222962037e-01,1.076790451493397915e-01,1.492117388674294998e-01,2.002111222602403207e-01
9.369862826232990827e-01,6.429737576991634285e-01,7.313012262518608919e-01,5.659575618527250274e-03,2.283970773297099369e-02,2.459475384242486296e-01,1.753911043761310906e-01,4.428720904781092982e-02,3.627546614651883661e-01,1.327231703590868624e-02,2.309388444742309088e-01,2.402297027935365870e-01,3.166500039677533906e-01,2.143198791547767934e-01,5.697960360932240453e-01,3.064970519424609421e-02,4.277930483279223650e-01,3.088700572082511142e-01
8.959901390669314791e-01,8.318080163454963927e-01,5.352019624809667420e-01,6.752968017048893712e-01,3.871886689409936855e-01,2.984759449845208468e-01,3.054064394178716557e-01,3.868353363941610251e-02,3.772868057956023091e-01,3.263416845681195444e-02,1.131952442915232365e-01,2.078388793860951878e-01,5.133663476410114113e-01,3.263016489150022958e-01,4.094557422064468710e-01,4.221433743504894309e-01,4.445595730413696989e-02,3.802940027651035559e-01
9.064504957851063915e-01,4.442107246002033327e-01,6.839065234512087255e-01,4.817326875385940510e-01,4.466239655668467479e-01,2.083574546136034433e-01,5.490753842018158970e-01,6.715222607383272146e-01,1.366150752805011803e-01,3.607873174465364707e-01,5.704334588006799711e-01,6.407517180534787471e-01,2.697529115132030197e-01,4.014937919273486311e-01,1.006779767263888403e-01,1.660167364490057473e-01,2.230548925900332768e-01,3.556075823786075674e-01
9.432703002661454450e-01,6.958382953782110691e-01,7.281421925643231097e-01,5.399187352652616845e-01,1.764817676147148184e-01,3.049255611168170121e-01,2.922423550041833851e-01,3.065037903041261669e-01,2.628000818696193952e-01,2.014514707261383653e-01,1.475084675762591557e-01,3.322733322458157890e-01,3.950756867618074319e-01,3.317804278446639943e-02,1.947766511905732467e-01,3.620885167549737771e-01,1.178985443089989038e-01,1.421776859265957982e-02
9.111833659439899646e-01,7.914601950317843304e-01,6.094030237439519437e-01,2.025093853536740485e-01,2.563827967644733974e-01,1.594374304378883000e-01,3.362710500703255390e-01,4.115796676713415758e-01,3.667468865538662248e-01,5.181378975297661338e-01,5.323729141279860411e-01,6.530274393825516444e-02,1.996959145464528296e-01,6.048202536995524875e-02,2.233964399365229517e-02,5.061491237495362450e-01,5.692155160825218552e-01,4.333718060177954023e-01
9.306476113464221545e-01,5.194890222658610224e-01,5.786275650982954932e-01,6.034044570416700060e-01,1.369402786150371032e-01,1.828447416807684259e-02,1.441418793480757354e-01,1.286577704402467603e-01,6.028384332634923425e-03,3.215098307411331513e-01,1.777592685776277492e-02,2.178054216648152297e-01,3.114939187375195262e-01,1.853321933963784571e-02,9.201690333079444450e-03,1.906494931978136576e-01,4.797066208382673447e-02,7.110421414830639386e-02
9.399201902767730932e-01,8.807415014920928487e-01,4.001515342102212602e-01,1.664167539532443174e-01,1.123999448235415456e-02,6.204441362872471499e-01,7.304579100993918717e-01,4.767440330340329546e-01,2.078510316889584653e-01,8.524568298440474146e-02,1.942280717028150860e-01,1.853961124821082718e-01,1.939323131168949332e-01,3.655374760157408236e-03,6.356333361642377833e-01,4.939644118716338822e-02,6.415218908232450494e-03,8.530249745791304017e-01
9.542153165920651547e-01,2.159017279946205403e-01,2.314816691452293296e-01,6.359123808885418505e-01,3.766748890292781482e-01,1.843260698393665853e-01,3.354720325533105951e-02,2.693749645099202672e-01,1.715726813651147903e-02,2.428487354708274981e-01,3.782701799741368109e-01,1.504256977758902658e-01,1.694861858755438988e-01,7.099821361812470692e-03,1.787174370480838492e-01,2.087094644784388484e-02,1.113894131806261178e-01,2.655807370687744418e-01
9.075792760646669288e-01,8.125144378044053539e-01,8.155906239002481684e-01,6.451735272860840142e-01,1.252005446619995632e-01,3.366630782582353820e-01,4.552206224333217865e-01,5.494316572757541595e-01,4.539331144636608029e-01,3.444303365586613430e-01,3.616148360831566433e-01,4.507267557397151569e-01,9.772489754343047230e-02,4.060059239960720628e-02,6.819461863990022854e-02,1.417203575240937319e-01,8.915897969346738006e-02,6.571111997770801016e-01
9.615518346973147557e-01,7.053642042411361057e-01,4.671620662042799133e-01,5.123605820844300274e-01,2.558155859814043032e-01,3.443852568463225995e-03,8.137896719346866536e-01,2.638938997796402286e-01,5.587669753789227534e-02,4.182425876795617392e-01,9.215299295354476006e-02,1.929531450574456797e-01,5.182976492013329217e-01,1.216921528897346449e-01,6.547588959778120055e-01,1.298839777256074850e-02,2.639152088188355116e-01,2.201266105820313609e-02
9.103070025787671771e-01,6.861856944873567787e-01,7.850817534583878210e-01,1.607831561483628047e-01,5.861367367539402047e-04,4.635345118003182385e-01,2.043544713319771222e-01,3.159050206970676067e-01,5.100092364117162491e-01,1.593121819147073626e-01,3.320403442074494338e-01,6.814788052059171930e-01,2.973058829708934425e-01,1.880350695376834663e-02,4.462874862376649543e-01,5.171743258661778420e-01,4.194028792306074838e-01,4.438447101111880899e-01
8.461656427957379156e-01,1.295626943342811921e-01,4.158669285703751606e-01,2.951034182432702435e-01,1.490354335600888314e-01,2.704345689376813078e-01,1.785238320316893945e-01,2.503860810456376984e-01,5.353642922923734782e-01,2.217968173098011919e-01,5.393203954191734539e-02,4.903695969779955921e-01,1.710836295987934463e-02,1.024013080189825342e-01,1.604007633524180410e-01,2.249410244288386207e-01,1.861764055776765625e-01,4.176744932062318449e-01
8.834180660193303725e-01,3.544422941166387453e-01,3.658536402595768955e-01,1.283682757364065785e-01,4.633398221748810664e-01,2.119367367312124939e-01,3.156048009016146350e-01,4.410445727712991038e-01,7.474873500638921919e-02,7.106834955178173985e-01,2.207902670702968084e-01,4.298280689736880267e-01,3.854067303241726639e-01,3.767422490101792788e-03,3.268516698969797796e-01,3.459437301395394959e-01,1.546049389922621031e-01,7.554387293470055109e-02
8.692532701722113231e-01,8.907796700672501178e-01,6.241277473222802685e-01,3.259861406682505996e-03,1.899312875009658286e-01,2.324229166550136338e-01,1.083874300150942382e-01,1.316304493977931422e-01,1.835992642085401139e-01,2.764577050506508149e-01,1.622722449061234085e-02,6.744091557542939430e-01,1.877389873035757370e-02,3.015136611182843152e-01,5.047714466252489762e-01,3.873460916523124853e-01,4.675546405485127011e-01,1.810405882740305505e-01
8.880406911164676620e-01,7.717246763938910847e-01,8.002195204215910573e-01,4.474302478824110363e-01,2.968179976709256485e-01,4.010442580110232802e-01,2.593840127853737632e-01,1.008253885513840792e-01,1.333610285212626090e-01,2.172860167055568059e-01,1.314876138995167976e-01,2.614251953189403177e-01,3.858468249707319164e-01,2.509834426536134977e-01,3.748598200739568509e-01,2.007842382432384332e-02,1.387924923417681311e-01,6.767290124550653374e-01
9.004114192960038787e-01,7.435776089011241208e-01,7.922317737657328385e-01,2.245598633884196907e-02,7.922239172277738273e-02,3.990346968663753824e-01,4.160060280142583583e-02,1.329811237426750392e-01,1.331412141768793800e-01,4.629206344685806579e-02,7.855846785044456881e-02,3.384505242004017811e-01,4.616988090398731481e-01,1.017750239053164668e-01,1.968118348726610387e-02,1.026427914052456258e-01,2.189920240593218326e-01,2.817384252956123269e-01
9.455806019546026953e-01,6.117983971477418681e-01,6.740631657137013955e-01,2.463864830999873967e-01,6.259401973675713382e-01,5.636556905085142732e-01,3.224723928937447415e-01,1.858499986492002098e-01,7.655119975915711250e-02,2.431481332343866097e-01,4.763597374975457877e-01,4.011214648132491178e-01,1.194265346267411598e-01,2.923351648639002653e-01,2.950293248390366274e-02,2.305282926798601917e-02,3.214449765627890865e-01,2.984670632734509055e-01
9.035611626551933728e-01,6.079440802430547963e-01,1.892947418320789152e-02,1.284443483951163978e-01,5.151473889724675903e-01,5.460934068840747058e-01,3.903547898433878394e-01,3.850043359998459036e-01,1.026877072900632265e-01,8.261021035634296197e-03,3.692184882430522008e-01,7.879382754216109064e-02,3.472789362743727293e-01,5.542596714009473402e-02,6.282074297250974659e-01,8.856168994078003620e-02,6.262788615454379926e-01,1.516859552759148091e-03
8.907088711100547007e-01,7.079752050536649577e-01,5.503048586348445737e-01,7.801286710139822000e-01,1.295346710681351265e-01,4.428632643048934225e-01,3.595738881166247736e-01,5.839376703764270239e-03,4.039696612124866193e-01,5.199887091605968070e-01,1.129488583589079165e-02,4.887872001579157688e-02,2.035201675378013955e-02,2.684316824782572719e-01,9.020227530827526485e-02,8.814577134360665478e-02,1.919950279903740176e-01,1.036098438619334206e-01
8.668864869153174446e-01,4.161703733722957876e-01,4.222365854587106782e-01,3.929234502175298349e-01,2.012195330230209522e-01,3.293486135226547096e-01,4.979774965115685847e-01,6.106831497174564083e-01,2.480228427685912673e-01,3.681586790884833205e-01,1.540907119753648913e-01,2.582987584149925020e-01,1.503626027352855943e-01,1.368859548089798595e-01,1.353282511656810905e-01,5.558714593907148060e-01,2.378603659678665480e-02,8.251635016029919278e-02
7.471734791002686560e-01,6.541470614570255027e-01,4.007993909422516432e-02,4.531640727147572822e-01,1.634390819832260422e-01,1.423017994507467798e-01,1.924934887085522073e-02,2.981188127644314734e-01,6.050958798290299034e-01,1.403365940425402303e-01,4.722189252950848015e-01,3.051899449791550811e-01,1.806275152921200250e-02,1.250370373953956782e-01,2.829366938698023026e-01,2.070396700494155640e-01,2.062338547786520260e-01,1.936382042016327742e-01
7.955640660837662859e-01,4.106576213139490616e-01,2.881311287052844006e-01,3.326222623316223426e-01,3.983142812756449436e-01,5.977213055308556733e-01,6.021466498117363786e-01,2.639811609803518477e-01,6.708329554992491228e-02,3.284625536101882376e-02,8.342331163362526336e-02,5.615265030664712276e-01,9.449215200365938816e-02,7.279200618925285582e-02,3.535338810735387249e-01,2.390839909881277078e-02,4.214750364517836356e-01,2.682938379997373834e-01
9.715799290249358400e-01,6.995192881264250540e-01,7.965145243753015691e-01,4.181169912104787389e-02,3.583391714359573932e-01,4.953858115139149754e-01,4.463153163164713666e-01,5.214929593408936664e-02,6.689880025440435585e-01,5.004513890168426071e-01,5.994904323127191459e-01,6.086825078142988898e-01,2.017844957588627031e-01,2.107318278054359784e-01,1.332072601005239165e-01,3.021044861071632281e-01,4.942405057857731654e-01,6.161473351951008981e-01
8.371543473807304681e-01,7.973841841516908779e-01,8.128770191997131134e-01,5.586587323570861852e-01,3.124295555578790462e-01,2.874480822882743425e-01,1.458768874967483753e-01,3.542199215467166096e-01,2.844501163793007881e-01,3.790646342231818178e-01,3.465496238890387048e-01,1.971034028145744466e-01,3.201655098995753734e-02,1.604062918137641736e-01,4.409210929301358717e-01,2.073708059412051052e-01,2.261222217377784893e-01,1.710299043028390420e-01
9.447490645724836433e-01,7.689324158353898486e-01,8.600602040621102562e-01,4.517573433865533228e-01,6.832442113906725956e-01,4.084358017457914158e-01,2.069295278641167246e-02,1.673100402787386920e-01,2.637652388870937448e-01,5.067617319759127881e-01,1.975831565635785825e-01,6.480700836663187969e-01,2.923752695194224011e-02,4.066924916298428894e-01,1.215448937564413134e-01,1.928191661006816160e-01,1.663359555452786076e-01,5.499814485152317717e-02
8.595645909579447963e-01,6.885336271183258861e-01,6.636881978390690717e-01,8.101499445790630860e-01,1.740194139432683085e-01,6.146433610518290402e-01,2.149414391367748117e-02,5.239857410984000152e-01,7.671699699516365545e-03,1.281338855684483469e-01,4.297978547573286234e-02,2.985591332666244213e-01,2.986311696572397922e-01,3.129814735060893471e-01,4.215000276238171084e-01,1.576633549304911827e-02,1.145333641977261119e-01,5.119762292358587263e-01
8.371798408048676254e-01,7.185441390969631303e-01,6.543744184962945187e-01,8.524609648792272343e-02,6.439314458246466755e-01,3.524205141373404904e-01,1.113106682185444340e-01,3.174283624254398140e-02,3.024417230150556746e-01,4.559637131241923297e-02,3.526079824667402440e-02,3.567520361324193201e-02,5.379334306024700918e-02,2.618167830391658901e-01,2.270735149176499601e-01,2.394492789038055180e-02,3.138685890811751533e-02,1.949517147489562563e-01
8.554846522257566477e-01,1.635165001420720021e-01,4.357818396395089500e-01,3.826106683799642694e-01,2.028180072293594149e-01,4.278347591785495729e-01,5.957854492390362022e-01,6.268218266123261051e-01,6.833395305578554568e-01,7.550481112557468899e-01,4.518081351056616457e-01,2.291706204596290486e-01,1.298901057239265355e-01,2.214954948743383945e-01,4.989876633144290641e-01,4.474688725479505913e-01,3.008564496418176804e-01,6.265348218406913139e-02
9.028483976695736990e-01,7.349693173650169165e-01,3.160658162730195508e-01,3.835005440846233626e-01,4.498214336907314648e-01,4.896017701390659171e-01,1.979944433797309611e-01,5.440213655056174574e-02,5.677799305511251893e-01,3.110855185169844050e-01,5.161802308089005198e-01,4.781858725596046522e-01,4.771907873174933701e-01,8.315271855861043615e-02,4.520431099096566263e-01,1.077170151949579241e-01,3.486084992493476697e-01,1.826872245074707968e-01
9.062810578845951204e-01,7.182032752696706490e-01,5.645987662974079058e-01,2.923894226266420815e-01,1.318641445191067463e-01,8.111331994350909347e-02,1.565709114345514852e-01,2.330391063070133550e-02,1.743251482987876466e-01,5.064090098275060292e-01,1.379973230922438947e-02,3.561558252791776624e-01,1.512692748637078366e-01,4.144975689924444984e-01,8.275668525086508909e-02,1.827374138946163407e-01,5.040309883488625076e-01,9.573679254988730347e-02
9.455981241111306446e-01,1.446790711840868215e-01,1.375268866043893867e-01,1.643015882069629729e-01,2.829813163715134694e-01,1.237038396091657139e-01,4.623314483334527991e-01,5.736205065535612269e-01,2.870297161868576308e-01,1.068123704130395819e-02,3.387517969190666500e-01,1.959612895330648530e-01,2.272047116325137950e-01,2.758231084490470608e-01,2.675237305686335443e-01,1.757733839387724262e-01,7.033807703071837114e-02,3.801816954757148981e-01
9.306217337852229488e-01,4.593129875320399735e-01,8.415067925444184027e-01,5.754305107880580694e-01,1.461525182341477311e-02,2.800097169313878198e-01,1.664069570422936073e-01,1.113313791100355166e-01,8.575236659091588567e-03,7.023752257809400268e-01,3.067261032805354559e-01,1.504604222668249613e-01,1.179459254655761263e-01,1.142523267095443829e-01,3.680344974454294316e-02,2.381614145822953110e-01,3.875011498603695981e-01,3.184581227424487793e-01
9.130860595605380103e-01,8.444062046951310574e-01,6.866142854856553956e-01,2.724672227566533600e-01,3.001571579062237705e-01,9.122664784835869678e-02,2.184768008221938118e-01,1.138891805367000104e-01,8.257128079362335837e-02,4.203464155810412439e-01,9.899647808163332396e-03,1.900365865250916997e-01,5.442837448521383736e-01,1.385835173103127649e-01,5.783787707558633862e-02,1.195540835086390807e-01,4.155247771015491143e-01,6.535825909480093010e-01
9.671319350911019574e-01,6.715924225026946859e-01,5.758868301403047285e-01,7.508264282296427394e-01,7.076689873609757209e-01,5.273220859253403558e-01,6.826297919543190540e-01,2.139260869520881458e-02,2.241683902806188011e-01,1.594549449490870463e-01,6.718305396243188371e-03,2.877482484676747720e-01,1.191478465076188098e-01,3.981049063060164150e-01,3.241159016837455442e-01,3.027195580844343689e-02,3.686275904729559294e-02,8.733982660915029506e-02
9.237968949469178570e-01,8.390664715591307221e-01,6.475298663385316011e-01,4.982810086887103362e-01,2.363992952990336405e-01,3.826034490381821640e-01,8.694646950927359397e-02,4.457168193146996416e-01,2.700639920742241573e-01,2.613590418827573814e-01,2.859137284037796545e-01,1.197931736028007843e-01,2.366860106808072184e-01,3.529220207856256786e-01,3.848480061912485928e-01,4.633118205890422447e-01,7.535529627506855066e-01,2.209590993786493540e-01
9.143841406712025499e-01,4.925099866763167356e-01,2.689818182603378460e-01,4.680701499815831945e-01,5.876180349223127930e-01,4.121612002507284434e-01,4.649391288423363466e-01,7.641406955618997021e-02,1.130165329676893760e-01,1.737211942480134663e-01,5.569916640488361548e-01,7.480161259810907959e-01,2.338396145722994868e-01,2.945559012114173369e-01,3.779773334094534420e-01,2.250670634728353936e-01,7.517600966357768089e-02,1.841113010216586521e-01
7.823703130170375220e-01,5.056867196676971821e-01,8.332876547834032754e-01,8.325632803735087961e-01,5.340147731745344961e-01,5.259246426042083478e-01,4.857230572657859624e-01,5.510297764969270817e-01,4.401399633209453488e-01,5.984125476108935748e-01,4.116138967065408050e-01,3.461082255663607832e-01,2.896634130187825673e-01,5.329872962137780501e-01,5.102658913074034075e-01,4.010405351855909073e-01,5.693541905186590979e-01,9.250108975641442577e-03
8.681154183388168910e-01,7.480559211309959489e-01,6.580195799966180870e-01,3.039587280131352265e-01,1.115966839045957198e-01,1.387175715619785310e-01,3.536015940614449793e-01,5.857659579807750205e-01,3.585866730606678821e-01,2.074218480397061262e-02,6.686298887590370887e-02,2.839219273318157599e-01,3.968043585555454666e-01,2.730143574290352371e-01,5.777692885634073683e-01,7.092935350408324791e-02,9.745673393072420976e-02,6.870880117040024659e-01
9.367378660726739525e-01,7.102335588024486501e-01,6.565402486675070426e-01,6.213812921276089529e-01,5.677137590031413605e-01,1.715193952721953130e-01,2.632237866758361244e-01,3.207508129757794535e-01,2.246506568133208315e-01,3.301207228190881637e-01,1.448459032791864776e-01,3.085937292689344136e-01,3.450887130921792001e-01,3.475542501518310567e-01,6.589315537802788170e-02,3.697803209193336049e-01,6.218952260914206720e-01,5.608587315470489054e-01
9.158173114017772454e-01,7.359936392295781671e-01,7.060390245442927926e-01,6.261674037983174790e-01,6.622588875066569292e-02,2.030475410204964359e-01,1.822151058441786042e-01,4.632505469906069151e-01,2.040062324028406315e-01,2.316831826588530707e-01,2.269982693920040706e-01,2.419326187876252605e-03,1.207011030004742774e-01,1.689616825168082093e-01,4.175364378308453195e-01,7.045172229344198733e-02,2.007876285534540214e-02,3.136585783967053565e-01
9.696020152501469980e-01,8.902101287817640873e-01,5.214211594138270511e-01,3.680574708110971316e-01,5.848743957960055306e-01,6.115874976500399463e-01,4.290934626431370802e-01,1.394877224438628160e-01,1.601636989890014573e-01,6.048187351837210901e-01,2.030954026603434825e-01,3.860341429692752402e-01,7.189509175245965833e-02,3.416988472008516409e-01,6.400922143834608669e-01,3.050748860720454703e-01,7.712234027757100541e-02,4.203608762305731106e-01
8.481958539690139798e-01,2.623739890703313260e-01,5.731347488925090383e-01,5.271417846445766164e-01,3.797339550986886247e-01,5.195890338997365410e-01,4.117874329903439268e-01,5.037280237527339555e-01,6.206582859513151140e-01,3.037513635792365302e-02,2.845580734522739630e-01,1.020562209566859557e-01,6.612283161503724749e-01,8.071851469864608219e-01,5.977767609019689621e-01,1.633202676736843773e-01,5.145186058335835672e-03,2.290468073762162993e-01
8.613770065743876492e-01,3.913144450467507252e-01,2.114069888772281969e-01,7.165382160576844184e-01,6.721697598815578045e-01,4.840428080530769228e-01,4.505108362466556104e-01,5.177783850480763977e-02,6.153143935906611739e-02,1.031197093831972555e-01,4.392412465809224231e-02,4.109773932462373186e-02,3.063186949162692296e-01,3.734095332703145087e-01,4.437134196218842780e-02,1.395083359979057691e-01,2.707155383291920403e-01,9.080291993317750332e-02
8.850018191287788438e-01,7.262158672770131773e-02,3.974994706256449462e-01,3.112210760790264930e-01,2.635311528275886550e-01,1.450901016284658895e-01,6.020085624711395411e-01,5.174074660906190504e-01,3.294005736392453532e-01,4.065804655075618834e-01,4.106250275798181693e-01,7.938892636476825582e-02,9.677268393602446450e-02,3.077414317019759871e-01,6.365221117428987441e-01,1.958580702287109898e-01,2.569391469688738772e-01,2.547741027050379747e-01
9.090948899595595600e-01,3.947029767004534007e-01,3.491483911839725063e-01,1.298918502211192094e-01,3.258929382972598487e-01,3.192625867295076358e-01,1.789582362072446586e-01,2.374762943234552393e-01,3.646848377666208063e-01,1.197893651398094644e-01,3.189996584828958537e-01,1.585903313782073554e-01,2.854232668075512014e-01,2.300152322121050974e-01,1.291568592560308482e-01,5.536811414252910957e-02,5.905657872307004674e-02,6.791483659612157497e-01
9.493862749064149176e-01,1.655674094266357810e-01,1.847129874563850083e-01,1.047308074746246820e-01,3.890359459595552627e-01,6.169852928450595408e-01,4.070537756049335543e-01,6.195273001848384808e-01,4.617221645819735709e-01,7.525062693639419376e-01,3.002726808592371399e-01,3.614377009693079956e-01,2.974035716458073297e-01,6.782532289918529189e-01,3.379184301570335031e-02,3.163091275221270315e-01,5.315484674383453845e-01,7.247145540648751716e-01
9.176291920362040777e-01,9.402486662668444461e-01,8.655973582501580443e-01,4.415815115410313130e-01,6.854032939033741223e-02,1.463569263294347000e-01,8.285881370130014634e-02,1.478349589260574137e-01,5.683157844109182344e-01,4.939367906289092724e-01,7.907379945092098128e-02,6.986176808506523207e-03,1.571938207924437336e-01,1.882352642549848798e-01,3.686815353517300942e-01,2.173669769531625176e-02,2.048885193054176407e-02,4.723793950919465412e-01
9.057329373557861940e-01,6.899960322558201797e-01,6.466530261671943336e-01,8.802050787335300441e-01,1.830250345854212701e-01,1.962493378465529070e-01,2.032350349342314927e-02,1.824375533928116189e-01,5.999458670889829676e-02,1.057147631990695558e-01,3.972765997817485073e-01,3.243114125650762292e-01,1.918611225726029323e-01,1.677231502113089301e-01,1.864710587574356371e-01,9.913984092550205685e-02,4.122876354453890446e-01,4.911568326164050258e-01
8.529686599428194516e-01,1.398712562293275286e-01,3.241767964759119103e-01,6.905647851551112160e-01,6.011096639952417942e-01,2.574966412882016553e-01,4.746113288869640012e-01,3.759576778636504746e-01,2.211357852061144047e-01,1.007383307573407466e-01,3.451199318180244169e-01,1.160655058589716432e-01,3.528837531851625187e-01,2.647655532374093013e-01,1.706204434329137987e-01,5.881109486024953537e-01,3.039102089909866411e-01,4.138658493020520163e-03
8.963461925730750179e-01,7.976571272420143188e-01,7.088729522089015633e-01,7.164805321157434737e-01,2.233573083007596716e-01,2.410309044443277871e-01,4.530190850830648763e-01,2.001935294190542725e-01,4.437302186727051095e-03,2.424346052245910654e-01,1.752488492533806896e-01,5.665622907964561195e-02,5.906077059079751779e-01,1.019471332910239780e-01,2.983001865576291323e-01,3.746905870081899681e-01,1.075868357938329495e-01,3.189464652304609404e-01
7.903631766520855528e-01,7.867749666815548881e-01,5.988217191534773720e-01,6.703124397927762157e-01,5.343025103805388865e-01,2.923053425901780411e-01,1.375182448648802624e-01,1.143818451505616562e-01,1.724923755516544754e-01,2.884688511995312510e-01,1.624686850167015029e-01,4.159068750523708946e-01,1.035281132159877326e-01,1.584545257229065529e-01,2.236696133738925174e-01,2.091721599584213109e-01,1.224644595170817050e-02,4.210243743502041225e-01
9.500907431907485989e-01,1.320452388031675417e-01,2.032706105185896062e-01,9.432749435842580077e-02,4.741547175417574755e-01,3.167753790032475369e-01,5.093210610586763887e-02,4.107686106920582780e-01,3.059846861943782415e-01,5.096912618608128165e-01,3.437191206841978541e-01,3.160935503056985785e-01,1.310570557527859503e-01,3.080843912683935426e-01,2.346702295112852443e-01,6.128422880260631089e-01,5.728712021563232143e-02,1.462736114725679548e-01
9.424804322740950591e-01,6.603157753144844877e-01,7.290828714100805463e-01,4.042248612922504092e-02,5.387639890765352213e-01,1.791228675818944960e-01,6.113594185487002397e-01,5.940905455318943318e-01,1.011794232510495606e-01,1.463276231091943935e-01,1.771700428684651052e-01,2.437425259467640992e-01,6.794631824445996893e-01,2.378077605266730732e-01,7.654010131031218078e-01,2.907859037879829689e-01,3.051907131513207916e-01,4.281498682922839638e-01
9.335647128740690581e-01,7.931397651539204841e-01,6.540246198362721364e-01,3.339540442849192048e-01,3.394529066149858804e-02,4.769805704353780040e-01,2.208414629910552054e-02,5.328489836458693597e-03,3.906915569721990944e-01,1.646829018998978780e-02,1.737683929462233434e-01,5.534379280732965034e-01,3.520308183665487034e-01,6.293901119330319593e-02,1.974513134509665313e-01,5.267031418577439172e-02,5.982848725255564271e-02,5.030564339242987737e-01
9.196709312040725059e-01,8.300786756019301604e-01,6.158957361133521324e-01,3.187870005523313344e-01,4.980352183061648730e-01,1.170890609885059386e-01,4.037659276012823262e-01,8.144569376568233654e-01,5.797429206929805012e-01,4.289350125079132159e-01,3.138318450817222938e-01,2.853832680355615770e-01,2.506937388279647377e-02,2.515143424761870361e-01,1.436999106038599205e-01,3.450787037217020736e-01,5.526226415456083618e-01,7.495257728131414776e-01
8.361688102325702809e-01,4.346872595165156561e-01,5.146299559508630272e-01,2.729657957446575134e-01,3.826646988023471585e-01,3.337590084791446088e-02,2.928333930743931002e-01,2.924842456883272046e-01,1.710404861883642047e-01,1.214690031753387633e-01,4.649088070154894781e-01,9.559728640195014338e-02,7.202344387748860211e-01,4.168664392951389464e-01,8.285514423378732146e-03,1.655150799470525569e-01,7.791679656654296182e-02,1.854298877699052106e-01
9.482725933112872152e-01,6.767150627444379341e-01,5.609748602722178790e-01,3.022814145450964385e-01,4.077150045285303226e-01,1.286725407460521942e-01,2.969805487247802467e-01,2.461015635588026385e-01,2.731784731771504937e-01,2.878382371395874495e-01,3.413974301407144973e-01,2.403605592836129123e-01,2.723028371839766523e-02,7.254020907071435653e-01,2.962347143305328334e-01,1.501246836425524679e-02,6.775988272237564169e-01,6.552207610492357670e-01
9.360195603102869910e-01,7.786892804298690685e-01,4.945657918088284810e-01,2.274934455613458195e-01,6.019065078485718034e-01,5.133398696475298673e-01,7.454407224904331386e-01,8.790826759750669517e-02,4.126651293510689711e-01,2.294943942547724713e-01,1.529480553437010948e-01,4.023687069818430717e-01,7.570896416387402905e-02,3.522617787179414539e-01,3.181901909088533792e-02,4.467885398416215348e-01,2.939897417173625294e-01,3.728261218294267043e-01
9.376819231324455828e-01,6.186309901767735875e-01,3.339420720560394851e-01,5.859141043825046857e-01,3.505343459458995503e-01,2.472709615686944085e-01,4.928776549313403921e-01,1.061753106783213940e-01,2.663115846576779577e-01,2.630575650613143357e-01,1.800703990692744116e-01,2.480566592417380034e-01,5.164691298961324173e-02,1.737161150122223940e-01,8.019467416176672022e-05,2.396956498504035360e-01,8.878204070122895641e-02,2.679104721174643267e-01
9.533956736314938007e-01,2.878396171416231289e-02,3.229532003923806238e-01,6.639911755411399552e-01,2.108554196176862239e-01,3.043004156142387062e-01,1.751112771470791918e-01,2.109738070317013492e-01,1.646948359682592067e-01,3.852999666333229989e-01,5.315320520081175809e-02,8.530061472269699629e-02,2.587124756917661972e-01,1.349028112136466118e-01,2.791467595028526150e-01,4.280498648566989917e-01,2.540499830645368551e-01,1.905453470158474105e-01
9.559655408861721382e-01,7.948280562065609400e-01,8.317479262332450052e-01,7.121316919502860276e-01,3.516743492313395003e-01,3.697440980853419212e-01,1.400676449866793682e-01,4.188160663542340179e-01,1.246395792997166338e-02,2.344292008838349053e-02,2.498308411554779340e-01,2.365624955109186800e-01,4.760062404406014691e-01,1.347325829396164576e-01,3.071721641019192761e-01,3.611151813002477229e-01,3.890640417341154622e-01,1.962549247915141570e-01
9.164713789364045127e-01,5.672471794137676770e-01,2.871611758341561238e-01,2.185669805841208846e-01,1.322681402021056440e-01,7.901533843172582616e-02,1.517540442527952615e-01,3.966638909953092672e-03,1.372351621676460298e-01,5.361671884258951692e-01,4.873460540358628412e-01,5.244353064221128902e-01,2.193615026997768405e-02,5.183879789656769405e-02,2.134966708705891558e-01,6.279462319224476952e-01,6.694673889204169059e-01,7.588207578389870311e-02
8.054403833078176422e-01,9.500186364134312333e-02,3.493460246363525590e-01,5.349954535477150497e-01,1.585543221927245006e-01,2.863235994497014825e-01,9.244828425900502439e-03,3.608612281069407124e-01,4.117912024564324702e-01,7.052460697613147644e-01,1.760511050396892374e-01,2.206466054094998464e-01,1.693389582847253383e-01,1.406492324367439040e-01,1.294849003441221891e-01,1.583549226441212932e-01,3.131890767432167766e-01,1.611250389675006611e-01
8.591130148082984919e-01,8.777108569414192596e-01,8.805452687224722963e-01,2.815900733528377553e-01,6.794020269498601827e-02,4.685571747013524968e-01,2.704674075300368408e-01,3.162592409382979364e-01,2.826052810110434854e-01,2.963728733473064980e-01,3.152609678496789414e-01,3.313221908679389038e-01,1.303543284241195643e-01,1.479366250830930485e-01,1.885024278223172423e-01,2.145560329499335561e-01,1.395716432686236741e-01,2.565998092442803857e-01
9.235808024976819297e-01,5.578701516020287965e-01,5.312361540427855688e-01,6.856415023814620424e-01,6.686101626495971617e-01,6.670458000049060976e-01,5.562732324091574920e-01,9.977887158383863531e-02,4.696890219255923649e-01,5.548006884213860790e-01,3.775157396973616852e-01,6.238897424435434214e-02,1.592291023092314850e-01,2.193944202212662897e-01,2.255260483837156493e-01,1.159059781665976591e-01,1.863660294696901920e-01,3.011276740756899661e-01
9.481221192312709878e-01,8.394783028328179908e-01,9.036774629251009827e-01,2.557044366760945486e-01,3.836676872041192565e-01,5.454024325935459272e-01,2.142979538906098214e-01,4.201330890892974734e-01,5.562205157527867483e-01,4.291352976563330701e-01,8.339122504456278340e-02,1.150063113909152446e-01,1.102562931706619065e-01,1.951566335691773679e-01,4.063449941466713566e-01,1.305747831958737337e-01,1.361147737774543592e-02,2.676189730577423487e-01
8.343275544841374236e-01,7.425884596776806124e-01,5.876558236982282191e-01,1.508108596500080667e-01,4.272319543932791563e-01,2.371704463375761546e-02,3.828122968739388621e-01,1.646576269493418565e-01,2.609917512414456353e-01,1.211531130830629521e-01,2.586290985431192180e-01,2.010472059924997904e-02,1.748324905833694709e-01,2.443208178327197222e-01,9.377596617682913693e-02,6.233509838056653513e-02,1.251934270774039959e-01,5.103159219513233452e-02
8.499037364895166702e-01,8.220468000365359629e-01,6.812234526423786019e-01,3.802609197430033561e-01,4.108978017257686188e-01,6.176876916607002554e-01,6.669777955444305961e-01,1.024997176338313248e-01,1.584966218060329321e-02,3.565257797111990867e-01,3.471991310231631878e-01,6.133694481261018489e-02,2.820225294453773679e-01,2.726191725667307525e-02,2.594282153095766597e-01,1.208677259894018058e-01,1.205320355297552493e-01,1.363268215598911204e-01
8.742050156050629184e-01,4.126964998886595848e-01,4.576516995024831336e-01,8.559965377578423462e-01,7.593960256977467793e-01,5.673116207915261944e-01,3.606581247900611520e-01,8.414930726869307431e-02,5.396024096118730018e-01,5.988711460910646212e-01,9.129650290927132650e-02,3.103247536417298447e-01,4.351621659550421461e-01,3.978467433052395585e-01,1.419578424386984672e-01,1.382101860208023725e-01,1.495582861461085544e-01,3.208310713443900813e-02
8.940095351824035586e-01,7.081141712884095885e-01,6.520363955141398327e-01,2.405289213099155443e-01,1.534941495455360572e-01,5.271954531792860665e-01,3.133402344538366302e-01,2.217688446390151183e-02,2.960499298959950454e-01,1.943226535649749120e-01,4.039493580023718611e-01,2.604694847976885552e-01,1.489587515127386852e-01,1.843448473577130042e-01,1.304601117155657630e-01,3.653765645885595492e-01,1.968380662249819002e-01,6.164618129492092091e-01
8.293769922031725139e-01,5.555993990206979649e-02,1.237008134500387491e-01,4.694421746865856671e-01,3.762744725231255138e-01,2.459557043368495732e-01,1.181157387731300995e-01,2.348256489529471081e-01,6.618014347274685516e-01,4.198459010775850569e-02,4.795329334463198090e-01,4.216638054187208384e-01,2.257324331692571184e-01,1.285973878643492663e-01,5.506808649698843317e-01,5.836646478411160466e-01,1.048645911026084981e-01,2.518831797989397603e-01
8.907486666930644059e-01,6.504602916771591303e-01,3.311896299659731202e-01,4.268654077858189955e-01,1.619074338653392342e-01,4.847597282793565665e-02,1.275337739200963494e-01,7.444749659306675038e-02,2.492158114694769111e-01,4.316770596499362039e-02,4.329493872266361176e-01,1.432929332380083187e-01,3.407886668820450660e-01,3.756509976725241895e-01,3.512069690219301044e-01,1.020855784646700765e-01,4.864932887064178368e-01,7.730212701423656574e-01
9.105862381227566305e-01,7.777334989023909628e-01,7.573737927349017962e-01,5.644018834404970208e-01,1.213268513587542063e-01,6.895591076058804614e-02,4.103948725342285164e-01,3.650791035507137683e-01,4.985239913331668271e-01,3.706165494367921753e-01,3.132063613767921972e-01,3.234821838481302114e-01,1.122616837911232235e-01,5.432411783133639371e-01,1.567635383827507486e-03,1.470421289736123238e-01,2.540882699500784936e-01,4.376388743604364140e-01
9.150950856599711081e-01,7.360130864110778770e-01,2.152120177200285422e-01,2.292380683416239129e-01,4.227637444132248401e-01,7.072889104273143435e-01,5.171448413563336510e-01,3.489203606584269646e-01,1.911115284381584289e-01,6.942937492932244048e-01,3.774557036390083220e-01,5.723121511434863251e-01,2.609860737241719297e-01,5.557326842731223626e-02,6.012930490530049576e-01,1.973680736788367140e-01,3.389842916963698438e-01,1.911626215903885762e-01
9.436270542965645713e-01,8.178481513790081259e-01,7.861361294438012903e-01,6.179562368425319807e-01,2.589205245343380035e-01,7.106562161885154882e-01,2.037705665652526088e-01,6.731503565086878471e-02,4.254787063807635716e-01,3.250056985386782782e-01,5.123838974836870674e-01,2.608173639949455391e-01,2.300596874122705360e-01,5.506480324994684761e-01,4.129849327524849796e-03,2.086700964675526904e-01,6.190430844057852600e-01,2.549729609626023574e-01
8.472408788365833887e-01,8.207365240187551869e-01,7.710529318555764400e-01,1.834364665136808958e-01,3.189347121634423798e-01,1.540919263724311317e-01,8.222348062190820706e-02,4.009860437837889369e-01,1.820289407957587369e-01,3.673267852834419256e-01,5.044226570449988900e-01,4.521945021853484015e-01,4.898898966339827465e-01,6.686406110138294334e-01,2.937864106983550244e-02,2.466079504644204390e-01,4.689906480228838159e-01,4.428651608361887093e-01
9.065056293665133547e-01,8.132195483563763316e-01,6.827104555727417923e-01,2.534876007305285617e-01,2.733857059488424834e-01,3.372257315585445309e-02,7.025975117070936138e-01,4.757348384140678288e-01,1.096976141585040559e-01,2.425443607436940652e-01,5.078626083258701296e-02,3.230055114190988341e-01,2.761768825267369998e-01,4.381044407941581120e-01,1.706872488575569002e-01,1.907732229263416901e-01,2.058793095624978087e-01,1.774277752239263317e-01
8.522960983311405059e-01,5.883589913004994010e-01,6.085796650973436250e-01,1.149932796492557086e-01,4.522550733709679305e-01,4.479395561417522931e-01,7.105590229169048144e-02,8.853840270037800775e-02,5.196656380097176564e-01,4.200470057855353878e-01,9.212143918372825424e-02,1.015639947158257506e-01,5.297219888013164901e-01,3.003712798068609025e-01,4.375606169336014595e-02,9.885604581374422828e-02,6.105350323494338621e-02,4.733139280098136448e-02
9.184249101218592282e-01,4.714484975947796364e-01,6.133417525522135705e-01,5.666663956422559600e-01,4.971900429535701660e-01,1.399269657664832245e-01,8.783238409765779797e-02,2.019981544343193158e-01,5.386679750616858442e-01,5.809768697063221188e-01,2.305556957455789646e-01,3.974631159225312516e-01,2.836868254046301385e-01,2.929718467264464943e-01,9.254641209608970021e-02,6.065918864336709015e-01,2.429311254330796532e-01,3.242452405019644046e-01
7.362472367279847552e-01,4.007710112220518872e-01,7.131172021603359168e-01,7.792809406953823403e-01,4.041408369622366825e-01,4.722577182191371459e-01,5.394240115826715032e-01,5.367573385722480550e-01,5.001263577265236959e-01,4.047405621900082573e-01,7.438808681078906693e-02,3.545379082848145180e-01,1.139800388394193870e-01,5.359076468758934286e-01,3.406752442093056166e-01,2.458043217137062253e-01,4.900092202804400277e-01,1.909474138814538369e-01
9.509900132122560690e-01,6.976510453361830510e-01,8.036403858262949340e-01,2.433673465929618862e-01,9.233680279388579992e-02,5.017311586244393995e-01,4.605599129801350722e-02,3.255309545354843903e-02,1.593455731180823121e-01,3.879908912585159492e-02,2.091125965987148116e-01,2.279808724737407144e-01,1.623335843429793424e-01,3.670522169130688295e-01,4.374099081491721747e-02,1.176325329170010460e-02,2.551750032166639759e-01,3.605536876330019957e-01
9.436605515299634206e-01,7.797944736133871624e-01,7.772213559304265162e-01,9.376693668733275533e-02,2.682033054831975960e-01,1.562063802482634156e-01,1.739260409275457386e-01,6.311839547448598250e-03,2.607463364833421671e-01,3.332580838237023113e-01,1.906589816457439357e-01,4.264763840280417773e-01,8.829696182569914120e-02,2.154694223325318014e-01,4.936589325313402998e-01,5.238528548454479683e-01,5.787254344053797128e-01,1.656413660387533460e-01
8.418652933744115163e-01,8.547175252834668946e-01,4.336005972074888359e-01,4.902658487575272117e-01,4.962224005911566316e-01,2.748137228434968660e-01,1.393674401758996928e-01,1.558490506477776816e-01,3.096036816085030452e-01,5.372500357134603055e-01,1.764902300339381003e-01,2.806240683009044168e-01,5.511905092756585328e-02,3.951918047117463084e-01,1.973798897048757717e-01,2.443303797111359976e-01,2.564632925215857284e-01,3.741542414042508535e-01
8.563272841990713369e-01,8.361608622302212773e-03,7.554011075718339852e-01,2.217040881178087286e-01,3.362160940705553047e-01,6.345181267035606698e-01,2.396152324665354327e-01,1.821952558879626205e-01,2.055657783195355970e-01,4.655779955372701395e-01,2.957733979856109752e-01,1.413179911171456027e-01,4.227182067485805300e-02,2.924999108737659781e-01,2.927140040787035505e-02,1.495221818285159543e-01,1.113665418359907205e-01,1.331470121270761364e-01
9.456632406659413181e-01,5.731394073811398870e-01,5.575981343835798576e-01,2.727946165590459104e-01,5.851851717442670964e-01,4.390245636044826788e-02,2.597404342654929463e-02,1.972441900240635426e-01,1.386993981557086142e-01,1.419884425372450187e-01,3.957112039879736032e-01,1.800162320338603850e-01,5.031868745638486962e-01,3.210845382017689098e-01,1.218154560285921173e-01,9.100208962041399924e-03,2.978775056754341954e-01,3.970903155019556707e-01
9.549913654108646011e-01,3.668442237337661838e-01,3.533132738242718007e-01,6.298913082573800448e-01,1.784353807500195233e-01,3.445283979864208201e-01,1.378734598870575978e-01,3.818461895008376517e-01,4.235288134669243365e-02,3.345736008118833649e-01,5.454012773850449441e-02,6.101224261360543855e-01,1.326917495770206790e-01,1.495573080780790987e-01,1.331443623739977655e-01,4.372815411302630739e-01,3.075399420241531345e-01,1.400913292709358160e-01
9.122858581115412813e-01,7.364343039552531667e-02,5.005907584562621082e-01,2.214743759646817522e-01,3.764473483310512569e-01,1.673242405728370963e-01,1.235838448366907288e-01,3.313902971997372271e-01,1.130334968997035866e-01,6.085623960881005740e-02,4.680951177496203153e-01,5.362476615425811888e-01,3.130609558797534109e-01,3.075769173247671073e-01,3.385169847380666286e-01,1.674212623899831998e-01,2.006379243083351027e-01,4.877080825024857069e-01
8.908636897110987496e-01,5.872725791346991020e-01,5.739329992096736666e-01,5.258737461018063719e-01,8.779159487890968172e-02,3.145694076953843843e-01,2.010771554603549560e-01,2.251453882737987633e-01,4.822161484636684758e-02,3.755679987375672990e-01,8.015629964308321198e-02,2.210766805729546536e-01,2.028084712249090815e-01,3.566417002286540461e-01,2.319729951069043894e-01,4.734146888542480891e-01,2.267102783478613937e-01,1.348849374122052247e-01
8.900069988937288068e-01,8.536484239332321478e-01,6.866371519116027944e-01,1.797614839243144857e-01,4.201398398777744791e-01,4.620987504963588455e-01,1.973808016617309147e-01,3.630883690899827099e-01,4.878398483163065048e-03,4.455703847258670192e-01,3.450924237721146870e-01,3.309795087543519476e-01,5.142566205912399990e-01,6.375264679710419546e-01,1.724786625610779944e-01,7.730961246525286379e-02,2.796632111435355394e-01,4.463852412559348171e-01
9.110883473592074067e-01,6.244957706060660918e-01,3.301130525897095769e-01,2.657541823919521984e-01,5.908439004442824771e-01,3.555660883521878368e-01,6.371159628378446627e-01,4.575633879567666540e-01,2.050418208194833003e-01,2.072826908750513009e-01,7.334048851393995538e-02,2.609713916133696299e-01,2.505050736246239862e-01,4.833060175876426334e-01,1.257260574843200862e-01,1.675615422421620204e-01,4.511793485374111096e-02,2.526855942832699764e-01
8.796815044892530855e-01,8.537944190279765921e-01,6.520538535205091524e-01,1.730738683620888507e-01,1.817179762369018903e-01,5.115088459776403855e-03,3.652139124168827800e-01,8.420510381663809385e-02,5.247245532798465728e-01,6.011560231914547803e-01,2.646200101247871417e-01,5.679421310323275879e-02,3.346071506942652207e-01,2.894149592811796623e-01,3.727947412955738282e-01,1.318613573606338407e-01,1.995250504342017395e-01,1.715085118450998813e-01
9.338699150911214941e-01,1.045349981395240074e-01,1.480742828578838488e-01,4.696284856227824767e-01,1.510787999097308945e-02,1.246093613230456892e-01,1.409007186745615163e-03,2.461009157802528935e-01,2.097772680049866112e-01,1.691997629299116512e-01,1.457185748970531436e-01,2.165405770036589739e-01,3.854946828037684181e-01,6.919976172909204915e-02,3.423343591569900646e-01,2.386876730332133656e-01,4.558464390788843357e-01,1.898645425420170466e-03
9.483083425080278683e-01,7.901528958220563892e-01,7.653278332183163224e-01,5.781498715220280138e-01,2.536316750356833460e-01,4.850684410395268986e-01,7.412633645860376708e-02,2.606064655011578954e-02,1.439279283668166154e-01,3.041233054612728082e-01,4.871194037128337984e-01,3.741324737228473585e-01,2.426112842017006180e-02,2.381329877575257825e-01,4.078582128874211898e-01,5.439574752485883957e-01,4.187562248357274419e-01,2.040776794495161306e-01
9.463324312248941883e-01,3.678131062673166696e-01,3.130048435254135786e-01,1.140185871737967871e-01,5.020610068633996059e-01,5.568835674964709437e-01,8.729445575639330213e-02,3.995514359196112308e-01,1.483144231783431188e-01,3.899029834081572110e-01,2.263955061032683069e-01,6.283470257680082161e-02,1.277344626196330046e-01,3.442726152402987849e-01,1.605741118251422517e-01,2.623384591342243360e-02,3.420774904114430859e-01,5.221243118948348805e-01
9.179724597984904033e-01,5.709713538741204575e-01,5.545126322569009503e-01,6.022482096153000120e-01,3.498188697624745047e-01,4.849298541550624564e-01,1.462148598469899530e-01,1.021261962840427362e-01,2.622354347284132636e-01,5.582254378264855932e-01,3.594575508820314069e-01,3.410854935926810882e-01,1.099971275385786124e-01,5.327576216260304642e-01,1.661768770428026232e-01,3.528334793312608575e-01,1.181083831184733153e-02,2.110832739300934346e-01
9.454027899522164935e-01,6.573837789389654906e-01,7.682772902667528436e-01,1.889121866102868585e-01,3.944891855052468782e-02,4.614039848198889238e-01,1.308625119521052149e-01,2.752165104110340099e-01,7.539897447399817043e-01,7.532936646271345404e-01,6.520689050362447059e-01,1.824980479954955159e-01,5.719434245154079166e-01,8.983320474218575713e-02,1.092923296052722010e-01,3.120587915919643685e-01,4.167317494027850677e-01,4.623111255555298338e-01
9.036333652319467058e-01,5.508029911920383492e-01,1.154471637342471962e-01,3.224615325450327918e-01,1.299869300474128415e-02,6.483486168354777313e-01,6.315151913003484996e-01,7.163519599752870004e-01,4.556304246447402950e-01,6.819724000166313971e-01,2.079914469518225062e-01,2.536268662716192890e-01,5.527431741027706291e-01,2.778435337301353170e-01,3.520594994368322350e-01,1.729932447242139154e-02,3.143350960340228206e-01,4.079296689246769692e-01
9.021602977719149763e-01,8.687197589630105687e-01,4.056075717606145714e-01,3.965844889191327272e-01,3.535050078474464841e-01,9.040237938390242867e-02,1.355589093123273636e-01,2.395047742988285211e-01,1.526751600765568206e-01,2.852795761836739441e-01,1.219663095527838831e-01,5.923210082104378715e-01,5.111602919376863063e-01,3.047692053910312504e-01,3.488048785540216468e-01,3.114894625655812987e-01,4.817463611118617539e-01,3.749872974693990169e-01
9.527616927738329355e-01,6.744134253707910753e-01,4.980557431569750393e-01,3.890168092004002709e-01,1.261071373031584786e-01,4.488750230569403810e-01,4.015854080795249192e-01,2.665873498336821523e-01,7.851073481260298359e-02,1.963110690483949039e-01,4.380226394001687229e-01,5.233319589798910432e-01,3.064359158027016861e-01,8.273855734581973820e-02,1.660244857690466869e-01,2.579177239005462918e-01,7.964999659498575579e-02,3.076947967045944310e-01
8.923824790342773650e-01,7.904193058987113440e-01,6.771949580795811885e-01,8.184367076344185588e-01,5.865457048239348659e-01,1.385989684282840605e-02,2.069404361327463193e-01,8.667258219470447278e-02,3.535856907290310103e-01,5.889628898289915870e-01,2.534307745640521428e-02,2.254674298822237910e-01,4.077614962740731541e-01,4.826808835161021105e-01,2.107655948153540626e-01,8.142651339997933335e-02,3.585537380214544600e-01,5.022662653146399148e-01
8.646680230794414612e-01,3.392446857985594311e-01,7.355774829256653269e-02,5.442122883151875312e-01,3.019768522891243534e-01,5.148544114225256374e-01,4.247759792527692202e-01,3.738431831234917957e-01,2.958953373782261531e-01,2.747328139001387615e-01,3.479344902668465855e-01,4.472036786948810905e-01,2.666679522024254512e-01,1.165573037317535060e-01,2.054307863256914501e-01,4.033917485269762453e-03,6.130199532598057388e-01,4.368184995564327461e-02
9.248147654458488409e-01,4.136510539896230410e-01,4.416042510287699341e-01,7.478255034311068750e-01,6.076589084790038342e-01,4.530365087611969155e-02,6.595689439043683766e-01,1.213720016629998391e-05,2.578020825851254014e-02,6.167078629232718434e-01,3.498983023066406378e-02,2.841683139742664510e-01,1.138186983059556873e-01,4.064462463550095883e-01,3.735175798242061362e-01,2.472623895627865109e-01,1.999673836796119764e-01,3.175948970970495777e-01
9.335974957819170861e-01,8.447039070838308072e-01,8.298189682537313594e-01,5.784330990993974408e-01,1.330612577314815026e-01,3.974044781043536978e-02,2.630949167018246104e-01,1.633533829685560046e-01,5.060862847372410434e-01,1.209887315598624502e-01,1.514529905516141806e-01,4.283465654875011075e-01,5.760297658203260979e-02,4.541712897640730051e-01,4.044210154512232758e-01,2.511797723657111514e-01,1.215731989702766441e-01,2.033637729087797164e-01
8.995073290471947702e-01,7.419815067657494767e-01,7.641553805309125869e-01,1.789464285119172215e-01,3.318267062658929456e-01,3.745774728445981638e-02,1.598820807458201376e-01,1.958897187713259588e-02,4.771014336599255778e-01,5.109112762364782512e-01,5.886298005468583450e-02,1.680171655551379595e-01,1.064209729791210923e-01,1.024076612104989903e-01,1.967243992288572885e-01,9.543693976998686435e-02,2.378138873523828190e-01,4.504112424468409981e-01
9.310143284288396881e-01,8.517835411611939245e-01,7.058342111629642979e-01,4.744407392999649975e-01,5.380821343947168600e-01,4.030344485129676579e-01,6.653716847307561411e-01,1.833391355271661582e-01,4.261032951223374665e-01,1.352316984438627634e-01,3.398084743510226824e-02,2.324972169536036748e-01,5.966423328551427596e-02,1.558249949555209624e-01,3.859383394372044584e-01,1.121225986490018839e-01,5.831791395236377712e-02,1.485907462082483033e-01
9.464796253164092787e-01,3.141565229032253770e-01,7.167763484928562079e-01,5.035105720164027021e-01,4.278770049654748858e-02,4.920913327765015777e-01,4.003219647035222706e-01,2.819268072908042710e-01,4.820764353070872144e-01,5.246303541635238821e-01,1.667575490959791740e-01,3.971348585853361479e-01,2.249714066670538692e-01,1.383586016617768810e-01,4.006257611172655553e-01,4.039844112263051290e-01,4.046965291586010482e-01,3.598341997983905416e-01
9.309351534266572248e-01,2.234850343463255784e-01,1.303801061072085987e-01,2.255125394330236288e-01,5.083240731292359982e-01,7.109023301817940510e-01,7.055110460795336325e-01,4.049259286847378680e-01,5.786959467720417111e-02,4.725276455458237712e-01,2.074123877332004207e-01,5.255510866267931736e-02,2.804447069245018520e-01,2.850007074219275682e-01,8.065671995649664749e-02,3.160709982909792326e-01,2.554693135341998267e-01,4.143767275646125237e-01
9.574747897255190265e-01,7.312120685954989208e-01,5.482530819385311727e-01,3.593963219165275391e-01,2.607155973047311504e-01,3.600074276921950145e-01,5.624810301293166059e-01,2.970689811374699896e-01,1.006136112952120132e-01,2.117356997618947134e-01,1.971819467925493286e-01,1.695200929909138066e-01,1.606266125283421081e-02,6.696328822215975862e-02,5.327112493723028946e-02,1.885586336058241441e-01,8.976978769821326518e-03,2.604002777891918918e-01
8.297146121072387359e-01,8.384567812798819908e-01,5.898984228628897375e-01,6.125590816581865106e-01,3.283439038610423411e-01,2.493565946588250926e-01,7.147744984258580514e-01,5.906403156246492481e-01,8.532807097683804687e-02,6.672684364082120956e-02,8.042627370562102640e-02,5.129034602000340781e-01,5.017204852104151236e-01,1.014717096848807981e-01,2.369906622624670667e-01,1.478688954859937177e-02,6.830558712510292896e-02,1.046810563666817073e-01
8.623910830306676933e-01,6.457044084767136205e-01,5.838456865795779160e-01,1.870681079787200052e-01,5.516759107751939561e-01,3.636605357715947950e-01,2.721011581573039573e-01,4.046143119620959627e-01,5.657208482611886247e-01,3.596626178418487751e-01,1.259109737061444856e-01,7.325909731462892927e-01,5.062452288334106099e-01,3.130921206499185372e-01,3.288351966480566602e-01,9.705962961976642711e-02,1.257904198937777329e-01,7.547765949007458897e-01
8.918322370588630532e-01,8.195882330319567144e-01,6.776829945454074799e-01,3.523852855003081763e-01,3.890406531747364616e-01,1.802671530057267102e-01,5.056506945922843721e-02,6.096858119359632733e-01,1.034793614250987676e-01,7.581757313046896818e-02,2.550670007351149016e-01,1.007145754781017255e-01,7.466372025074177743e-03,3.192116881432519593e-01,9.416008575091040778e-02,2.920701430920727981e-01,3.218097653241816514e-01,5.189962713109848025e-01
9.475000654271386047e-01,6.944478593299272529e-01,6.334011917533309832e-01,6.069815984479565163e-01,8.519117655742161621e-02,4.145825969145980339e-01,3.446418496528884101e-01,4.479551615795449582e-01,2.409189359008095666e-01,1.799457486172719722e-01,5.917610999295873364e-02,3.834940499032906680e-01,2.181247559357405164e-01,3.101389848435220919e-01,2.373687631426170952e-01,6.179071907749449366e-01,2.475947902650008081e-01,9.364509358169144371e-02
9.445017398514128359e-01,6.076690922981328180e-01,3.835403229414273141e-01,8.350402267719921889e-01,2.779953432814800673e-01,9.600285879715833234e-03,2.415055838286233048e-01,1.294158127517102963e-01,4.748753266838409703e-01,1.522995635178055474e-01,1.438633867800457322e-01,7.537427128067525350e-02,5.555424975985152197e-02,4.171146701158043313e-01,2.872148390679146734e-01,1.085814105375674243e-01,1.440910415532116740e-01,2.894332711748061615e-01
8.967629787679464171e-01,6.901570451521000793e-01,6.790767885124391334e-01,3.474083995721196083e-01,1.579794745626814014e-03,6.645846146129247289e-01,5.248529408792262929e-01,9.628519961092306401e-02,3.175933650363214622e-01,6.382602675002000403e-01,2.226393462472930351e-01,2.585879749504698191e-02,1.101072311248731950e-01,1.569018482072892387e-03,5.117022806986470940e-01,1.086857742705032159e-01,6.437308156904877343e-01,1.239991413097828871e-01
9.395885294574374269e-01,7.470404177087431874e-01,8.003553204600859505e-01,5.087575570403198855e-01,9.294928715122042356e-03,3.433957376838262521e-01,1.361831736239942636e-01,6.236477207040711651e-02,7.951052638927098848e-02,2.780839964664113539e-01,3.341353013594666743e-01,2.321452066484156473e-01,1.685107972373480478e-01,2.391090066787363300e-01,1.814869380697618495e-01,4.608771533468370429e-01,3.035560462742873389e-01,9.570182142584655882e-02
9.182775825271111136e-01,6.002740808401295647e-01,4.646648655359105762e-01,4.157517399965938720e-01,4.507666775757004363e-01,3.202654050026856325e-01,4.012263689334308325e-02,1.992723529803078208e-01,1.818537516999790549e-01,4.966011183841980703e-01,3.037800865879773937e-01,1.951047587521057836e-01,1.327254660611994208e-01,1.669263608955166012e-01,1.076766390783674004e-01,4.097216996857662441e-02,1.380628326309248366e-01,2.955121197384534826e-01
9.431443492521985883e-01,4.035924484601183804e-01,2.599120344897882240e-01,7.041322264115318363e-01,4.523249037579735177e-01,2.196699161985029292e-01,3.655661625014127725e-01,3.894908958940737631e-01,2.316228608205535000e-01,7.328479340697950928e-01,1.554042100462624809e-01,5.924229202691105867e-01,7.245501554421587276e-01,2.896331570406374678e-01,1.665568344167155934e-01,4.055430790765886945e-02,4.504476398528035191e-02,9.238320129679365722e-03
9.635794115067587429e-01,6.894842258021167680e-01,7.674736282395365761e-01,6.568287745440027914e-01,4.388920624396917547e-01,2.600142532353011959e-01,2.399433390144014022e-01,8.612091893954827368e-03,1.240702665319315251e-01,3.580894622557935780e-01,1.795784678090362602e-02,8.370509491631215881e-02,1.630659979442339869e-01,3.971810908185010036e-01,7.213423530062901268e-01,3.795050766692364963e-01,4.215800783741164293e-01,8.044287256648986750e-02
8.850486236826313746e-01,8.141793330773131609e-01,5.412770537422068040e-01,4.860792122394616555e-01,5.819832541463441089e-01,2.100503657726494333e-01,8.836757478772969132e-02,3.845631977875444418e-01,5.359946567671625833e-02,2.667360162295381310e-01,1.787027004971430688e-01,4.011349617529093303e-02,3.101244503722440649e-01,1.990387722949782737e-02,4.045212012456422812e-01,2.329993605214875363e-01,2.360062636025182792e-01,2.967029869104418904e-01
8.757589943581641778e-01,6.044136540913802591e-01,5.796011738825795900e-01,4.559126418070973408e-01,1.848302989680819242e-01,3.199305163878913283e-01,4.105135885708351973e-01,4.674302580283169473e-01,8.382278820308095013e-02,4.927819429895994308e-01,5.334879809127621719e-01,2.697296509461969416e-01,8.317709450811629213e-02,1.311909662366650964e-01,2.712563117250432199e-01,3.715022411540918612e-01,1.001404010563309438e-01,4.611667795936919521e-03
9.128599473342206005e-01,7.231347644877147429e-01,7.533732684479920172e-01,3.937116763484704296e-01,7.242880194518400150e-02,4.152813971276523852e-01,9.616374306580159625e-02,2.909266678480333934e-01,3.992492132638309488e-01,1.688484040785296070e-01,2.878041416272325015e-01,6.809702856980195951e-02,2.439944625964594049e-01,4.775661737681584640e-01,1.685705959949003740e-01,1.327796872855428467e-01,1.218067989882057160e-02,5.827399360830168851e-01
9.196244858887571150e-01,8.788930882375549647e-01,7.445255141222362205e-01,7.707827005609203530e-01,6.515623878244596323e-01,3.564512809288055140e-01,5.435719431644507882e-01,3.568417125385742739e-01,3.026891598469275690e-01,1.711495356741611976e-02,2.391299863737066794e-02,1.797564484358065706e-01,3.410868733653572016e-01,5.181351237895557293e-01,5.536801175348841086e-01,3.537570010297039769e-01,4.365714910664577064e-01,1.780741369116246517e-02
8.930820187081549566e-01,7.448021932613799745e-01,7.050182003387951424e-01,5.417187389235088579e-01,6.475102636271229395e-02,2.226192245806097036e-01,2.811828844553770912e-01,2.627020150115156882e-01,1.366437503910239437e-01,1.021218390811898941e-01,4.353861172982073091e-01,2.947553660681819787e-01,2.931838930317598457e-01,4.160787249010510780e-01,2.921087053799490893e-02,3.061613202261863065e-01,4.233678487908867222e-02,5.705790371243064651e-01
9.130897437155641727e-01,9.246144578434108974e-01,6.964302518540186338e-01,7.442833068423340137e-01,3.496051563801911843e-01,4.448493325497262507e-01,4.485504100348401968e-01,1.982152114609556093e-01,4.819579748635285377e-01,1.278350896068251169e-02,9.237439783674089577e-02,4.365235000652037956e-01,3.346763972558107203e-01,3.277244182036783138e-01,2.036755007115691463e-01,1.166818994304439083e-01,1.280971132684515235e-01,1.066392371650993487e-01
8.937422791746156836e-01,7.577322152452923287e-01,6.810752759910435605e-01,4.125065193897490823e-01,4.211866698221734817e-02,4.188978298963364488e-01,1.768811227355615301e-01,1.555843876089989530e-01,1.713355377223864107e-01,1.180236088426913355e-01,3.881490536553259263e-01,7.349124161075394623e-02,4.844137898030251854e-01,1.624234206281725823e-01,8.189671633022974073e-02,3.292035987437406108e-01,1.238862504776019891e-01,2.160908181651901294e-01
9.428633008901120549e-01,5.106800027378134432e-01,3.958520419467759788e-01,1.520328348662474682e-01,2.309440209589921911e-01,4.716368410424131574e-01,3.781573600208266162e-01,7.213392275973066203e-01,4.580397181848399057e-01,4.289368248737895906e-01,1.454456249831485304e-01,3.797190936068686185e-01,3.922958991617030156e-02,1.605923816721344377e-01,3.004594544035364412e-01,1.245764227394825091e-02,2.906072673301594508e-02,2.088800283423256909e-01
8.537567100793069796e-01,7.613805588727723395e-01,6.719002782728288325e-01,8.665310305158889781e-01,4.271819728861739329e-01,5.171642262870765894e-01,4.698891335453431739e-01,3.271992953131812598e-01,1.845249277408105015e-01,1.596153347013741161e-02,6.487020788912934988e-01,1.334017806538655669e-02,3.933029654893078764e-01,1.320314311443875066e-01,1.053132896793139983e-01,3.656095788895614707e-01,9.858019986291469139e-02,5.253415604038611519e-01
8.994311035270983190e-01,6.407314312961536196e-01,4.985940632506183356e-01,6.050929695916519302e-01,2.626474154444821130e-01,4.478793020573049177e-02,5.102740832156777984e-01,3.474344187545940210e-01,5.837010409095046981e-01,3.291829563426478256e-01,8.969028893704354688e-02,6.092066170756164217e-02,4.446429868538631647e-01,4.150471308804831172e-01,6.937754904070616568e-01,9.835982184830080466e-02,2.941431962985054938e-01,2.395257440961230389e-01
9.463270770610088256e-01,4.921460039050495894e-01,5.415709100685436317e-01,4.185113588201216372e-01,1.085276869123321525e-02,1.491575633073925246e-02,5.054937899584849292e-01,2.169522829139126641e-01,9.648872901918950640e-02,3.832660144863644924e-01,3.293147054161715825e-01,1.679188712591560551e-01,1.161659571639789557e-01,3.114542893153153802e-01,2.284750820632678037e-01,2.777579720862655699e-01,6.133898337580868665e-01,3.153625746749385006e-01
9.272787420860743035e-01,8.690223920280343295e-01,4.455629006556471872e-01,3.465930377026306131e-01,4.308202880290689096e-01,7.201174531511157495e-01,3.556149781606463001e-01,2.564541478530930618e-01,1.648545001836354829e-01,8.330002260952328041e-02,3.215821840538796769e-03,2.377914925397590917e-01,4.088775600469046756e-01,1.651123239229387307e-01,6.570483252794302731e-02,4.933285709418383513e-01,2.880250399108504333e-01,3.497468058859237727e-01
8.522186043768821273e-01,3.708857468680779035e-01,3.303650876761760613e-01,6.499377792286177291e-01,5.395491046765179544e-01,2.232999758336798660e-02,3.628698361036216680e-01,5.838820151160778460e-02,1.126837218173480371e-01,1.312812941400820499e-01,6.172598293151440041e-01,1.136936948259862148e-02,4.547536903368843419e-01,2.331014361079802311e-01,1.232677309470056742e-01,8.745548195650840184e-02,2.687588220279842413e-02,2.231220213601757887e-02
9.418919244828435344e-01,5.420139239084446059e-01,5.088198262005190209e-01,1.833692745775806487e-01,1.840512567355976903e-01,7.695218415107725196e-01,2.768065482332524585e-01,2.310745975067755517e-02,1.211374698899531505e-01,4.921974104560652430e-01,4.627622032016176501e-01,2.451619528357554534e-01,1.246436597230531421e-02,4.975077173684860216e-02,2.000461161965788603e-01,1.141927159147484022e-01,1.750091830855181052e-01,1.016347139098223995e-01
8.865107470346867968e-01,7.915726485830048009e-01,9.148193625926839267e-01,4.968933196335753588e-01,9.506177449772119925e-02,6.207018984639474379e-02,4.216557923509943739e-01,7.371063240140413031e-02,7.936387372998916778e-02,4.173333173659811712e-01,4.494541083545226523e-01,7.294121517653903153e-01,2.499136462126116676e-01,5.865069026820557418e-01,2.059723444350387567e-01,3.416594044698978427e-01,7.314184190416074538e-02,4.725395986568738382e-01
9.282010602479018324e-01,2.287019375877311911e-01,2.283748091157950244e-01,7.817314633025332915e-01,7.606911311972450740e-01,4.367658191820770752e-01,2.599094275411102384e-01,3.674326784471182994e-01,4.550287527857673764e-01,3.071652489334071867e-01,4.679683465155708988e-01,4.655094091205112285e-03,1.345247446780815648e-01,3.406181159855166118e-01,4.133013487523012897e-02,7.382523515497231570e-02,1.361368135685744603e-04,5.729775121459436404e-02
9.075305436999256958e-01,7.614580918148273758e-01,8.113316134454517936e-01,5.449123548956241736e-01,6.166966970108901380e-01,1.994382813319278414e-01,3.038265635577814816e-01,4.552548127509115639e-01,2.528477403725485906e-01,1.019687451180985582e-01,4.880785798413022625e-01,1.201208405514620353e-01,3.047456378477562122e-01,9.368806964330442244e-03,4.432550619361211863e-01,5.577364929326087406e-01,3.904071306469280023e-01,6.264552852540221650e-01
9.337304736406953909e-01,5.696055199036199612e-01,2.754891520808369632e-01,2.729063087048930747e-01,1.414873733236776676e-01,7.278479900467467456e-02,1.720762648469487677e-01,1.005787658545587715e-01,4.446802613994366160e-01,2.257348432713634223e-01,8.231042308010069752e-02,4.320593564647303708e-01,5.552148053217829116e-01,8.677146476329919422e-02,5.350031172581180133e-02,3.854114331230482082e-02,2.007270573528350532e-01,5.053630789710353843e-01
9.539091184400546597e-01,8.582223261666128700e-01,7.152332340715776837e-01,5.833612330731675621e-01,6.838858357194054216e-01,3.714350653235634070e-01,5.368683954205448472e-02,5.270341397928962612e-01,1.732616329913759246e-01,3.700695919801630374e-01,5.630276400008017712e-02,2.160399980257520502e-01,2.237434729394882915e-01,3.116533559718475677e-01,1.723402362801486898e-01,2.025777893227081738e-01,4.468405691356040488e-01,3.259675617731672692e-01
8.398794638495752363e-01,7.416040529204579457e-01,6.608112867623875397e-01,5.643089541207011450e-01,4.880927205441986660e-01,1.937265293867580784e-01,6.004941065509092346e-02,2.527771454755748937e-01,2.114061625914135101e-01,3.588752918651400559e-01,2.132040124415350846e-01,1.006222250882673752e-01,4.645340502003833527e-02,2.022158976174343037e-01,2.709103784220375788e-01,2.578006446267291918e-01,5.131279450123963359e-01,2.217957597538888770e-01
9.353037509475432554e-01,3.558944729082057505e-04,1.747071111436071800e-01,5.147761914461657096e-01,5.088737453620161277e-01,5.351955959619346670e-01,5.713627518474964084e-01,9.693509450321940004e-04,1.951712098847224186e-01,5.774113734206228754e-01,1.002691467478658421e-01,3.150675521752636654e-01,1.160546530404873850e-01,1.144386490227024405e-01,1.722018359670615395e-01,1.317336856946794976e-01,5.638131949816533872e-01,3.308168772311047556e-01
9.296056145505567914e-01,8.156225593169016408e-01,8.284298302118798807e-01,3.889508092302856879e-01,4.320462333957305057e-01,3.733241796508233179e-01,8.569667642227596360e-02,1.707390626279894630e-01,6.495604227357377747e-01,7.128433645348086767e-02,7.218231161626474657e-02,2.590018408067475963e-01,7.773318196693732030e-02,4.116027138540576807e-02,1.612060185174847005e-01,1.332468013367658216e-02,5.910806596630014953e-01,2.644753047251063860e-01
9.321195543581777265e-01,8.996942837715750096e-01,2.557863749812279153e-01,1.700840712309104330e-01,4.389160463525283995e-01,2.079426825753321328e-01,4.064740093674949484e-01,5.482318512388637544e-01,1.190453128165531033e-01,3.201557474959005889e-01,3.173490027811254333e-01,5.767188498618499443e-02,9.107840314043880170e-02,1.230350715919053400e-01,3.226335563195181777e-01,2.109645203180889605e-01,2.945070385256829404e-01,4.412914327935629072e-02
8.334885297840471940e-01,3.183267240811739618e-01,6.387385658206668620e-03,8.004547237891008749e-01,1.145889651953092281e-01,1.111120926707844375e-01,3.349372964333392488e-01,7.472600506877739024e-01,1.404351066181819818e-01,5.879403077774544295e-01,1.451840957651023833e-01,2.928407779862259308e-01,2.005724177859593282e-01,3.075555147591339522e-01,1.310959568913721562e-01,8.505282330287439185e-02,2.690484375207648493e-01,3.581767467936248783e-01
8.749694938745607997e-01,8.144302361700151982e-01,1.613543950624296008e-01,1.553485315036292336e-01,7.629692609762707134e-01,5.672009147038965804e-02,6.396526386656923744e-04,4.882666885359981390e-01,2.925416267677469553e-02,5.362873563926235931e-01,6.536631430451732561e-01,3.592460970474636861e-01,1.870195078288001411e-01,9.811641540842258591e-02,6.610631353492314732e-02,1.985415449669711285e-01,4.989504014572265223e-01,3.496609037738573900e-01
6.879872287395363273e-01,8.561348120120250149e-01,3.484268455747185911e-01,4.580199972703605238e-01,6.573845153452989587e-01,5.384950328784557927e-01,8.664289838145934342e-01,3.531086044327674811e-01,1.257305007412045372e-01,5.523010171668183421e-01,3.757895924955712702e-02,6.189506292249653541e-01,3.125295201909935039e-01,3.988506670781414298e-01,1.675748977203993795e-01,2.589578670345310529e-01,1.150748526566566371e-01,2.236045257719148915e-01
8.999903725187307080e-01,5.894940771925741840e-01,6.155555868337007075e-01,1.661635294763375847e-01,2.399099347121589065e-01,3.823813062175444033e-01,6.103301883675259498e-01,3.771639759653143131e-01,4.348243780688187260e-02,1.046642163069063658e-01,3.040556540817923245e-02,1.208646157107039903e-01,5.594535484545064552e-01,4.959340814367746986e-01,4.528595191937038328e-02,1.336320177650973939e-01,3.288880156257539128e-02,2.079455477752627235e-01
9.467402996679420424e-01,8.449443485352339245e-01,8.568990471012011279e-01,3.632464612773966262e-01,1.326903227124113724e-02,2.233426645277202804e-01,1.931787796301355775e-01,5.897069174984137518e-01,3.081933473615557362e-01,2.477665501818793192e-01,2.023006194322155560e-01,5.251908411122626630e-01,1.057567164545445554e-01,2.531248029134108291e-01,2.420298672465013776e-02,1.290599438233179796e-01,1.000908186545577672e-01,1.085327201264302127e-01
8.951291036095244680e-01,6.722590074339884758e-01,6.769641764794128713e-01,6.541638413163448906e-02,8.021395673701371687e-02,6.689672123047073482e-01,3.421310556919829327e-01,5.929382415180153298e-01,2.347138470985229465e-03,3.942285334129533303e-01,4.450207309729716787e-01,6.232081015305089844e-01,5.119275034695102145e-01,7.432548928502443961e-03,2.363674525579344821e-01,3.362299933213488412e-01,4.126073819109966068e-01,5.618638911545602577e-01
8.577819036155186483e-01,2.632399983377349817e-01,1.518591502898538337e-01,3.883018574559790048e-01,2.627863936788492061e-01,1.271636404136800846e-01,3.356942281210758550e-01,5.720823597474311573e-01,3.477041662924447718e-01,1.317036554513684732e-01,8.286252657691328682e-02,1.784522313692835926e-01,2.723278331368215177e-01,1.317744606131887042e-01,9.328345976726665212e-02,3.425502741825930952e-02,1.847086766847314335e-02,1.908683488206708023e-01
9.154876249183618864e-01,7.530058043976299853e-01,4.250758300374632426e-01,8.189902422373823709e-01,5.512245084323297295e-01,4.003411738676180276e-01,5.045791442629766754e-01,3.865999521106321390e-01,2.758507818859197713e-01,6.658311942558114982e-01,3.882805903013338278e-01,1.793683544463542945e-01,4.882380436575784605e-02,1.931188180375612712e-02,8.356231256925052142e-02,9.885369874097245380e-02,2.359758474447132826e-01,5.627662386889550200e-02
8.793074147859855083e-01,1.977004750398634880e-01,4.784164878713443453e-02,4.577138050019493587e-01,6.020219258384403860e-01,9.930885798390402808e-02,2.079128783893777754e-01,1.995266429840890643e-01,3.041860531648030719e-01,2.940885725882574353e-01,2.900160588193011479e-01,1.393941707831186372e-01,4.465147540866440945e-01,1.899050458565241239e-01,7.248530456072390347e-03,2.069162140680685935e-01,3.433683088347040391e-01,5.347238401015352860e-02
9.174376460471235228e-01,4.444561648750818827e-01,8.008441255544060944e-01,1.896794645384921804e-02,3.141506247348102576e-01,1.891270703844618872e-01,4.305793094846894764e-01,3.016016384709793163e-01,1.107611925403889225e-01,3.448337508255131523e-01,1.798649402211061760e-02,4.497803691943784155e-01,8.701565572924922776e-02,1.473358505761738491e-01,3.263462146465649916e-01,4.666350944414635049e-01,3.713220027882281893e-01,4.523162395349635823e-01
8.281080619326545156e-01,7.820966620406976100e-01,7.867251230425734709e-01,7.320456240459325414e-01,4.709909214218908624e-01,4.031805967919335765e-02,4.017905482946776408e-01,3.434781657160435597e-01,1.410018922221343007e-01,5.177788287531001066e-01,3.467599558759224543e-01,1.367121034625284372e-02,1.278103997933682234e-01,7.596767970993104210e-04,5.249591374883493256e-01,4.075627863499918790e-01,7.161294881428037495e-02,4.067487827565197112e-01
8.567258273633734378e-01,1.423476419301216711e-01,2.997467069180093646e-01,3.888967540435764314e-01,3.999078482557107961e-01,1.312535078593692617e-01,3.783803711977014594e-01,3.138217963071118777e-01,4.505920803807272335e-01,5.350562121696348372e-01,5.708714556749907437e-02,2.576797804431176231e-01,1.617245186538154300e-01,3.659613607840110916e-01,5.846171649896714229e-01,2.208037948439070808e-01,6.807307690550054580e-02,2.743079914603137603e-01
9.252688218523136277e-01,7.147549478481380891e-01,7.200207578650954510e-01,5.358079336148270366e-01,1.897976716305199429e-01,1.891649715784097796e-01,4.363052038412044281e-02,2.316192559416418995e-01,3.999568210833764903e-01,1.464729026094295228e-01,1.996364476610687777e-01,3.312762717624233577e-01,5.210076606659796300e-02,1.319216190484466811e-01,1.037652644143054192e-01,2.696770227421825816e-01,1.519155883670388896e-01,2.643431661191343873e-01
9.386026588612189636e-01,8.126914161778224788e-01,7.331210428327367135e-01,6.627773026547891799e-01,7.343547730270102991e-02,2.056318147758541548e-01,3.977983200024008958e-01,5.276695766496660722e-01,2.274271451856472726e-01,4.646084919039192296e-01,4.868397232816470965e-03,6.822558795678972388e-01,4.061472487595770287e-01,1.163886781918070795e-01,2.978240313018456487e-01,5.231978170022872909e-01,4.712344633336285615e-01,1.495096501632238450e-01
9.525704253867912641e-01,6.673017866889878746e-01,8.535741239489725851e-01,6.164550863056824509e-02,6.719150855809637168e-02,2.324390640755163717e-01,3.702455911951131329e-01,6.224759802424926214e-01,2.801116568877798918e-01,1.155754645300986760e-01,1.010152985405747411e-01,5.696551683494190943e-01,1.317030245134688804e-01,3.193533836060853393e-01,1.567269885138708185e-01,5.240396508307931800e-02,2.841185168033109609e-01,1.773905309412712461e-01
8.355571388371243469e-01,2.955177056869844887e-01,4.492310870141583701e-01,5.636514681121624903e-01,9.204913874839040777e-02,2.414689770534424185e-01,4.952271586637408407e-01,4.026945066970542553e-01,3.324479150725054843e-01,3.178274332056842955e-01,1.219870177553850597e-02,4.706680434584728512e-01,2.223088885658132396e-01,2.622897611997485612e-01,1.257804846031089774e-01,7.814780877691400451e-02,1.531735936885233185e-01,2.141608658651582009e-01
9.293823794682714023e-01,5.462389452309862614e-01,6.112890645634931619e-02,5.674265381616803300e-02,6.904616977195399130e-01,7.186193181444744393e-01,5.909729044046018176e-01,4.705355529547981530e-01,5.481028657354199835e-02,4.765249046765885899e-01,2.429456147089640583e-01,1.915981279132487336e-01,2.592555122847839955e-01,3.022893849607048433e-01,8.359297613177109343e-02,5.473873439263546858e-01,9.833780075445516800e-02,1.134458323250544381e-01
9.331028321110130808e-01,8.038593751016727129e-01,3.888043031206778744e-01,3.983550909872504708e-01,2.732914748047397379e-03,6.109289787423688445e-01,7.005660072496937563e-01,1.280736601120383844e-01,6.083913544447563382e-01,3.832829798223967854e-01,3.937176031938302012e-01,1.057393606588891977e-01,3.382472335698112342e-01,4.506633406366694627e-01,1.628761870144390944e-01,2.868912378086951320e-01,5.381531463015005734e-01,2.137468894534113040e-01
9.214440495939517639e-01,7.738989617987860337e-01,8.026861351648344467e-01,6.514542446604111303e-01,1.110895035758431848e-01,3.899807465229380155e-01,6.420008636924551260e-01,4.813533828683785182e-02,4.529666028075629396e-03,3.776695149818546926e-01,3.315428197072219918e-01,2.997374872505143562e-01,8.417829925198730412e-02,2.266848292240602747e-01,4.551181957577540849e-02,2.373983045015301274e-01,1.429726812911094047e-01,4.292260558589481301e-01
9.142868645345499923e-01,8.638980259895291391e-01,5.102812994002577929e-01,4.812654925237511844e-02,6.889273029594571440e-01,3.414118475817718990e-01,1.656396272839819050e-01,3.083995410796126491e-01,8.129207987995890061e-02,3.697509616656242948e-02,1.509791035811288984e-01,3.703158150552274264e-02,7.279851393778376256e-02,1.597597715976869504e-01,3.942067998690934605e-01,3.999601317945324364e-01,2.354523696359423768e-01,3.110611727731776854e-01
9.260362416627800908e-01,8.773802701572073204e-01,8.173240552939651238e-01,6.180875653458244301e-01,6.622457901210421216e-01,1.565276601045634264e-01,2.765949520948580154e-01,3.374104088972369464e-01,5.154786241592350382e-02,1.249765214766350267e-02,2.201085928745101228e-01,5.820408873217256529e-01,3.257812603935453799e-01,1.894965501686812770e-01,4.039826463354216357e-01,1.375750681017265109e-01,1.109526729713282006e-01,9.621125591643900354e-02
8.787671923921805961e-01,6.699251140374083979e-01,5.054501765287873205e-01,2.701302903929134192e-01,3.932298574633312782e-01,2.357221868504409401e-01,1.261444185832021614e-01,5.320517860600968429e-01,4.272547329071612054e-01,6.453668662517250687e-02,4.546652303448868726e-01,5.583917727262177610e-01,2.311789586623339554e-01,5.148281558297295168e-01,5.024475532439954817e-01,8.341519688620921413e-02,1.593540883014158416e-01,6.165748186220636473e-01
8.812385941944206325e-01,6.369650349755237029e-01,4.268811122158057692e-01,7.543051447606791138e-02,2.028847078192589637e-01,3.496871318606082912e-01,3.848678592144213345e-02,4.573042517671064844e-01,4.047868483806663087e-01,6.239298612433564761e-01,1.844612206730330273e-01,1.474694625781782786e-01,3.146446255991197094e-01,1.084916878637487286e-01,1.302431324351536190e-01,1.496257221890114897e-01,1.626491766596189770e-01,4.978325365020111470e-01
8.763693777107249838e-01,1.155219891354827555e-01,3.148751487395719528e-01,1.719973682525964553e-01,5.365372127036103223e-01,4.767919722121182757e-01,5.097090747978905156e-01,3.114127118595506061e-01,4.314392359476270644e-01,3.436985198536560149e-01,2.931496140839965348e-01,6.183962297375673600e-01,2.552656946134668203e-01,8.320367626769907543e-02,5.575947990332690285e-01,3.791034392675184106e-02,3.718352432365288895e-01,1.426262721372973177e-02
9.514136682595702998e-01,7.202814046638384982e-01,6.941324979357277325e-01,4.081875323303057468e-01,5.706704394746001663e-01,5.622509090146733390e-01,7.028031682643861577e-01,6.613341003929273931e-01,4.472219025965031847e-01,9.122695110795633888e-02,4.331403580256477648e-01,4.675729934301924851e-01,2.235253842209496411e-01,1.404061231910211371e-01,2.417981138476704983e-01,4.596542538594928784e-01,3.869884765929244574e-01,1.913128232932478356e-01
8.938602321915961602e-01,8.339175791648862912e-01,5.637673412180694843e-01,1.445246202874169716e-01,1.761810552621210502e-01,2.009491921360090083e-01,6.031080546553082601e-03,1.169537522045748373e-01,2.285843474041917289e-01,2.354768418421424730e-02,4.090241096153627298e-01,3.598212209114503568e-01,3.231918497452399008e-01,4.270738444337945361e-01,1.643613402851620553e-01,2.680471333837749492e-01,4.791580463874233614e-02,7.513199186651835226e-02
8.630132904639874480e-01,4.703564277833935381e-01,4.985432225000296369e-01,4.307687404418920618e-01,6.105389599620821839e-01,2.634855088563031189e-01,1.474644200112792958e-01,6.306481723253664073e-01,4.261165124918221969e-01,9.641785266682312283e-02,1.597272525724296732e-01,1.390146307333434694e-01,2.270654806470645826e-01,6.159983050509180158e-01,1.954269964989011066e-02,5.913851464656944001e-01,4.930337521358675312e-01,4.373111956780784682e-01
9.003569126306906201e-01,8.630463427816166266e-01,8.422588829267176891e-01,7.305052780459119210e-01,7.303722246267831952e-01,8.255257535873047336e-01,2.486415569039680251e-01,9.808944759657943491e-02,4.888957072009056937e-01,1.743956316973708787e-01,5.948820633756199960e-01,5.697521813091928067e-01,9.340011491191978210e-02,2.116229278116084703e-02,1.109486441593298400e-01,1.008349091432059058e-01,5.849671215812393688e-02,6.198772906711100816e-01
9.230391707171359261e-01,4.694698266260143305e-01,5.008973696579634982e-01,4.632659240896623287e-01,5.719519118028674187e-01,1.078208326089811070e-01,3.929373358313940079e-01,4.568430055832356507e-01,3.010699854390627150e-01,4.132821576721156798e-01,3.223236428918067886e-02,2.508955999384347435e-01,2.916530145315933686e-01,1.012033416001438813e-01,5.637086700626591229e-01,2.288727141324737313e-01,1.821578938979228346e-01,4.368116171072673470e-01
9.172886180238980502e-01,8.014069563123673579e-01,7.592925080274576244e-01,5.409729452695173357e-01,5.567787367418105537e-01,5.146957022681629690e-01,6.213844896899328729e-01,6.911816448326486839e-02,3.209283895765759065e-02,4.194203492752203166e-01,1.661583619225513453e-01,3.891845903945145291e-01,3.991320999172534023e-01,2.664777051902217364e-01,3.509794910669293833e-01,1.413537841074777590e-01,9.891148828916164482e-02,3.682763057985943139e-02
9.238150103402303914e-01,4.980342498693401398e-01,5.197360681605187605e-01,2.071196580766387907e-01,5.384153041481309909e-01,2.158169325724826892e-01,2.023019980838592080e-01,1.079381218161690470e-01,2.051479393450056088e-01,2.580878679255703689e-01,3.672117608087512863e-01,2.792964670360407187e-01,1.786414529598876755e-01,2.927157268531766499e-01,4.452672845420470316e-02,4.381790230944974107e-01,1.695802259069452700e-01,1.856289700818201244e-02
9.002125115361976349e-01,7.505564795606609607e-01,6.583357922026636944e-01,5.999330431298134370e-01,2.524067698345349720e-01,2.823819734589466113e-01,1.213219544706066744e-01,3.249911954241714307e-01,1.463258552201283924e-01,3.397330678005237026e-01,4.028604253946213021e-01,5.724422926277554780e-01,2.444474763477807178e-01,2.691156551804482766e-01,2.952730904588075633e-01,3.580719954986667508e-01,1.591833176881078116e-01,6.159160201024001940e-02
9.591873834231695595e-01,5.596000367859838009e-01,7.594878581350729130e-01,1.272437614745826895e-01,5.946760894510694229e-01,1.872122330616643182e-01,5.235356042276002597e-01,7.752200233119184436e-02,2.432057660445278643e-02,4.843272339083860567e-01,3.437846115630914801e-01,3.826884558435100225e-01,5.158590993277185621e-01,2.088179101713868724e-01,4.101637398680583191e-01,2.745965167679962349e-01,2.921219717719820697e-01,5.887567783158788037e-01
9.415433576912026759e-01,7.576998376458818907e-01,1.712049351891638538e-01,1.276966238270436371e-01,5.898813618234138856e-01,4.285312549159306372e-01,7.195186718601706555e-02,6.468053828801453298e-01,2.262419632934183633e-01,6.350287161177208262e-01,2.895870731701439826e-01,1.942934720631137036e-01,1.625313821280751081e-01,4.532826461075994962e-02,4.685883591144204829e-01,3.041640328838666751e-01,1.697894494589245462e-01,5.677722813612352815e-02
8.294377749035800607e-01,4.780608398504822554e-01,2.422552194621817312e-01,2.937570445456421653e-01,2.175747560150280702e-01,2.167307177287641495e-01,6.577296174823710206e-02,3.120911071155619831e-01,5.340874869638825156e-02,7.491418825512697818e-03,1.226020285997613257e-01,1.285613256309546815e-01,2.113683610209176472e-02,5.391087961163718578e-01,1.608630390460728810e-01,3.016577844156931865e-01,5.246751847028151561e-01,1.331423933505187784e-01
9.351187500225565108e-01,5.899396071412467135e-01,4.367646123387787793e-01,4.059527340651314375e-02,4.217115657699829767e-01,2.956674965182398140e-01,9.865855081960872575e-02,3.751816579059637918e-02,2.676850975095144136e-01,4.176937474854833937e-02,1.670237448320911477e-01,2.639059851258298006e-01,2.438120160188245178e-01,2.071228626423633479e-01,6.402811247105665293e-01,3.738375627152683012e-01,8.711296894040423955e-02,2.869555301430836147e-01
9.291647623566867686e-01,6.968904074240251934e-01,4.390741075207860167e-01,2.736501427317745705e-01,1.048451731633315565e-01,3.730794462052152705e-01,2.507207673396619763e-01,5.409025580128378197e-01,3.471187010072617624e-02,4.407307248237471442e-01,6.203078497165657179e-01,2.044279338676271152e-01,5.731135022204082441e-01,1.914686944275729164e-01,7.051248682584352334e-01,1.034930458569659900e-01,2.986847305084781579e-01,2.023879717485307650e-01
9.718373532369954937e-01,4.601739178109536810e-01,3.858904134902685357e-01,4.278397710071950577e-01,1.260103685581854260e-01,4.377193520506750812e-01,6.819168771737234291e-02,3.892302293905950533e-02,1.227930197961524666e-01,4.119405781262615585e-01,3.317608934697884315e-01,6.855627248557494280e-01,1.072468343981502897e-01,1.925484195012443223e-01,1.950358344844037306e-01,4.806150099458922909e-01,8.935789698455981478e-02,5.322666315273325566e-01
9.311941055505427167e-01,8.776269084406007615e-01,7.563760007828478349e-01,7.533132533621307303e-01,5.240767987419224783e-01,1.429200800897613144e-01,2.702956953703496978e-01,2.229296903999843371e-01,6.030686559101926594e-03,4.572700543559352626e-01,9.780962017575023371e-02,4.208070578498820935e-01,5.471622406126006588e-01,2.240775166204508617e-01,5.258763362932177693e-02,2.580946863046872930e-01,9.141934522276658204e-02,4.406969899948393055e-02
8.618973522181343494e-01,5.856078510271466309e-01,1.831886561896661422e-02,6.730196629058468431e-03,4.750389515137629082e-01,2.084825221116004546e-01,3.069438295621760085e-02,3.819639380768363179e-01,1.264534549251167539e-01,4.661304530260549916e-01,4.659475943049207203e-01,3.971708181276947802e-01,9.942554504017947492e-02,2.344304395290035259e-01,7.044575424486719806e-01,8.662161592123178433e-02,9.848755729980379625e-02,3.574952241202256631e-01
9.567811246862726327e-01,3.812485692261441961e-01,5.289034405269545935e-01,5.609022262601791597e-01,2.399110827290929226e-01,2.990450174828555574e-01,8.446433016740372696e-03,3.863617857259398769e-01,1.401169207310080378e-01,4.077842929790925219e-01,2.621856144060301652e-01,2.021830431009722373e-01,1.464000885150627262e-01,3.906890614617969382e-01,2.389817246806273110e-01,5.192142918210904678e-01,3.275521157388005533e-01,2.238932914557725251e-01
9.094060589059199673e-01,7.974678585846916024e-01,6.864029705189164110e-01,4.529601219027775683e-01,6.215670707070021228e-01,4.503799572134390417e-01,6.822316913336633482e-01,6.808497104985187232e-01,6.134232154034391371e-01,2.454562137000644018e-01,2.880274658030955170e-01,2.986815765136971099e-02,2.517748948015977040e-01,1.471415318203272427e-01,5.921832967792755031e-01,2.680129549106292641e-01,1.241180157363737102e-01,6.642637471349067957e-02
9.503575963068054966e-01,7.837033943019006133e-01,5.533626774026961792e-01,2.648685294455172534e-01,5.524095885701965081e-01,1.619298270689528696e-01,6.087038886111938857e-02,3.362518814226643782e-01,2.570081189287705681e-01,2.477996894913539472e-01,1.825961388980027467e-01,1.862374741583499860e-01,4.919182046837246025e-01,2.608182894975946131e-01,4.677439276160876708e-02,2.874823187032202881e-02,1.981696839277001243e-01,1.232569234383273510e-01
8.847619675080355961e-01,3.344688150497130419e-01,4.924439376375878141e-01,7.813985243110294077e-01,8.012671797394825823e-01,2.878131045948735811e-01,7.998946576516203777e-01,5.705260090964289765e-02,1.925125460654896759e-01,3.146811016356789725e-01,2.223879720085010225e-01,3.196823393978293071e-01,4.045860902255424829e-01,2.677210299167285812e-01,3.144816018997785290e-01,5.761984035563712248e-02,6.513342224158061300e-02,2.698939264052843678e-01
9.325037161698658261e-01,7.188612863992314139e-01,3.599018704760451604e-01,9.091508572868227389e-02,2.795275452336944411e-01,3.480543870778308180e-01,7.657158892627495550e-02,4.603094021787589307e-01,7.620799780365529463e-02,1.489559359327347898e-01,3.028433051344618376e-01,3.040294431604949055e-01,2.547558461586073575e-01,2.024444979671071732e-01,2.073102063854090071e-01,2.947620558991866369e-01,4.671637492217015075e-01,5.500174588382356761e-02
7.627236047886460923e-01,4.705015263248141788e-01,2.055438668367159383e-01,3.459438395693166801e-01,4.260653020392723977e-01,6.478191884776787202e-01,3.718705113798961293e-01,3.899470359738241854e-01,5.354473815473943799e-02,1.556779682276687449e-01,3.317657718100210928e-01,1.441460862781275554e-01,1.195656635565499858e-02,2.664789954749073320e-01,1.256345061592005208e-01,5.629565516968275674e-01,1.130550822973570985e-01,1.840990152595052554e-01
9.049123043533616739e-01,3.092448948591157709e-01,1.237896712647844205e-01,5.520744415350411494e-01,3.890202002508371115e-01,3.001139073459215822e-01,5.341800741612057202e-01,4.930199161988972345e-01,1.321477672266187231e-01,5.039574857583656309e-01,2.233340318961845317e-01,6.229932422483541732e-01,1.897626704718842205e-01,9.592724628582498247e-02,4.988479370409317770e-01,2.529767194336244862e-01,6.245316785806540733e-02,6.270277594896203066e-01
9.514980160788428787e-01,8.114866039362104155e-01,6.169366730203129645e-01,9.569905881888132737e-02,4.013288270168460237e-01,3.145474745576931630e-01,1.201159561350186589e-01,2.698919054855393740e-01,1.207388006792844276e-01,6.164825118371320967e-01,1.090569543798426133e-01,1.097248802061741579e-01,1.340748975557241596e-01,5.812937796824331205e-01,7.376960074889853114e-02,1.339713465021250167e-02,4.413005427487587395e-01,2.639481017693759979e-01
8.782396913159805640e-01,2.654927619252639426e-01,5.619234900389044052e-01,6.496921876761868608e-01,4.558672245288630243e-01,5.039305037187710168e-01,8.544900646205959294e-02,2.952908853580185622e-01,9.318780984549064617e-02,9.092299822322141845e-02,1.357005384043735441e-01,5.271842214738149679e-02,4.828086667808603738e-01,2.470021485721524968e-01,9.185039675921127800e-02,3.098278900561294846e-01,8.965327751886956187e-02,1.765759435523178988e-01
9.044533549492973501e-01,9.747075906201599360e-02,2.754536428948786142e-01,5.156552869976949172e-01,1.489834725400014104e-01,1.922984974185229512e-01,5.500080924600468935e-01,3.417310430802901200e-01,3.539488749283380975e-01,1.222765680302136393e-01,1.842720555752106748e-01,1.117946796006619690e-02,1.778547564673599868e-01,5.604353364000723703e-01,2.649925637764448672e-01,3.423707529981104281e-01,1.283818288296048327e-01,6.422367045076968206e-03
8.183612050820633366e-01,4.656503837022415992e-01,3.140591869682372583e-01,8.378420289089501261e-02,9.998573148361292184e-02,2.771105727245657541e-02,5.141043911149607154e-02,1.946080227054149681e-01,2.158135589612402983e-01,8.925381322200833314e-03,4.538702462553199229e-02,5.819719574736850753e-02,2.901611803065503592e-01,2.837142123885000866e-01,2.893670715856724307e-01,3.456445569144858121e-01,1.425321462566606356e-01,8.634498407957405530e-02
9.283395072062236020e-01,4.420895688223349107e-01,3.632874059990461868e-01,6.473111093021298723e-01,5.754508759971120879e-01,2.441595756036394060e-01,5.445014351795806062e-01,5.592589089420666459e-01,4.438979621440444223e-01,2.315350942320134608e-01,1.309089210492958566e-01,3.068105521503043387e-01,3.150785911857684751e-01,2.987451184552398220e-01,5.818580096940841884e-01,5.625278906745119489e-02,1.045710095824260999e-01,1.296639908917189901e-02
