9.091804567125835179e-01,1.005682109851973177e-01,1.116624254199552052e-01,6.225243592128300030e-01,7.388590686932577922e-02,3.625276440678015244e-01,1.214245077546582952e-01,1.112835970738035585e-01,2.876038966122529961e-01,6.372564232292922126e-01,3.739758030975051661e-02,2.624312561615289169e-02,1.773784614675112115e-01,6.052926233915778553e-01,4.505877411017112505e-02,2.217397095448429556e-01,1.667944621660119031e-01,3.431012867586083481e-01
9.424436312655470882e-01,8.904537632931824875e-01,3.907519401844598006e-01,9.132046545982054619e-02,1.351640731858202160e-01,3.105413685764685239e-01,3.404020462618429499e-01,3.632529003458524475e-01,4.290274079579837752e-01,4.319617570214565605e-01,1.334628544917135784e-01,7.111041795987671499e-02,2.884762797154256653e-01,2.681442744008603052e-01,2.151702020878109300e-01,1.408730851584353017e-01,5.015728026431167663e-01,7.106266574836288263e-02
8.278743219733649683e-01,1.374169690522089593e-01,4.311209719218713210e-01,3.128991185573868905e-01,1.458412668420611680e-01,2.615407202429673728e-01,2.036259197439131696e-01,3.854448481638282353e-01,6.662643678646358314e-01,1.265525594893142369e-01,8.589492136078931417e-02,8.913017930139841005e-02,6.425306186360342231e-01,1.755866868982361162e-01,4.016583218068944250e-01,1.355983209952366375e-01,4.904406635047164342e-01,3.318058125855934404e-01
8.458638022086558683e-01,5.992369582202543565e-01,6.285642299171647629e-01,7.664940464015609356e-01,6.044780073727483716e-01,2.391260869055948646e-01,3.146452664861239951e-02,2.582039479336091792e-01,3.662776033400629294e-01,2.459408268532078667e-01,2.894675304604877319e-01,2.246932763230700403e-01,3.022523842762570717e-02,5.214706094781252493e-02,2.897697206090408262e-01,2.584639744908356906e-01,4.980417725318017075e-01,1.255319658162159513e-01
9.569945960486099246e-01,2.209230228587506506e-01,4.462121873102592451e-01,3.341791020430811554e-01,4.059312725884656192e-01,6.330662310534110881e-01,5.775177008036439519e-01,5.741452756542303471e-01,4.251379734256521825e-01,3.089976409151879988e-01,6.843049234442994955e-01,1.128814261817780995e-01,2.025512734019384864e-01,7.054040201780078512e-01,5.759423762768667299e-01,4.560797011090354791e-02,1.804506683350022289e-01,7.421776257511641939e-02
7.560389729770601308e-01,3.775149331370235006e-01,5.438489469810505739e-01,3.553288963717829985e-01,2.908822140935443668e-01,4.507877754245435686e-01,2.709842125264827484e-01,2.587243216633524079e-01,4.493444034251802832e-01,2.678409189284567948e-01,2.816998453900317889e-01,1.110477744140973971e-01,3.880079442741125040e-01,2.166738625126706508e-01,2.319044558510634929e-02,2.926503945104561022e-01,5.709590428388144900e-01,6.344366524283824305e-01
9.265080175141978680e-01,6.455459815202223561e-01,6.673440069943737951e-01,8.355018803199626420e-01,1.018429238679790204e-02,6.121987386108026508e-01,4.326944228803596831e-02,2.981910794248821550e-01,9.211962016809131792e-02,1.007422164712684781e-01,1.642512771419380735e-01,1.017366329657450885e-01,3.137451075627825103e-01,1.672691511409256926e-01,4.878987829337139703e-01,4.328570691804690118e-01,2.150184619817935017e-01,9.231722898813762498e-03
8.950164994737913604e-01,3.069097612699926425e-01,3.906514657924371470e-01,4.337137018917945341e-01,7.578893924372123170e-01,3.678117368053422376e-01,2.148181244036697912e-01,1.564192485381112330e-01,1.749190275543607009e-01,3.365803685981741400e-01,3.715355893248590835e-01,1.615071555369284456e-02,4.513566649410346437e-02,2.484321399602192060e-01,4.765087399672995327e-01,8.997694581054727081e-02,1.085888999008462891e-01,1.284936337442164067e-01
9.224586830507552904e-01,7.056351995260536913e-01,6.045152300433560555e-01,5.269915258471185027e-01,1.091899160883269965e-01,1.061459917043158507e-01,2.374759614755946047e-01,6.517505299055249557e-01,6.639851750038171241e-02,4.652531713164143601e-01,1.445264208917915461e-01,2.041334389235712754e-01,7.805025231654634521e-02,6.820156566482246663e-02,2.592898757955925948e-01,6.183923133108841785e-01,8.703249182808331375e-02,2.892259471616885347e-01
9.219006635839014363e-01,8.548128080954806585e-01,6.717890368542964730e-01,5.806579296478523444e-01,3.627325477903600714e-01,2.036299299218024272e-01,1.270717983422160746e-01,3.482104566618701713e-01,1.029145655140350779e-01,2.601729992010932135e-01,1.343315489145438801e-01,3.796746806384737050e-01,2.144379514282031968e-02,8.232319866885254300e-02,3.812791422766830668e-02,9.418536668490549990e-02,2.702370035939426485e-01,1.072673300684270359e-01
8.867901907034647646e-01,6.769379692807853122e-01,8.783288643927240624e-01,3.837820910348280767e-01,8.776007290951651219e-02,3.472328004820572911e-01,3.765503044675407862e-01,2.236925720206775492e-01,2.464638956934526448e-01,1.866799401104607126e-01,3.611030050268270591e-02,5.676218698039173921e-02,3.283355330417433993e-01,2.487333541691202632e-01,1.015371022261874756e-01,5.182365534527592077e-01,4.388050654169559778e-02,1.212099601595402476e-01
9.164503239605830132e-01,8.745967290677798545e-01,3.370570595387490931e-01,2.930244279514249706e-01,7.498259112133642823e-01,6.510225398041774580e-01,2.782854936669010293e-01,4.109530845044857550e-01,2.199291358067494151e-01,2.096291122510641203e-01,2.561544729655709784e-01,1.799617128104587932e-02,3.612573328655015459e-01,2.198679188364257020e-01,5.282078035149372353e-01,2.684947756668145669e-01,2.937014653956859789e-01,1.802882818587580802e-02
8.814691019206388756e-01,8.005373996124578451e-01,8.242257391112888243e-01,4.567793987304192282e-01,4.106498372913413575e-01,4.250776413769630779e-01,4.766405457544960478e-01,6.181371752277702719e-02,1.971179022296497621e-02,9.574566735193471012e-02,1.697701858067595382e-01,2.621797072559397535e-01,1.740857476135721227e-01,8.750123655886037077e-02,1.485765484063199804e-01,7.984444219569193646e-02,1.300793314119216004e-01,2.584750637580940924e-01
9.300238644807641286e-01,7.844792831108730047e-01,7.792981719155497311e-01,7.307813515321522901e-01,4.504392410756580256e-01,8.684877697778070615e-02,8.439727754844780772e-02,1.271908768858615868e-01,3.789627043626012798e-02,1.624530241469432090e-01,4.377458202175007473e-01,1.895724277656001544e-01,3.240661589267775367e-01,5.473737624098291565e-01,6.001546979651254526e-02,5.691476741041430198e-01,5.684962458895034265e-01,3.165667632019776301e-01
9.008483526123113316e-01,6.467390991275929757e-01,3.394700572202764000e-01,4.575438736549500285e-01,5.809521312271385129e-01,5.085289239478891776e-01,1.667688077458113483e-01,9.702987330425527635e-02,3.027320317703960928e-01,7.177017088726476146e-01,1.474326138355628868e-01,1.500321729494177858e-01,5.236430792383415384e-02,1.759819827239927914e-01,2.143200951545516098e-01,1.290148251198893758e-01,5.236454069708209591e-01,1.569683724239364642e-01
8.743587854393554126e-01,6.103535208942226786e-01,1.051107306879103948e-01,3.670385749114489227e-01,7.654751305212660617e-02,1.186825345366554763e-01,6.576519165301824010e-01,6.674094152051331108e-02,1.733399954584831093e-01,1.853274170662778594e-02,5.004259907188111089e-01,1.820703104695699237e-02,1.516511259048721472e-01,3.197524659918836720e-01,4.471676579504527127e-01,3.001745934199764876e-01,3.403563476902280588e-02,4.624903928705589307e-01
8.990259187284898035e-01,2.748301410273078504e-01,2.327547083574600661e-01,1.943642189789892838e-01,3.000324048752413542e-01,3.533937074509422294e-01,2.026790209543090637e-01,2.378723139723243896e-01,2.460697310009401229e-01,4.937996983397429651e-01,4.416511203625076432e-01,1.944219188015654798e-01,1.214062356280003196e-01,3.895453426323238627e-02,2.257407681329157700e-01,2.756204354355895059e-01,1.118753774664314332e-01,3.615641078738731640e-01
9.436235514776059041e-01,7.679627378347920752e-01,6.443093106916615298e-01,1.516949394439520982e-01,5.078130869272869941e-01,2.912141699485741309e-01,1.467749411562960793e-01,4.365410528715912841e-01,9.030685453519637917e-02,1.593393983921914114e-01,2.922025931610489069e-01,3.508602336614517481e-01,3.422111882202918953e-02,7.437042362887116287e-01,2.744835678493744435e-01,2.012652571915807542e-01,1.705311202921459823e-01,4.723345550083919431e-01
9.379135450016823361e-01,7.406828940707985698e-01,6.433987076267075889e-01,4.829406789460505278e-01,4.996904850206943527e-01,1.852253232874194189e-01,3.971744079505097891e-01,5.960331022512368460e-01,1.742647202447763777e-01,2.191076181583696270e-01,2.026640320098688219e-01,7.072861788465614752e-02,5.432102155131118826e-02,1.006922075849987358e-01,1.472539213275653736e-01,3.445881646113919117e-01,1.467161553701968324e-01,1.280185785978400492e-01
9.265643366513270918e-01,7.851869966050739613e-01,8.495866663348281556e-01,8.356572197754097431e-01,1.425522018351299269e-01,3.732984391859963669e-01,5.030311732090134713e-01,4.601269701452266325e-01,2.724490892062790201e-02,4.926835703158025659e-01,5.805062041328801214e-01,3.086500465616776046e-01,4.101828516973231031e-01,3.134977991372349670e-01,1.989674241768723054e-02,1.803580980448546145e-01,2.208921473726505047e-01,2.414432228650252310e-01
9.434204798805759795e-01,3.991127241349549104e-01,5.970523124058929598e-01,4.551852122395310535e-02,2.595650809758886512e-01,1.616923682544167129e-01,1.950286389505598017e-01,2.294413651293211454e-01,2.648311390308203950e-01,2.702012753361163200e-01,2.719454294700081598e-01,1.058938977372516493e-01,1.843286323051023523e-01,2.435999322870155692e-01,4.146598658805150106e-01,1.381826143280860952e-01,5.636142663884916582e-01,2.342803521234042979e-02
9.100417812194234735e-01,7.747703511778054608e-01,6.842940000889148333e-01,3.242951619161576482e-01,3.411375905876989911e-01,4.671160493326533270e-01,1.134283683649209284e-01,2.632411665576462334e-01,2.729210585590852722e-01,2.914192274925641035e-01,1.061891988807220910e-01,3.799404801746966015e-02,3.125365940901342343e-01,4.815485619881232360e-01,2.756374831887113408e-01,3.502647170764035534e-01,4.674431768321848923e-01,2.531464383551993991e-01
8.921439796033567848e-01,6.303301186852591220e-01,6.178182325224710336e-01,1.365706071313312342e-01,1.070240876003874103e-01,5.398203918761682596e-01,1.877086231347633027e-01,1.021539312021367968e-01,5.710109180091394593e-02,2.810513653061022521e-02,4.801489938987362760e-01,4.652893482326658781e-01,2.132929332879438672e-02,2.453447651411914399e-01,2.207402445412600389e-01,4.742902280608771726e-01,3.173687241379489349e-02,1.191498469268257726e-01
8.286492968389758129e-01,3.098047809639802308e-01,6.422633395772419096e-01,1.933743220221980363e-01,3.154517791734720578e-01,1.420391533830819286e-01,6.397839164847498594e-01,6.971894448334686745e-01,4.555813433376430521e-01,4.421919670940354652e-01,1.919235318708565341e-01,2.000707359734602842e-01,3.398371970230691375e-01,4.402759237900298883e-01,2.406449795014451443e-01,3.856314033662240348e-01,4.822150755386308552e-01,7.096832243887678249e-02
9.327716791745227498e-01,6.536770739226012150e-01,6.914593852416848208e-01,5.000141881127307952e-01,4.294812223947128693e-01,6.405096672506005451e-01,6.813891268852629857e-01,2.562995786738107504e-02,1.985924181951750911e-01,2.293689749243169596e-01,1.199306154618745845e-01,4.384372139533605078e-02,2.408241760566577350e-01,3.860940134372164434e-01,1.490483773854435999e-02,5.661522678702585187e-02,4.480976932467263252e-01,3.574956134424437937e-01
8.757355444575533054e-01,6.989200835552935587e-01,6.397457831915753790e-01,1.307769212136130066e-01,5.376018503055218778e-02,2.676887199300017478e-02,6.398497669346123184e-02,3.207443309494143469e-01,6.514314019916372933e-02,6.167186157920709899e-01,1.903369947859797143e-02,2.826815994107316765e-01,1.403548727370980687e-01,2.773922225769657190e-01,4.008803732513678830e-01,4.856862553196523158e-01,9.151302977620597023e-02,4.623501203024169698e-02
9.433317643061746027e-01,8.819174409390112546e-01,8.457956447407928291e-01,6.006855699386535186e-01,4.968286087224395575e-01,2.875514987623493599e-02,4.519091487946332308e-01,4.174480455100363363e-01,5.978068635259943253e-01,4.222320244057783944e-01,1.010217577589000715e-01,1.664918105753203093e-01,2.208650870254987367e-02,7.850782232262880633e-01,9.042827585782844957e-02,2.599694325967968900e-01,9.536788581202017279e-02,1.428898982320719602e-01
9.136155181572928052e-01,3.458149164662771002e-01,1.373041570207640949e-01,7.865672900273854018e-02,1.466956292497709480e-01,8.334850746738023397e-03,4.278913693038065014e-01,6.371337899291630302e-01,5.055439031427967356e-01,1.986549790495463486e-01,1.371861224065960561e-01,4.612986330249786993e-01,3.874599942191636615e-01,3.901316052869950868e-01,3.251894508651376747e-01,1.376469198645120240e-01,5.871687325639172172e-01,2.291953402550191976e-01
9.099266498462943442e-01,8.255963448268284210e-01,7.278642435059509141e-01,1.021791251297811953e-01,7.124279945296901895e-02,3.527884515310487079e-01,1.811575736491288224e-01,1.777614848904237044e-01,1.042832148095170774e-01,6.012991524689249856e-02,3.477754667026309310e-01,2.280112232110668713e-01,4.281180430182532914e-01,7.439336717499210605e-02,2.784167137111094870e-01,1.749273062282661051e-01,1.372847808110237988e-01,1.218038413289187077e-01
9.480905886315784681e-01,7.231172473190303762e-01,8.205753696718802725e-01,6.700745745294226507e-01,4.999515586794296418e-01,1.668095946664097107e-01,5.865974011428147783e-01,3.320294974663254850e-01,5.907481408933755729e-01,2.729809571593131978e-01,3.601070618830185498e-03,7.552947562938008286e-01,2.682298770535660459e-01,3.395921093413611369e-01,9.217462744833733457e-02,1.196493181937602485e-01,4.629934677104185492e-01,1.895694769972391391e-01
8.899996758385028128e-01,3.937713255548913605e-01,5.329864750645177951e-01,3.475986860686169355e-01,3.801510776142140724e-01,2.966886513415530335e-01,4.392833252056493332e-01,3.118527755645386090e-01,2.856567693173555633e-01,4.543605332655435980e-01,2.050850871989539081e-01,1.779391314445484817e-01,3.748671138897903266e-01,2.900388026446183432e-01,1.411321349312936180e-01,7.232498608518490857e-02,5.151139802231947673e-01,1.116848690758205642e-01
8.448612394852582641e-01,1.006669092195493359e-01,1.843604247994564960e-01,1.706757774841209940e-01,7.435315512257580917e-01,2.226979477731274443e-02,4.163155064318442844e-01,1.407078508954663354e-01,4.746000480324760740e-01,5.490705909814392882e-01,1.095608693266908740e-01,1.826845150425020561e-02,3.426585789750812294e-01,1.764253736192534228e-01,5.641452775691778720e-01,6.543484239035390893e-02,8.670560516276910878e-02,3.143185040222470916e-02
9.585518154917337386e-01,2.791404704969046024e-01,6.313963116252958585e-01,4.408580830853110061e-02,4.987284407132201447e-01,4.630169779964784516e-01,3.035428156025941626e-01,4.446429008565934149e-01,1.575620411199333548e-01,5.865014184346789561e-01,1.887043145289782342e-01,6.096562553328617184e-01,4.315780847079652705e-01,2.710937222110266220e-01,1.285737659016853718e-01,3.430702308854081672e-01,1.777732833882839439e-02,3.942479421538293560e-01
9.421704621922584177e-01,7.301590557747433818e-01,6.729799794817623582e-01,5.867009811720711454e-01,4.433286618536581014e-01,8.238857321821967117e-02,4.490938151304266768e-01,4.456741078702528003e-01,2.212481053923528659e-02,2.616089741705371896e-01,1.001093255123384068e-01,1.350898438944090063e-01,2.517485030100657384e-01,4.749238095526799319e-01,1.222165177564123323e-01,6.488981252943441802e-02,5.756504090707776911e-01,3.222883395619067226e-01
9.085568615432795259e-01,6.451595886923360279e-01,2.851313813952865428e-01,3.589685298006449199e-01,5.484066623364035609e-01,7.541389493132015787e-01,4.415428301675721201e-01,2.396050147742805891e-01,1.291597082721197961e-03,5.497809950525606171e-01,4.136778131572642625e-01,2.099017614584574535e-03,3.658953469997217045e-01,2.544651424990243549e-01,2.975957521187587093e-02,3.806630550715899286e-01,1.207951121407342121e-01,5.458588661254772934e-01
9.306720049697787545e-01,4.969244268056127178e-01,7.132838184887204669e-01,3.291390744942606084e-01,6.863473827943852301e-01,3.868571633657851283e-01,1.223511415690266974e-01,7.126134976770325258e-01,3.535227804745708635e-01,1.853019582068570967e-02,4.199601256021285312e-01,3.245574907048369706e-01,6.041810257174144994e-01,1.491790117782102465e-01,5.612474173733141836e-01,8.471100328748640274e-02,1.750048387877848124e-02,1.120824319583124118e-01
9.198306238744965446e-01,7.217944678748682286e-01,3.185121202335110535e-01,5.211338532072675722e-01,6.078582067806387323e-01,4.127962284164669871e-02,5.627938285807934093e-01,4.395975936611923873e-01,3.179411400594707726e-01,6.404615909450445121e-01,5.152500774926727090e-01,5.661727791095250151e-01,8.391552946583881456e-02,4.821751653799395410e-01,2.281041512599168153e-01,2.579043476054825867e-01,7.230392141677022266e-02,9.952075255089144756e-02
8.497353687804221067e-01,4.777953638578147366e-01,5.394957208578532448e-02,6.127479954180616861e-01,4.828542577053652196e-01,7.720693699500189577e-01,6.087467289108003943e-01,6.030942940542107777e-01,1.935834812640779279e-01,1.553545142337492968e-01,7.874995042413612811e-02,1.341078493491132395e-01,2.046898244455362392e-01,5.085990549091113921e-01,3.681573522616649052e-01,8.612376018224589952e-03,2.179215766229031792e-01,2.862028948350869503e-02
7.786432361779120903e-01,3.104431434433223558e-01,4.125133988438706711e-01,3.945485699895832088e-01,1.815346988257944549e-01,6.143948173759479214e-01,7.588434428515112851e-01,7.580520025897340419e-01,8.611002028452319212e-02,5.410251580512141778e-02,1.972414422986286733e-02,2.931789453372296572e-01,4.037663547333387726e-01,4.046490232204501547e-01,4.237055361240695678e-02,2.360795876894399847e-01,7.784317369758815552e-02,1.272491397502095722e-01
9.533595853217966543e-01,7.350260949618139250e-01,6.208094023287326069e-01,9.942259632195914187e-02,5.473435719657215870e-02,5.283581035320951136e-01,4.016058190634386182e-01,4.528799325081869775e-01,1.035682857498575471e-01,3.796560366028418620e-01,3.248627540007240633e-01,3.044016853750884932e-01,1.516688019401042087e-01,3.589779868046597544e-01,1.298096332613407344e-01,3.634280678549278026e-02,3.061312965152968024e-01,1.225305007618125303e-01
9.187398179323076342e-01,8.189813808664105910e-01,9.120154815669505588e-01,7.579453087803253997e-01,6.787077312848687205e-01,4.516471391140950420e-01,1.747262664568418056e-01,3.291353609411935555e-01,5.543514590511482432e-01,1.183916222500410766e-02,1.590795081011996820e-02,6.314672589607557285e-01,3.459284488174004246e-01,1.875299164377897121e-01,7.890882240102170542e-01,2.431107093386730145e-01,4.614552477185346335e-01,7.722127817066354316e-02
9.344055295205268008e-01,7.472009693639832806e-01,5.756424071684839161e-01,8.328880669383303958e-01,5.815381169124181904e-01,4.859236169526535976e-02,3.074579017349836629e-01,1.185696589803714868e-01,6.568805493846271437e-01,5.082730437261262502e-01,5.308502580813971861e-01,3.801568600399686249e-01,1.528931856885384910e-01,4.154491419915591344e-01,2.408503636865733100e-01,4.586564021728646579e-02,2.250384385690089584e-01,4.382080484044364455e-01
8.995315609428691239e-01,7.746819786458420953e-01,8.535661647426638909e-01,5.207883032009770208e-01,5.331276380227389922e-01,1.040247538981682734e-01,1.773978332611632347e-01,3.220040113344761479e-01,3.294868130837517728e-01,5.837381002329624646e-01,2.664949818085856070e-01,6.942933729457181347e-01,2.671047148854914233e-01,2.618614230358796285e-02,4.192142772775391268e-01,6.120407678791127681e-01,2.783742613604381910e-01,3.350645426078898148e-01
8.650542014501702015e-01,4.664938458623893447e-01,4.368850106928078847e-01,5.777375098207447879e-01,5.828364192786913978e-02,4.451571660798668839e-01,2.855356925652745570e-01,2.386305918085632194e-02,1.579246255873755778e-01,5.291443952880739987e-01,1.926168080415874007e-01,3.110960238607229367e-01,3.650388495181872139e-01,4.502850123479468780e-01,3.228130518438698249e-01,2.508349602812667833e-01,2.423784454865505478e-01,4.961925955888309425e-01
8.893735395174540148e-01,6.653976524432445583e-01,6.249731708687844556e-01,2.034975540451430809e-01,5.202431541646038715e-01,1.004516745250708387e-01,2.251266901509707541e-02,2.322917988479908935e-01,5.354562761531414528e-02,3.737635627506997738e-01,2.193963868051740651e-01,3.611222022411778032e-01,6.847072300495565811e-02,5.175686371854520962e-01,2.734318942035076083e-01,9.850481245555586796e-02,6.183929594141281127e-02,4.171912071485683882e-01
8.912044154299574306e-01,6.919694699840959196e-01,8.243028291505277716e-01,2.496307785150403413e-01,5.104228420157629342e-01,1.122512952256301405e-01,3.641840583219467797e-01,1.112913117811615282e-01,5.974267419204010859e-02,2.674765505217598371e-01,1.892835054732875666e-01,2.630882322090512260e-02,1.179789212156426709e-01,3.228305203677797053e-01,1.392348014358289199e-01,1.208093016988713714e-01,3.376262448486468393e-01,2.006454911578811964e-02
8.853943500534660060e-01,6.819481768092522378e-01,5.972272725763708712e-01,2.468117655278295741e-01,4.898069960375694282e-02,3.737458549460581092e-01,2.479238307709149824e-01,1.828871630580113372e-01,1.085958482460339797e-01,2.912754145110310611e-01,2.018746804686705545e-02,4.614710227929282316e-01,1.090006809934019327e-01,1.327065401370006170e-01,1.515517244398654484e-01,1.870538386789073471e-01,1.554069439822974574e-01,4.875094310685973431e-01
9.367390672478498326e-01,6.522630727995987199e-01,4.703561331347739238e-01,3.152837264513400628e-01,7.000760140177071378e-01,3.665243688846441250e-01,2.788608950900332561e-01,8.239582700005359953e-04,1.476671557882505703e-01,2.702279939230722294e-01,3.915331290362193961e-01,2.322347608290606935e-01,5.249009346822688243e-02,1.352370231935097200e-01,8.609506676707749662e-02,4.585385960409866235e-01,1.458142326403228661e-01,6.726467406494336665e-02
9.308244154835833006e-01,6.063299608481633740e-01,3.678686674639604637e-01,3.461916062354908341e-01,2.203582472404986559e-01,1.341322861402037270e-01,1.284660476039826693e-01,1.167405548942283301e-02,8.578667942240883471e-02,4.541720509085956925e-01,2.042169854081616331e-01,7.452521841308183959e-01,4.152574552445010281e-01,1.592837656787182421e-01,3.875286052496311473e-02,6.386023639023732379e-01,7.415950082279680611e-02,3.465217537807384618e-01
9.068500612680731043e-01,8.832984097932871093e-01,8.029227970920536084e-01,2.275234432994740763e-01,4.762534514570536046e-03,5.931107777379741597e-01,5.457480323349768181e-01,1.148557886985624304e-01,5.859892674096369575e-02,2.000826108095329070e-01,2.099284462898048584e-02,5.492126924887261730e-01,5.830932074493112571e-01,5.966601523277297037e-02,3.203568196589368089e-01,2.306232550633336154e-01,9.218713986895817059e-02,1.709925113783993256e-01
8.985455694522447301e-01,6.845569535754698620e-01,6.184099430549968579e-01,7.435102503160874177e-01,4.524608827994406335e-01,1.502356850837270885e-01,1.110887971996985107e-01,2.657635894863173975e-01,3.606759546304461606e-01,5.082091383774285376e-01,3.158746718003262871e-02,1.500074806926937898e-01,4.572265771704075998e-01,1.194282146489818314e-01,1.972885642956660746e-01,7.128383508662060331e-02,3.017647254086932573e-01,4.137513564349481476e-01
9.493553971604770103e-01,4.921433850467415994e-01,3.413697132445611127e-01,2.288403568931446364e-02,2.796347931366436473e-03,3.840959955492353473e-01,6.722277030837232603e-01,4.689773417695923263e-01,1.093293826603779634e-01,6.111582878322326939e-01,9.683430033192641159e-03,1.618924018308687540e-01,4.647168257144752151e-02,6.238414246775172423e-01,3.354346288314872249e-01,4.896056917926487340e-01,2.307527671095546129e-01,2.700970285898264822e-01
9.462187983445186079e-01,7.979708124093296551e-01,2.218079987542467546e-01,1.740878966273687600e-01,7.061379012555728529e-01,3.139967563852361088e-01,3.562038637730451929e-01,2.484013643891463119e-01,2.249624923375335983e-01,4.649775639528670457e-01,7.431678692597085134e-02,3.613398337553603845e-01,1.212299568076271039e-01,1.795198835495453726e-01,2.513924106992978524e-01,4.049276717305003714e-01,3.297044066490097403e-01,1.882835057267287227e-01
9.223644634882300908e-01,2.125602790055120817e-01,1.333708365988469646e-01,1.056210005658593798e-01,6.413017036555307415e-02,6.008614296755903084e-01,5.240104544352510718e-01,2.467612872563064164e-01,3.459863699362584200e-01,1.847366882695193266e-02,8.175810938817006102e-02,3.257371739525863341e-01,7.248524008080615977e-02,2.091679402089774709e-01,2.410254189934895597e-01,1.171653061104781235e-02,5.116461649845110982e-01,5.868400558635130659e-01
8.680812525348022834e-01,2.321426404490541939e-01,3.582216963292993439e-01,1.999662926434876420e-01,5.031496440131970616e-01,7.024627413796342701e-01,3.572625733732098241e-01,1.765068979263124949e-01,4.212916822840721554e-01,4.752135874259163506e-01,2.418405853464750399e-01,2.550025518608554642e-01,4.299042876976883476e-01,1.083701543276574808e-01,7.335358750472367184e-01,1.178171987625375138e-02,1.780289559393697929e-01,1.176198482392409456e-01
9.320830026925631673e-01,8.143925930167367211e-01,6.788984350095507159e-01,6.954138817252618621e-01,2.522509639271158788e-01,9.921881209599411888e-02,3.455839883767138354e-01,1.194407080565021428e-01,1.435689776919258365e-01,1.004653409764031113e-01,3.825357584026985447e-01,1.972510946275698174e-01,1.270298454821534029e-01,1.710240511841952527e-01,1.464337259798356543e-02,3.183972908137557289e-01,1.922531118803298134e-01,2.256961332893325511e-01
8.314220012751989408e-01,1.688451503062118886e-02,2.864574777261413852e-01,1.093490591235020543e-01,7.433114852095037417e-01,3.725609869721642764e-01,2.592409897834951349e-01,4.939056091078273814e-01,3.078599457628417024e-01,1.216551283773922715e-01,1.917026925790226988e-01,1.968552720556759894e-01,2.380825891812183293e-01,2.101273067101316061e-01,2.734241989474647805e-02,4.672036686195546462e-01,4.648189981009805405e-01,3.286051078966606975e-01
9.537144713836455123e-01,4.094611332490155076e-01,6.261964545002544902e-02,7.748327882200313488e-02,2.406993331862138930e-01,3.009540014627851146e-01,5.980333225957459309e-01,1.165981164361771204e-02,1.273799997338702639e-01,3.192888552307547312e-01,6.749222429339013507e-01,4.574169455226631542e-01,5.400363731839253889e-01,2.751962686227726884e-01,1.768325579672134773e-01,2.670379366974318658e-01,3.744556401669833501e-01,4.373235134375887401e-01
9.543528758570618553e-01,7.351944275410980945e-01,5.449069546625471272e-01,7.411775158591229484e-01,4.657854633521548715e-01,4.820894792550050045e-01,2.861649057110990380e-01,7.158322112560311368e-02,4.734455929870903107e-02,1.547639630751579398e-01,1.348479673850169203e-01,3.441811867130609159e-01,8.566282074462111540e-02,6.738256297164839370e-02,6.160383739148536097e-01,2.419779030733139602e-01,5.825728605078263067e-01,3.121805823517407319e-01
9.342543806705539966e-01,5.462163230588307217e-01,4.510256064751976268e-01,7.047609507045744515e-01,1.936227153819521651e-01,2.261870693369975871e-01,4.665961881882043083e-01,5.993514394852222926e-01,5.398665648217050306e-01,7.858862097519232481e-01,4.587754736290494684e-01,4.335516025568035836e-01,2.296296837207781327e-02,5.232706085607795599e-01,6.323643421820651644e-01,1.205017008262210254e-01,1.761993260560011931e-01,1.955432851372206349e-01
8.965627768715076495e-01,1.733108520498542471e-01,1.642119400796138856e-02,2.208180008287828622e-01,6.657119305903953510e-01,5.521661668434179049e-01,2.260091882090758675e-01,3.350131147687785971e-01,3.977474665781846053e-01,6.435176124731937231e-01,4.063893816891284150e-01,3.969807124903933504e-01,4.629406539248879238e-01,1.286274560687424851e-01,3.515011056610545248e-01,7.050053140410669772e-02,2.640752850199931112e-01,1.170793138723759258e-01
8.227789299506491627e-01,6.940189772729723483e-01,6.103566259562208662e-01,6.072993676226973170e-01,5.726283865489144587e-01,5.292777308368059597e-01,2.991331508467370837e-01,5.097458747167888937e-01,4.368958200016973548e-01,2.647544297815460079e-01,3.313415194022480831e-02,5.940475843505030884e-01,6.625339710101123547e-01,2.537190080161596528e-01,2.596778931093779094e-02,2.067232866340260322e-01,2.468452957154315397e-01,6.588244413384252152e-01
9.413462634591635014e-01,7.135416925569446622e-01,7.826480345551887208e-01,2.173902882928843983e-01,5.290655273424513805e-01,5.152987438114045408e-03,5.020724979337028993e-01,8.560889380776741664e-01,5.171247464870973864e-01,7.889028606024943713e-01,3.723557413325505605e-01,5.626238460281779430e-01,1.147803965776599405e-01,3.834256118867908070e-01,8.284362346683304956e-02,2.091120059654952013e-01,1.528862526505968822e-01,1.397162322522475623e-02
9.206718834094934634e-01,6.518710659016152542e-01,2.903567184105062537e-01,6.097591080635766936e-01,2.580156737951284640e-01,8.765341170990732789e-02,5.959792627939550398e-03,2.799523975706844775e-02,1.479884560103797708e-01,3.723340655533777244e-01,1.693927212198273746e-01,6.220583784225617308e-01,7.701613337582186025e-02,8.778004670339427384e-02,1.996651448685629049e-01,1.572154489799630905e-01,3.237690250931986036e-01,3.284806829898427316e-01
8.139483869027592799e-01,2.207805884869199764e-01,6.951294408515750201e-01,4.348743662906462970e-01,1.596525683942480178e-01,1.732043194432524580e-01,5.109011367454622254e-01,3.846824163192673063e-01,5.191493837717956611e-02,2.922643166208192533e-01,1.267740042838863823e-01,1.325022258118721263e-01,3.764780628421259268e-01,2.502710064675444102e-01,3.082814763117946999e-01,4.780054560790600870e-01,1.020997158375814284e-01,3.752023580450832285e-01
8.524332431568706347e-01,5.013789504443763034e-01,6.871595015582659949e-01,1.484633833408642301e-01,4.126593603355299678e-01,2.555837384450510008e-01,2.967479921192055503e-01,2.726330363703465681e-02,1.569576835290203143e-01,3.103393585573877705e-02,1.776842347604397909e-01,4.777626722526203129e-01,1.237100841407794416e-01,1.732917388058238806e-01,5.430416056591466645e-02,8.217371246178993560e-02,3.159273907927316882e-01,6.596184209729516468e-02
9.603995403842497947e-01,8.609852375224871235e-01,8.147345391729500230e-01,1.318150264104095692e-01,7.045493135368301463e-01,3.215060925434570782e-01,1.699226173209148483e-01,1.883027273648588129e-01,1.291858085574506265e-01,5.370941975478465968e-01,6.417157563487392302e-01,4.263141416880389389e-01,1.379309529153158187e-01,2.493450491346178508e-02,7.251029101052634818e-02,2.842354815499578136e-01,1.230266790005593164e-01,4.241696270532818724e-01
9.394301835816762924e-01,6.024246451701262828e-01,3.621988251373781664e-01,6.036671776961426428e-01,4.474636509800659634e-01,1.648326981335874464e-01,5.065562299413107761e-01,1.527396540914079393e-01,2.748636053214392194e-01,2.364324076755468518e-01,2.847120905567783813e-02,1.613662739451773021e-01,1.472036266611214117e-01,3.176637972378838493e-01,1.229781674546286535e-01,3.507013123904303975e-02,6.648814444511683130e-02,6.587572054009922795e-02
9.286102870114428809e-01,8.053917306518665331e-01,7.680259358120946622e-01,3.651209741243814921e-01,1.907462695676658826e-01,2.556985603180102484e-01,1.122880991210576940e-01,3.647450738731284892e-01,9.273924298214274164e-02,5.434759022336261847e-01,1.285703606521600428e-01,6.078322815700583082e-01,6.659295460572032255e-01,4.417471542594216261e-01,3.353162660612493129e-01,5.362693462975456210e-02,6.094813563964439351e-02,1.773502632164172463e-02
9.439337351960849221e-01,8.124751030533918783e-01,2.812226513755531343e-01,1.191351937333962746e-01,3.134382282326895752e-01,4.553677965118070325e-01,6.205638285987976621e-01,5.758000090006514249e-01,1.522760064915199829e-01,2.620394570466854645e-01,5.471776145352723608e-01,6.878139211013785115e-01,2.883276797463013574e-01,2.009123075899001687e-01,1.981029276042903797e-01,3.089802383377376338e-01,1.277727643227733190e-01,4.111344084691496703e-01
9.305832903735133943e-01,8.243308206960899831e-01,6.226180595695542941e-01,1.345697055069274006e-01,2.799657449592457548e-01,2.312071520278707049e-01,3.583164261554463992e-01,1.553679791518761677e-01,4.598094550157224014e-01,2.113806175989658975e-01,6.620374551940972907e-01,9.451135723438092032e-04,9.283205120851172054e-02,2.627936655563824497e-01,4.527336353332827579e-01,3.249789226730573355e-01,5.672778754067132612e-01,3.628571661051947506e-01
9.377169188304174119e-01,7.897747088480050470e-01,7.201898103216953784e-01,4.206984465347837765e-01,1.862761810183435063e-01,3.993639860474494374e-01,5.724705470622858394e-01,6.847423144738754575e-01,1.070639467722897115e-01,9.286031159247803979e-02,3.675650827166715429e-01,7.803057687738123027e-01,2.051261041566276866e-01,2.801695991115961681e-01,4.993859436979034561e-01,5.109011462532733194e-01,4.519037413900585665e-01,3.821181440342221181e-01
8.401289328901816456e-01,7.060941612470470474e-01,3.781388938739442263e-01,4.502591309448210066e-01,6.477733607178083330e-01,3.884248517334870643e-01,1.055612605400298581e-01,4.511219613016673735e-01,3.114173112111594255e-02,4.290723449540157497e-01,3.009034248561679448e-01,9.933905246253819932e-02,1.005951514534990793e-01,4.300857188079716398e-01,6.497363527768319769e-02,3.403985131506123141e-01,5.549818976336601262e-01,3.412376396590036109e-01
9.337993094686943829e-01,6.171065829070639941e-01,6.287091275767934251e-01,1.346381626796920861e-01,5.765966158381814477e-01,2.171421887014663987e-01,2.161989572958672445e-01,4.050411498741886551e-01,5.404501541430838385e-01,5.039416382974576392e-01,4.079775465860630002e-02,2.356894300678158138e-01,1.149566675601163407e-01,2.871293540024648094e-01,4.250336372959641063e-01,4.942630322037300794e-01,4.380286698406902768e-01,2.246111575328944149e-02
9.296138782460179328e-01,8.088147964521548161e-01,9.563146557208803689e-01,6.347767795571284122e-01,4.647795699689769577e-01,1.459658625035968049e-01,3.422206516954990341e-01,1.989883127756070513e-01,5.940463112338514318e-01,2.426106581225245459e-02,2.786802188497339294e-01,4.091688611228825323e-01,1.149174197142832643e-01,3.761792187569687473e-01,4.345708436334116409e-01,2.003149303528148628e-01,4.134593602862225992e-01,3.992221621257088793e-02
8.796367604084563974e-01,5.633198160542433053e-01,2.938666709472712024e-01,5.000528232601426648e-01,4.792550187541920192e-01,6.913252695264583692e-02,2.944358416460667871e-01,5.256937335335354344e-01,3.752508690038901529e-01,4.691024964460580593e-01,1.342905597704057430e-01,9.078144264494802593e-03,2.363816788926512424e-01,3.251473562516277727e-01,1.564668979008221605e-01,1.139958207535081564e-01,5.391798107382532457e-02,1.704138120914298060e-01
9.443659060206590627e-01,6.062050685392693650e-01,4.791581727876570995e-01,2.722275443732103395e-01,6.032736478358871057e-01,6.612954702991463707e-01,6.124369280035221186e-01,2.209777224031329312e-01,3.629718026356302252e-01,3.486788656062754788e-01,1.749951326030111942e-01,4.165235720653610585e-01,1.587979533421531378e-02,1.391682526587110780e-01,2.680070228683140710e-01,3.199419200799925034e-01,3.669771289666281522e-01,2.902573595481369173e-01
9.509882715357363958e-01,6.783093785644288554e-01,3.440971356826276195e-01,3.750886135616319228e-01,4.265765491049865465e-01,3.009696218289244565e-02,2.904560294457794734e-01,2.811494874363859586e-01,2.459672560517505713e-01,1.526348764649732015e-01,2.282915022152085527e-01,2.051132259536987135e-01,2.548981645891505998e-01,1.723554935006132716e-01,1.915231064367154956e-01,2.334515836236465691e-01,6.071656769719380869e-02,5.877007271465928967e-02
9.378784017433615672e-01,7.684672455035512773e-01,5.746292988816037450e-01,6.712070795319103889e-01,5.183872742232614739e-01,2.523764388540273296e-01,3.448509471280001848e-01,2.415789527198088371e-01,2.141042606192015141e-01,4.017612221285773444e-01,3.546880811850156023e-01,1.815263949167870428e-01,3.269854051325071231e-01,2.562668303092587863e-01,3.169126018135535183e-01,2.337926615626521043e-01,1.330375786589106935e-01,4.712490712153105665e-01
9.621618378092211543e-01,5.449590180815521157e-01,5.318232064064204456e-01,7.278645105733096976e-01,3.888004034902228789e-01,1.741457856752593458e-01,1.501120581904641371e-01,5.177089087692259006e-02,6.461574569245895905e-01,5.243735793377708454e-01,4.155653072778701107e-01,1.273901562209718841e-01,1.229089369436099644e-01,4.829647999140826431e-01,7.013737852135123463e-01,1.544049125314475579e-01,1.385767678393313440e-01,2.436124285858074778e-01
8.880087173346208340e-01,8.150031349110248291e-02,3.003994561892160409e-01,4.437347216341506750e-01,8.226270619556125263e-02,6.836111626466932767e-02,6.188381597433614267e-01,2.425923418428949929e-01,3.957850552247474951e-01,3.795530019584670844e-01,1.899760600907937358e-01,1.324478033013784806e-01,1.618113939402405499e-01,3.223055256355127351e-01,1.236096273799236755e-01,2.616130631211436297e-01,3.956927396996585133e-01,2.909879702148042147e-01
8.905223585070087822e-01,5.739389495163198518e-01,7.105190570088280033e-01,1.025000043116363335e-01,2.672922274073619153e-01,9.448447633267852142e-02,7.827927194102574093e-02,1.797404629260876685e-01,8.818622452601285189e-02,4.273531776115411795e-01,1.808956536258951031e-01,3.118949200361146312e-01,2.854195311206911834e-01,4.574498129863621698e-01,1.942849753680780389e-01,1.342512754986170953e-01,2.701576620600743342e-02,1.747560442488103050e-01
9.150534795017277734e-01,8.977009269409773617e-01,5.619157607406909394e-01,4.497740558202479866e-01,4.618585561776742954e-01,4.201608771852675672e-01,5.670026334916105082e-01,1.262280585064211869e-01,1.144246409587052343e-01,1.132968900497586251e-01,2.368536871791917520e-01,5.192295338053463105e-01,4.114927402670599532e-01,3.254096448955108301e-01,1.201081703982163351e-01,1.819946172134069839e-01,1.499309288931783557e-01,1.746166813879504731e-01
8.532583171515156772e-01,6.772211748345976501e-01,4.723387641984511665e-01,4.556218493096448330e-01,5.762278021830103958e-01,3.203600537076667920e-01,3.499227541056331159e-01,5.859504517077954722e-01,1.635091843621818142e-01,1.876810392192941948e-02,2.971204924206485853e-01,3.249754255427000360e-01,3.795938092883174245e-03,8.042009344949355154e-02,3.512288616733943991e-01,2.541691549461089217e-01,2.966740744094277238e-01,1.678677331819815044e-01
9.008989768013241362e-01,6.557905641132157903e-01,6.742536843492984155e-02,4.201087765585144185e-01,1.346827098923597255e-01,4.668289380531034372e-01,1.663752861819607354e-01,6.503365236927527437e-02,2.120993633741943829e-01,4.237587061319331161e-01,5.150685830837501561e-03,7.253978903395947864e-01,1.645774241407958471e-01,1.747500849784281440e-01,2.715840610762180196e-01,6.676760774255816600e-01,7.523181389790892237e-02,2.020925779918791021e-01
9.624673019642387972e-01,7.488865752143281096e-01,7.444705115658404315e-01,1.811126000601376018e-01,2.332418011837276151e-01,9.908435131679699248e-02,6.148749627105440929e-01,4.579924915238389183e-01,1.450390071907446676e-01,4.954604108241018601e-01,6.617166301042162191e-01,3.198320525508724921e-01,4.810695196195520773e-01,6.541168986621150039e-02,2.437904512983741501e-01,6.039338289127480497e-01,3.946769897721223996e-01,3.193872058969436378e-01
9.113343484633927849e-01,6.861541496245538996e-01,7.808787265658599930e-01,9.180246863575344807e-02,2.458866620355459054e-01,6.492050002788570806e-01,5.053361684665104159e-01,2.165438954398501425e-01,1.917024301550457055e-01,5.478789597103460307e-02,1.055384941465889875e-01,4.944480409647792479e-02,2.688409273142837019e-03,1.223239264761758760e-01,2.066738372469527074e-01,6.836165010078901205e-02,2.241597354551582988e-01,6.745299391140027745e-02
8.605625522738198363e-01,7.809750623067166497e-01,7.611605564909075250e-01,7.279928095995525927e-01,1.683526728452131582e-01,5.727738947317438933e-01,7.813648029629211011e-02,2.341037133098352319e-01,2.962624069863126763e-01,1.718649914227776132e-01,5.833699138981749410e-01,3.384766631582181717e-01,3.176562555005170152e-01,3.852198175197338870e-01,3.582636796091288600e-01,7.134707295567564722e-02,2.753013824063021420e-01,1.392134304109320653e-01
8.800115035542765973e-01,2.999047715992469998e-01,1.264155247859980249e-02,4.351064055091833360e-01,1.208495965454763621e-01,2.783110258191736075e-01,1.163465748291108576e-01,7.643563379531526092e-02,5.518106483034905807e-01,5.829887209857513852e-01,6.439366801717674171e-01,7.150497310902899084e-01,4.127106480460908666e-01,3.013623450042707264e-01,6.928598222054180300e-02,5.027285009407955751e-01,4.381377490680288811e-01,3.471603971989378756e-02
9.436334564394506241e-01,9.440184085063409170e-02,1.708699022659473932e-02,2.834071390635855003e-01,1.419938311802687869e-01,3.092014974164906671e-01,3.763074690100984970e-02,3.407816763618442546e-01,1.866304577255641639e-01,4.906344995071761084e-02,7.886046891091309796e-02,1.884796646158006239e-01,3.951586604829708249e-01,3.558883310642562553e-02,1.861754577314245485e-01,8.900314176595229207e-03,3.002950288961476200e-01,2.367708047584758391e-01
8.368093749198862730e-01,6.802660055476604795e-01,7.492055900892650167e-01,7.472933635134664243e-01,4.703527100114012205e-01,2.259273401981559681e-01,5.345360567032626797e-02,5.143940534757170946e-01,1.692898930284285064e-01,3.773563119444084402e-01,3.631996219028066908e-01,4.609412836897076038e-01,3.030091829632642897e-01,1.394366233319291153e-02,1.598626206654504833e-01,1.163098804704169736e-01,1.428016346549045579e-01,2.889868750111564966e-01
8.581980130101880544e-01,3.225250788356198717e-03,1.294798869988164625e-01,4.913025441200046251e-01,4.857262783334392875e-01,4.315152640644884796e-01,4.472215024758889879e-01,5.326478712010941363e-01,5.749575654339675879e-01,1.699531205761976860e-01,3.130914559210525305e-01,3.565649747742029030e-01,7.626306849144749711e-02,4.872446064480689260e-02,2.011786304118701740e-01,1.740044983322169558e-01,1.643458368907971534e-01,3.857616973761210377e-01
8.894391634378955303e-01,7.672131203353430573e-01,6.281196541208294848e-01,4.779519769774267512e-01,4.553082704312552687e-01,4.978278710243702609e-01,3.907217207302449702e-01,5.842850572702343870e-01,3.276504510717647700e-01,3.993901087192393007e-01,4.277321762729383026e-02,4.561039570208174493e-02,1.200984892564303796e-01,4.451209461810620716e-02,1.734030459510790267e-01,1.721486067984115687e-01,1.870408088999265805e-01,3.362444316410366507e-02
8.069660212036924296e-01,6.666787066510614368e-01,7.795801984914905169e-01,2.167878489874308368e-01,7.763087060073797785e-02,8.132570033300537959e-01,3.931516474624682789e-01,5.824968218835926415e-01,4.752051976361722219e-02,9.538171845395225501e-02,3.358468399237076740e-01,4.239427891037991086e-02,5.848502112105687933e-01,6.918218847433836582e-02,1.096323021184111846e-01,1.984687739785119531e-01,1.516479393805047204e-01,7.944501078405757921e-02
8.553801675806825822e-01,5.005812295794034306e-01,6.917500380386810699e-01,4.954464273367526483e-01,2.040202267064444575e-01,5.751097018028914626e-02,3.628085307035581186e-01,5.174016022805869586e-01,2.270233694161801208e-01,8.591677921857554523e-03,2.963065963503578870e-01,6.112308416781690040e-02,4.610224826057468528e-01,2.265797636436585327e-01,2.845417167865720298e-01,7.970888984560421664e-02,2.473784418784930328e-01,6.590343222945553581e-02
9.025543785579621670e-01,6.661575258775367381e-01,7.329390418587530265e-01,2.295630004750499609e-01,1.582268110541251438e-01,2.230781525521926267e-01,1.673256243114702169e-01,2.306695305304784227e-01,1.636197431530014568e-01,3.533291730101720263e-02,9.773417840406012358e-02,1.132053323570374470e-01,8.791087413014789242e-02,5.052763295022336676e-01,1.406185477573392018e-01,4.817513463272430907e-01,3.681992677224837363e-01,1.785522674135024690e-01
9.018358619700498346e-01,6.462311890382087254e-02,1.568364350979230548e-01,3.720012085682340430e-01,2.586100519776931006e-01,3.504238622928975144e-01,5.270370606862911922e-01,9.201439069142994254e-02,1.185670717361846961e-02,2.622178218190091004e-01,2.017964863334389125e-01,5.104115963223818664e-01,4.002152434072876463e-01,3.431178033672726002e-01,2.942933814437005968e-01,1.862613315970066963e-01,3.460193723554389478e-01,4.820790907908082956e-01
8.925314245340836283e-01,4.942114594297658536e-01,4.331441513078999606e-01,2.392918455143940026e-01,1.188053023577674561e-01,5.232513821142262822e-01,2.581593184826013188e-01,4.621956494459315001e-01,7.878625468114291985e-02,1.413898289238131600e-01,5.214993709137787786e-02,1.445911691535765008e-02,2.037349256166592903e-01,2.005083591978074412e-02,4.915066229115440666e-01,3.186897132163490909e-01,2.482299069508242806e-01,8.467202146811668440e-02
9.240912743004886520e-01,5.526145400431996535e-01,1.530403785749626655e-01,2.280243596412871165e-01,3.844010106912932323e-01,2.493552259375373392e-01,4.899639877357286344e-01,6.664002226891864167e-01,4.393758664884228060e-01,4.863343108677550264e-01,7.800930187928619905e-03,5.404985850866915291e-03,3.969192866520967478e-01,3.734380010053342958e-04,3.479160875348418641e-02,3.608846481716212334e-02,8.373120192247265892e-02,3.411899263164592244e-01
9.245719465827949568e-01,7.706473938426564585e-01,8.250324050547134247e-01,1.389004760281167816e-01,3.299758162936062278e-01,5.059629775086980086e-01,2.217744043258329176e-02,3.206244249198857976e-01,1.942937277867564094e-01,1.973187621907668554e-01,5.221592106474157169e-02,1.215109648524136665e-01,6.979158388249265266e-02,2.669724005986730542e-01,1.888293884156865277e-01,2.329203768639255268e-01,2.976716715499641563e-01,1.144730137763207839e-01
9.095922553568730473e-01,2.350365138174345947e-01,4.874281928218012760e-01,3.764934055130603197e-01,3.410233402409398318e-01,6.242487135085592574e-03,1.616152941548490429e-02,7.337860407358612891e-01,4.125714825079852544e-01,2.816757705979885690e-03,1.187869098615601388e-01,3.120393984646126495e-01,2.313922270936796532e-01,1.917598996523433574e-01,5.377909014151877054e-01,4.902569293931877126e-01,3.102680253530110122e-01,6.322587840986174657e-01
9.612549301283426217e-01,7.867313674300481230e-01,7.239760564998697356e-01,5.189359080741238195e-01,2.272987938552633869e-01,6.927044391373340937e-02,3.230337925591770243e-01,1.154798839924759263e-01,3.635060363083811308e-02,2.154879409758230779e-01,3.368294914209823271e-02,3.816714186789627039e-02,1.279094690930498712e-01,5.237341400837296490e-01,1.280445172331395702e-02,2.318948634743936976e-01,1.667257246445392194e-01,2.867398380122641033e-01
9.429254287245392163e-01,3.241821563901166603e-01,2.781574899360229058e-01,6.069127993208635330e-02,4.343325851317711983e-01,3.959966684774626211e-01,2.585660675296442279e-01,3.274100917588655957e-01,2.157664159596470177e-01,6.369062494826063792e-02,2.177009165065513230e-01,9.175899971781791009e-02,1.070451459743485823e-01,1.368480483353686494e-01,1.638754075448842495e-01,6.909791351463510922e-02,1.048962400480180496e-01,4.422768713657773132e-01
8.887207193186426046e-01,5.417054129040261845e-01,6.138684413239587911e-01,7.601612750308357480e-01,7.390590069114757465e-01,5.307467600457784762e-01,5.729066225042304117e-01,2.328029280624066832e-01,1.656118698711042947e-01,2.761787674085007804e-01,2.384066942382959964e-01,4.877875489682793053e-01,2.520265033581993719e-01,3.369757867733648715e-01,1.501709331013811599e-01,4.403924408931992884e-01,2.675297915619541111e-01,2.812081682860836148e-03
9.181522039855575246e-01,2.718253520360217612e-01,1.129053429308441714e-01,4.796590641127759791e-01,1.027664416826917365e-01,3.207884622324473911e-01,1.526928074816681913e-01,2.647146961747171012e-01,7.058040046800109768e-02,1.020736543286169667e-01,2.505129865511153686e-01,3.792415339257688700e-01,3.940823415413120118e-02,4.718223134170331790e-01,2.672190308437297213e-01,4.099782749262506631e-01,4.983203732919453954e-01,1.438976726402748166e-02
9.099452105647397593e-01,8.317882279354141817e-01,2.468794726160543629e-01,1.899624273799696214e-02,2.152329467531592377e-01,2.386986915178495317e-01,1.915803118406688155e-01,4.572325759272530821e-01,5.231107002508029319e-02,1.956875866869781100e-01,3.396725617313979817e-01,1.435981466492406433e-01,1.798025850011383542e-01,2.604687067109055509e-01,4.997651596287422948e-01,6.179888431095948986e-01,1.448338572806827651e-01,2.924316206026554288e-01
8.613297216510180654e-01,5.567368654530195915e-01,4.329655792879716358e-01,6.091190799758589014e-01,3.973358627745140342e-02,5.560075743574682816e-02,3.310556109780802836e-01,6.563618804418349661e-01,4.613717024804830369e-01,4.232609724381219962e-01,2.777450560490936637e-01,1.434938951636138826e-01,3.099880269440150604e-01,5.540649384827792678e-01,3.917979428948657750e-02,4.490589532769394265e-02,3.296448965836302203e-01,1.833215872374529057e-02
9.253626936995653640e-01,8.227760227769301826e-01,3.260555900187307454e-01,2.409277395440620473e-01,6.237626939480680477e-01,1.348812516215893050e-02,1.186025026841917018e-01,4.605228150006343557e-03,9.006488155233947912e-02,3.416911197597787830e-01,3.918173311109669071e-02,3.848550390233402840e-01,6.276290117607041807e-02,1.677300694723391772e-01,7.315553543360307776e-02,2.674357321126126230e-01,9.465968155387999294e-02,2.940582251177598638e-01
9.046077826216200046e-01,7.460787807983280118e-01,5.069778404515719039e-01,9.623644017454704991e-02,4.284653970998503758e-01,1.309517530987612532e-01,5.723088437618671920e-01,2.920192762834871725e-01,1.795387955283435366e-01,1.449995645552900995e-02,5.851338751009629857e-02,1.768467801729039779e-01,7.868250253157746746e-03,6.837552478919020627e-02,1.992428429942164070e-02,4.246051770254488655e-01,9.921067698027154214e-02,2.206582731907832939e-02
8.381056578667581691e-01,1.587096364581461194e-01,4.018771136089076546e-01,8.270655828574205448e-02,7.346407922468910223e-02,3.685876177226898309e-01,4.476437607878347991e-01,1.967495776643172767e-01,1.105157659922638008e-01,2.101727206616279264e-01,5.232630249327185901e-01,5.172011426601808362e-03,1.695746105236225210e-01,8.069479018874438359e-02,2.721627386813755822e-01,8.357652627051761346e-03,1.768425549275562392e-01,2.762776793579239110e-01
9.520996187758590246e-01,6.891910857212055763e-01,7.250715938907298375e-01,7.428024376475464985e-01,1.485909237160837337e-01,6.280647582847608268e-01,2.428940087036005890e-01,2.401856698572455984e-01,1.898366823791410585e-01,7.952976898125141414e-02,2.016285129604189763e-01,2.217351355937412227e-01,1.314955021892812992e-01,6.950279964538016997e-02,3.217241032805998047e-02,1.768839130215332234e-01,3.049845959533558637e-01,5.272120106942267403e-01
9.104334477556429439e-01,7.216828052069117483e-01,8.413737951047302044e-01,3.941310873912023949e-01,1.903382060366164141e-01,3.962335599422399657e-01,1.609268001126616388e-01,7.462080530079426288e-02,8.945532215453931568e-02,1.035566406282755619e-01,1.117650334410497520e-01,1.747662297027690603e-01,2.340612092019254964e-01,1.960410352885385080e-02,5.834609511588347841e-01,2.964330847454300089e-01,4.732712688923251809e-01,6.811847369530011909e-01
7.909901768442986203e-01,7.812224527159451481e-01,7.049205460971214032e-01,3.465428906364659833e-01,1.437658451487237032e-01,4.371533341556343988e-01,3.566623023429960071e-01,1.746592091331981844e-01,3.009747171508623254e-01,1.310948891431685907e-02,1.149379691050907287e-01,1.929923637918882218e-01,1.338558858408082919e-01,2.968192414789196376e-01,3.824092321543641204e-01,3.325567218794528435e-01,7.719696892842814462e-02,9.789878309712647664e-02
8.432896001921994511e-01,6.217686555778931812e-01,4.295575265834741807e-01,1.475550751296357821e-01,7.819128682789076856e-02,7.109264855236168135e-01,7.558606732503970749e-01,8.019117488541813721e-01,3.330189622226846502e-02,4.885607627099026740e-01,3.920969137716937697e-02,3.535252083644119803e-01,2.008731498434511431e-01,1.275791041318803110e-01,1.622748538815252939e-01,4.786311688134194386e-01,1.358383355763240763e-01,5.172372156038039792e-01
9.449350008820462943e-01,2.537600278433683187e-01,3.161852102339858528e-02,4.061976713127540273e-01,4.010435782318703124e-01,7.011477057445664185e-01,3.220915024806393911e-01,3.892257675661597166e-02,8.128566837690348601e-02,1.975385928229095589e-01,4.741974755066243885e-01,2.872180822885032070e-01,6.751777188335778002e-01,6.697304713629377571e-02,6.186637411468498549e-02,4.962503431273243004e-01,1.897006422297120229e-02,1.400344966619708753e-01
8.692030085527666650e-01,7.865430148850137693e-01,2.269961680953294370e-01,7.042851418015710907e-01,3.217315168666534664e-01,2.225878932728928283e-01,6.855973916458982798e-01,1.320747809107611706e-02,5.894522955605464576e-01,4.106965436766064070e-01,3.143395962755782952e-02,4.634832151574236336e-01,1.625280204453478372e-01,2.515292284578715121e-01,3.326884473564340472e-01,8.580660590365898899e-02,6.911276915213654393e-01,2.889744471368431156e-01
8.859122812693476234e-01,7.832220196134734858e-01,7.874962033714172360e-01,4.043407840027051225e-01,7.431516553912954626e-01,1.930064179879910080e-01,6.628527318614840791e-02,5.460416922112485416e-01,2.635442737986888606e-02,2.446563747887333107e-01,2.904447532697971290e-01,5.280476777503606556e-01,1.507630304174455982e-01,2.636985733662792764e-01,2.292455660069744050e-01,1.089670671206879604e-01,1.426808724526708871e-01,1.546221930060662775e-01
8.772827158789395785e-01,8.577912090924614263e-01,8.273116273487206573e-01,7.795594036437392127e-01,3.081832716347302492e-01,4.392491367228046339e-01,2.389061410125756790e-01,4.701111027535256892e-01,6.549327052836974028e-01,3.967197927035718275e-01,5.089917800578535045e-01,4.318358071927787534e-01,2.689475404673800640e-01,5.321840459587686700e-01,3.026224604082144998e-01,4.130156749341780120e-01,2.401096672063829374e-01,2.794134773788758408e-01
9.660043419523888231e-01,7.149600843770651526e-01,4.073421724991801440e-01,1.062411394967394673e-01,4.878253021082432639e-01,3.446345895462559761e-01,2.774927784356625016e-01,3.654614901112788750e-01,6.685307364929050922e-02,2.836328829723993791e-02,5.039421519185736109e-01,1.214264729804341407e-02,1.091186038042470455e-02,3.004706197042908422e-01,4.588505476478443174e-02,3.421619674643646691e-01,3.700187637040505129e-01,8.901078032904388704e-02
8.889120417008653519e-01,1.415326815674705987e-02,1.828231549982380078e-01,4.196342576273004443e-01,4.092426654023619687e-02,6.128716910522433725e-01,2.458417915522296826e-01,1.118989094263138501e-01,2.479650691084170355e-01,9.419962440558803107e-02,3.316980271546898229e-01,1.985761563350553205e-01,3.131098197223705637e-01,1.201648939987791792e-01,2.695082393182740566e-01,4.244927386023628624e-01,1.255590306792795097e-01,1.253772204320135475e-01
9.109568183803712360e-01,3.872086991117147381e-01,3.571118233333820946e-01,1.083769943373463218e-01,4.307903735279106083e-01,5.499728335769455967e-01,3.106754995052598556e-01,1.798952618810563397e-01,2.744292913432389569e-01,4.170102639516710674e-01,2.505354679124724426e-01,3.658454595500985618e-01,2.866370630365709382e-01,4.621151242399662018e-01,6.639545700436437492e-02,3.596562805322637280e-01,1.809233309323540484e-01,6.168964880765284153e-01
9.221102464142341137e-01,7.947157130964302985e-01,6.233152905194516702e-01,1.050589393582192499e-01,5.225261738747621898e-01,8.678388074070887415e-01,5.936453305499920230e-01,2.483188618476680209e-01,3.840796062994677323e-02,5.817289950792072784e-01,1.112910877861308240e-01,1.429469918110476689e-01,1.652922484861997776e-01,2.381517859825213745e-01,2.022221281083546041e-01,3.092534226324190616e-01,3.406358702963074858e-01,1.463150203730320398e-01
8.991216080968237323e-01,8.454437935880715349e-01,8.326179982100554433e-01,7.054449994803793089e-01,2.932005575127028668e-02,1.828294975503329811e-01,5.415985137376987113e-02,5.271859334001938180e-02,2.641295579005175156e-02,2.650643594705603262e-02,3.650603600731613385e-01,4.327378811235222528e-02,1.979240814944766003e-01,2.748025545950593673e-01,2.083265355978363709e-01,2.078392762564801599e-01,2.411686224960236657e-01,1.392205563023345694e-01
9.667328278448722445e-01,7.104831748735752628e-01,8.060237622723089856e-01,9.084529869670755764e-02,3.298864584318612070e-01,3.229038123477238065e-01,2.917039744672847434e-01,2.784672871069365785e-01,2.676388905818583575e-01,8.007763965433560560e-03,2.184185968113706855e-02,1.889814973966114642e-01,3.076720840978048876e-01,3.409587253872990997e-01,2.969512754748021566e-01,2.498053466234514686e-01,4.839529203299360316e-01,4.251775592264936954e-01
8.621608308302509682e-01,9.352767208994100523e-01,5.322744062678735899e-01,1.438541080511413495e-01,5.118706732107536350e-01,3.754939704702396908e-01,4.804812636907575540e-01,4.199985675027929077e-01,4.185640749500063040e-01,2.841771562138546009e-02,1.581941918094035560e-01,3.161606918048904813e-01,2.682778495433182919e-01,2.853031051454812950e-01,2.700113048176051578e-01,2.056021191833536377e-01,4.578285986044536848e-01,4.520668267881953195e-01
8.992816739383283631e-01,5.193495469360726036e-01,1.933664565544674085e-01,9.604766183124084644e-02,1.293935876361212156e-01,1.968318119414094458e-01,5.627786198136955909e-01,4.315516626787309629e-01,2.681654749782802494e-02,2.620013164576215359e-01,1.201129059770461444e-01,4.854563396227637440e-01,1.896075927016734886e-01,2.252457870866981515e-01,2.574479592587664012e-01,2.027974543199845825e-01,2.746950230334588294e-02,6.213658382264093671e-02
9.702867178784470026e-01,8.209106229502479701e-01,5.753046955463366752e-01,2.444197075899044447e-01,1.620314411334765684e-02,6.459905620967477946e-02,1.052357628933841549e-01,1.135111478026515075e-01,4.133922957408666665e-01,4.692718703187736540e-01,2.010953111843716834e-01,1.020323711362980945e-01,1.820943861371966954e-01,1.120594193220854004e-02,4.569681213716950130e-01,1.110633611381366681e-01,2.705723463793285322e-01,3.500045970716077481e-01
9.348335467235233676e-01,7.237531775496031106e-01,6.901842853854074367e-01,2.992984093628618947e-01,1.201177899663907339e-01,1.129610656885787628e-01,1.332720054228591633e-01,2.828070622543590318e-01,2.588910850342910144e-02,2.301394892906349632e-01,4.279454888585505490e-01,1.405794377512273874e-01,3.453705475983899209e-01,9.723729594981231350e-02,3.729390904725723987e-01,1.645246273705458229e-01,1.762042420053470948e-01,3.079035433270905786e-01
9.081077503187160449e-01,8.449718537911197203e-01,8.179383411745886345e-01,6.156136128508737232e-02,3.686813077106124159e-01,6.940108860439973826e-02,2.230786195441272768e-01,2.268877378537118017e-01,8.310118041630813399e-03,7.358820608977968414e-01,4.745015463152798540e-01,1.103400603147748488e-01,2.706097294658980079e-01,2.697101065628398214e-02,2.670055732452781827e-01,4.088956838056711368e-02,4.731978035755053658e-02,4.025685587806756560e-01
9.068889451678184832e-01,7.218012178091450792e-01,5.836671806968944942e-01,8.271044749535272356e-01,5.639342847621700017e-01,2.700184518630602271e-01,4.614447456740506381e-01,6.345332773558692852e-01,5.835606138257090070e-01,2.114874586194318007e-02,2.585793801996874031e-01,1.651953413948673011e-01,1.417290555465750834e-01,3.759252535917267379e-01,5.660307283370038522e-01,5.777508964462890750e-02,1.594355436021298866e-01,1.099035773193376990e-05
9.187584897173267651e-01,8.177082290476261894e-01,1.309993837731040500e-01,9.517865099840962240e-02,2.982938709960195056e-01,1.040431472381428413e-01,3.253889886907244677e-01,3.003318879130094099e-01,6.741567465225201117e-02,3.043443884625800511e-01,4.416691616515047020e-02,1.143685142960784440e-01,1.117904867741319544e-02,1.109081781368096049e-02,1.792631066464027978e-01,4.991804282261101400e-01,5.713378542867578735e-01,1.417870118766239446e-02
8.775596802339219460e-01,7.426669610200102856e-01,6.992867717398255634e-01,7.139045755946987759e-01,5.970481954265960400e-01,3.715941042199848443e-01,2.550847683746605352e-02,3.695473035821431607e-01,3.173969360597288514e-01,2.008813715355434737e-01,3.974460398593443466e-01,2.197759267976522601e-01,2.067216716445416658e-01,1.432689074734070367e-01,2.012712959057312290e-01,4.852482526415091008e-02,5.806247582320014367e-01,1.536791522662012410e-01
8.627339302612103689e-01,4.733501889077790237e-01,3.449856238825523835e-01,3.703868660543462726e-02,4.813162118781082466e-01,9.769135767258316227e-02,3.579474524368530530e-01,1.851760691543482829e-01,8.563847028301360687e-02,1.360564850718575247e-01,1.310968344621745718e-01,3.426831070584310246e-01,4.518488732357599513e-01,2.713313309361671810e-01,1.890456445506386030e-01,1.110477916833085416e-01,1.154618468024499051e-01,1.747861357570833496e-01
8.827597169035585889e-01,2.257680084971252221e-01,5.014855345538120172e-03,6.265661736868724518e-02,2.209716670612985323e-01,2.451236421963554346e-01,6.158171613503557462e-02,2.357653720406673592e-01,6.891280023538084998e-02,3.530348012697626658e-01,1.435229069771944144e-01,5.008235156036897617e-01,2.934610342456722143e-01,9.639706409790821384e-02,3.470769441143173872e-01,3.826037188602528505e-01,1.425196367333901593e-01,9.138323037459017417e-02
9.628162546799288179e-01,7.600962646233772047e-01,2.397418150811146675e-01,6.645400599990890222e-02,9.357819911468401308e-02,7.396778334436775182e-02,5.525710354248529743e-01,5.489240698704483945e-01,5.597466867087156489e-02,1.574453360995536066e-01,1.667923450981871336e-01,2.466070843767691201e-01,5.168160190328017212e-01,3.468948689607196378e-01,4.545050742097790919e-01,5.408377737849124900e-01,2.600217603308228875e-02,1.110905487887641624e-01
8.789969133613582120e-01,8.281163850406222382e-01,6.728566372090046821e-01,4.852703242692990582e-01,6.596626925846111877e-01,3.520440057398810940e-01,7.090258279982284417e-01,2.928983617284917629e-01,3.305613435550415202e-01,3.535178439825610863e-01,7.226125847402696534e-02,6.644702095164943534e-02,3.571128623859821105e-01,1.554409691677831329e-01,6.718937516755381090e-01,2.238106414881929074e-01,4.181884481412994070e-01,2.979207137678183681e-01
9.049799227776085253e-01,7.258694733408527222e-01,1.590411630551868682e-01,4.592306993849460950e-01,2.772820458961415824e-01,2.721807986742639240e-01,3.954821479939341078e-01,5.107139231662823908e-01,3.708136764255420270e-01,3.050843686994185733e-01,1.351727335450255696e-01,1.683499387387616970e-03,2.170187558775584225e-01,2.160803973502449238e-01,2.814109732330821734e-01,2.105588116039130153e-01,2.072937996019781903e-01,5.048111583549359516e-01
8.829721244654451517e-01,6.625391948317298496e-01,3.946152410091623430e-01,6.078129478172065170e-01,3.609866025030888381e-01,3.440641596659457235e-01,2.924270905638395313e-01,2.432714611650417524e-01,2.365813177675150647e-01,4.444738592883584194e-01,1.491538653133519243e-01,6.548620440229222517e-01,1.811083078535951907e-01,5.387139440208906782e-01,6.251209936798482469e-02,3.725830935958830969e-01,2.360029577647697677e-02,3.112586602049264850e-01
8.989585786941679535e-01,8.465728078894830810e-01,5.974135848010765359e-01,4.056243508609818083e-01,3.200180601530838165e-01,4.449030131155167628e-02,3.722560843797512176e-01,1.607192054239928447e-01,2.537810174677525010e-01,3.931745201180095739e-01,1.122366913972932673e-01,1.492939111973494437e-01,3.618336688772884058e-01,5.031206425510097446e-01,3.202886167850655941e-01,2.609164203423100514e-01,6.545531590958292290e-01,3.792869342606310368e-01
8.936952761648837562e-01,8.456342396316266496e-01,5.284753728447856291e-01,5.084493771076326052e-01,2.485872362573950667e-01,2.578955426078908750e-02,2.897841296150135415e-01,3.448712350220732858e-01,1.426881518770285739e-01,4.904233131530264522e-01,2.795002295723148511e-01,9.760522811083086059e-02,2.606262937986886241e-01,4.939844412973679738e-02,8.355379796142657634e-02,3.282718847863619893e-01,5.319234309033109565e-01,1.580071146883748889e-01
9.473897868157558078e-01,5.907848633139206607e-01,1.355058148084743903e-02,2.080939530983566266e-01,6.923605792361869904e-01,4.236435512367555112e-01,1.233612009508063545e-01,4.679738748424721040e-01,3.436120421892228660e-01,1.547868845125818793e-01,2.014456926812596971e-01,3.971909815668359101e-01,2.875740391518447625e-01,2.501101564017313983e-01,4.422561107748615439e-01,2.337869595816880960e-02,5.114461078502605673e-01,3.698327542454198369e-01
8.990799454378025635e-01,8.003518518566545836e-01,3.990240430275603378e-01,1.021893098105271375e-01,2.191145709789822649e-01,3.948897945086628572e-03,5.626470082804245765e-01,5.583484336195789766e-01,4.084693069286314815e-01,3.617775327802994489e-01,4.977236586296795440e-01,2.296657720503730016e-01,3.772171707858219813e-02,2.597266264805354538e-02,7.415117479098247422e-02,1.129366472656385262e-02,4.780265633997882735e-01,5.612339604163153473e-01
9.116777002062250723e-01,3.435304398740308685e-01,3.166980668074889094e-01,5.698032033360034276e-01,5.281665237347034081e-01,3.882995050410438242e-01,6.366740879013873533e-01,2.225267881421328642e-01,8.991459935097642631e-02,4.141673738276058780e-01,1.713456218252907282e-01,2.829224641623655501e-01,3.946003371586477848e-01,1.467326370767724764e-01,6.478096301510842536e-02,2.124963702808869703e-01,1.171836956109477967e-01,1.545067409699983629e-02
9.177813860748095243e-01,3.996188517562335729e-01,5.630798655948051623e-01,3.818933866551875722e-01,2.405339652979078813e-01,2.600668314578842844e-01,1.749040287114161096e-01,1.461615609890193623e-01,1.893991064942385574e-02,1.405685722647293801e-01,2.367006634590891334e-01,1.669826720711601042e-01,1.192681624019448772e-01,4.300014508845546868e-02,3.678512468870719365e-01,9.137488248078812214e-02,1.611775009402743319e-01,3.214029932237138509e-01
9.397765694939449466e-01,4.240919504247571692e-01,3.311567815343712251e-01,4.294312997513164976e-01,1.388557000823408272e-01,2.130813775369753416e-01,5.326749996868087589e-01,8.886390755967567279e-03,1.659688953563877301e-01,2.098886624322451044e-01,4.143800516553876601e-01,3.896086556753416280e-02,6.465443489643983577e-02,1.578934944212083136e-01,1.326712402888556852e-01,2.071563749930206144e-01,2.175102139740102136e-01,4.549634391765449565e-02
9.362499515000942685e-01,7.128428085978091300e-01,3.756687609894491797e-01,2.179981957381918467e-02,2.053362709470136702e-02,2.522017541077760105e-01,6.861904529001123798e-01,6.947488677268688351e-01,6.007974068290395930e-01,5.655322784141075809e-01,1.669307834555788517e-01,2.944696299539860118e-01,2.792615590587545493e-01,2.974749172528706742e-01,5.495591692854082805e-02,2.757904883184477685e-01,3.108281984095069839e-01,2.146881262950621483e-01
9.334617500575831395e-01,7.935567016485080005e-01,9.157589966332736475e-01,3.523932744847469989e-01,4.777541918818363764e-01,2.914557315262329973e-01,1.065756063373503315e-01,1.245399558018389086e-01,4.826529589378756868e-01,1.023167967116314775e-01,3.342333308146748783e-01,1.476582933448670754e-01,3.842727215213325165e-01,2.383790732729441364e-01,3.548772208317819282e-02,8.264735201971408485e-02,1.641656654876726684e-01,2.336729336492817388e-01
9.425886907697139661e-01,7.551107806528519761e-01,2.658185925477400957e-01,3.903613227415775322e-01,4.483745962361472825e-01,5.016916403259347873e-02,3.795240128960981063e-01,3.379528828103980365e-01,3.693883056863457304e-01,3.789313423716688667e-01,2.577908529970064366e-01,3.635706933917484118e-01,6.416798476013177988e-01,2.750959132352341352e-01,6.952562781036709660e-01,4.445535304852956116e-01,3.367886746779384377e-01,9.655303057601151429e-02
9.244289811239914112e-01,6.643428634482078099e-01,5.953627904907904389e-01,7.545215957816446828e-01,6.265904952724025145e-01,4.334163190168611735e-01,2.043680513806209742e-01,2.014125495106370289e-01,3.223186919014321972e-01,2.671740254451082097e-01,2.203124488174443840e-01,2.572854613970601556e-01,4.367277418160092628e-01,3.098949949932193471e-02,3.251511783057067784e-01,1.043629932256483483e-01,4.875469551971988724e-01,3.159477212795224199e-01
9.085362554612785857e-01,8.511267178361819896e-01,8.886859618334181921e-01,7.475571972505540286e-01,3.878107174045095640e-01,8.456215542138169339e-02,5.373754170289197774e-01,2.589013835641287287e-01,7.309701610721307530e-01,3.789519087458326774e-01,2.332282316080070972e-01,1.461345283209353474e-01,1.700727779490138203e-01,2.265943713778539315e-01,2.828259005490805778e-01,5.075340055155732610e-01,3.090509311217088939e-01,1.640430986582788742e-01
9.314287870477201414e-01,2.497684026107822863e-01,2.489126535235390847e-01,5.345535507081855542e-01,1.088930652310424602e-01,4.988707949346984916e-02,2.882611172866700322e-01,3.619169167309310153e-01,3.702778341058773903e-01,1.327850022697815435e-01,1.675803333324861755e-01,2.625396713029942153e-01,1.521742153959884380e-01,5.797455355478758204e-02,6.203810896811366993e-01,7.327063768834696234e-02,4.280269360284437719e-01,3.471837131741412757e-02
8.934057420295629104e-01,7.685247070270108116e-01,7.911828752013538857e-01,2.751677668893162121e-01,1.908353640472874868e-01,2.697390332293996273e-01,5.622780274172576309e-01,4.299701443452002420e-02,2.796068611325349673e-01,1.951807148968830175e-01,2.524843470566463799e-02,7.536054389533672904e-01,3.589023827841681946e-01,3.106857244891000347e-01,5.953162963255320683e-03,8.011524761577365483e-02,2.021732944573519930e-01,1.906608311434505321e-01
9.383336815301331901e-01,5.133361153513223973e-01,4.833742569174102055e-01,2.310332726983293505e-01,1.320166967113577672e-01,2.738605419679071007e-01,1.101366519148861273e-01,9.090173720928718115e-02,1.806780155025688450e-01,2.502972973748222585e-01,3.073321910677292990e-01,1.277933406088085089e-01,5.682610821140719748e-02,1.234827453748169185e-01,5.202393942907531654e-01,1.793922935891174852e-02,2.564064960451400421e-01,5.011048939765111454e-01
9.150402625987301697e-01,8.350338402654805536e-01,9.054281553058400878e-01,5.101017498194182487e-01,1.639028395156914009e-01,1.385452176071028385e-01,1.096137135186312644e-01,3.481121852138853723e-01,1.536386410148335435e-01,1.270168536156753569e-01,2.363086228117038945e-01,6.204314451574439310e-02,1.122851641758068897e-01,6.547016028207622851e-01,2.700973782858643105e-02,2.080558628876062188e-01,1.436748425616463098e-01,1.404708783070715838e-01
9.452876004340922123e-01,7.376924445770299821e-01,3.453549086799319601e-01,2.946917773885855962e-01,1.209881394806866378e-01,3.276879422175604240e-01,2.103893367511032175e-01,2.575055650898393500e-01,2.124212865150355845e-01,1.372515340438171770e-02,3.969129607895925949e-01,5.460355235721797706e-01,2.153069482933601952e-01,1.196336178904190833e-01,1.386957808704325779e-01,5.822862089613783237e-02,3.368571417747629471e-01,9.454947385328425769e-02
8.019959541584976703e-01,3.730079320226260542e-01,4.449099823229741291e-01,4.495484459989217418e-01,5.278881699080407719e-01,2.277568858836619969e-01,5.760169072641248000e-01,3.420751609326851961e-01,4.026201791292270404e-01,2.426678747393911928e-01,3.034489426032969117e-01,5.648406522475570846e-01,1.362750746484704401e-01,9.436930889889186269e-02,1.490507566194297362e-01,2.018216021067932228e-02,3.499050038641093874e-01,2.580868318128377026e-01
8.554823766197344748e-01,5.397333417515871590e-01,6.431827365885691705e-01,3.264376930074120442e-01,3.548938094990947700e-01,9.736512440847933103e-02,5.895533235271953609e-01,5.904953614202421708e-01,4.943536920539925994e-01,2.667920947211501748e-01,1.592142142779075231e-01,5.447437313849097240e-01,1.657757275345381198e-01,2.399080516040606390e-02,2.348301046260192759e-02,5.525772305885352509e-01,5.073640654358152480e-01,1.090753988751414078e-01
9.057089790489404324e-01,8.526583865651810035e-01,8.705620513697300833e-01,3.822643202086902225e-01,1.389985505441962144e-01,6.857702488311201439e-01,4.200029522187137543e-01,1.666893375690670087e-01,5.253868846050430141e-01,4.207845504690548716e-02,4.048099594063893081e-01,5.249407742782028485e-01,2.097584044672240466e-01,2.252907652619369483e-01,5.273789227846274741e-02,1.003322252626754202e-01,1.495952998521758726e-01,2.152110849516968016e-01
9.526136574779791033e-01,8.309940974677261227e-01,4.257198268659601048e-01,7.482611748545215935e-01,4.057003310448256128e-01,2.087499458270925257e-01,3.572963375105294714e-01,2.474125272807523868e-01,2.164657307237996542e-01,5.316563188111868010e-01,1.174259898064825280e-01,2.268310205497057475e-01,6.055128092921612665e-02,4.508322546766230787e-01,1.265712016802277018e-01,6.530448611945835480e-02,5.750547892472117339e-02,4.319609716459480997e-01
9.154440670471730712e-01,8.476489840890880645e-01,7.025714508034857086e-01,4.710424450297210908e-01,4.205036247958029438e-01,1.567421155031298863e-01,5.512003043106845634e-01,1.095439919680284702e-01,6.215230797758913156e-02,2.025490444630444198e-01,2.119987682144852670e-01,6.565345960974391416e-03,2.850443859469138919e-01,1.487699310909549877e-01,4.124951996774717244e-01,1.003175891030091554e-01,9.806488300945039038e-02,5.754748267030759257e-01
9.118838074079902434e-01,9.058833753393779054e-01,7.798228570077380128e-01,6.199088286701841533e-01,7.284309145850713652e-01,1.196750424979343280e-01,6.028297866547114303e-01,2.578055687878720859e-01,3.442739420603324052e-01,1.175607638366678864e-01,3.990178218302295465e-01,1.772642123049717466e-01,3.427203542640412381e-01,3.159459922068879600e-01,3.985455712855183741e-01,1.417295345256707750e-01,4.820827730213824158e-01,2.857340713574690327e-01
9.260761695781621894e-01,5.190983471848262809e-01,3.060350382391238688e-01,2.425885845427206700e-01,5.350175276571493832e-01,2.201380961508410672e-01,1.357113025276083240e-01,8.844446657948941415e-02,2.832036620419081663e-01,2.327361266822738362e-01,1.838480810827342882e-01,2.617853599493474293e-01,3.563012260727686509e-01,2.410296144594510359e-01,1.547790182899042022e-01,1.836598795585538818e-02,1.349641208518166657e-01,5.380568761754599416e-01
9.474936338113464362e-01,8.357038886442277326e-01,2.698322463500459345e-01,3.250283064100914499e-01,3.784635679221757809e-01,3.329340774386852497e-01,2.603322496307440281e-01,6.614633086932637518e-01,1.057055067340149646e-01,2.205652784811818201e-01,3.307308274930965269e-02,2.733333988234590631e-03,1.900175730590739631e-01,5.493764163412968582e-01,2.532379261711270035e-01,2.990237812715969556e-01,2.352624207096534470e-01,2.315604471688991473e-01
9.106671480725522239e-01,5.464808865562601481e-01,3.266242241389535894e-01,3.983948088070894400e-01,2.221730422350013112e-01,5.106744694777116678e-01,3.812676814248810442e-01,2.265272418053382586e-01,5.363558913899185709e-01,7.151567697849816607e-01,3.167874503000533415e-01,9.209181300176734475e-03,3.449722335935512946e-02,4.241128338041978973e-01,2.388874470403251071e-01,4.813981448358599091e-01,6.567478666762491812e-01,4.484563662712389709e-01
9.505227568130565352e-01,1.443235673825803700e-01,1.070581743974913652e-01,7.455196570156433777e-01,5.412153545469743365e-01,6.206149847829307564e-01,3.179377742823019659e-01,4.928011275678360614e-01,5.227012655872804725e-01,2.301804336901654979e-01,4.437404272666299887e-01,5.218328841317562139e-01,1.791054875753486375e-01,9.699029594971393664e-02,1.919290865178824579e-01,7.249917263558981750e-02,5.962164274666723607e-01,2.862192319620210923e-01
8.715446719215106386e-01,3.895262523797375920e-01,2.889884571203204522e-01,1.117038723078478957e-01,1.185042043107667892e-01,2.043582460916934778e-03,7.950427884299484660e-01,6.706952597950412986e-01,4.487618359601812101e-01,3.029642940216682456e-01,1.380311564081818931e-01,8.874503863224818614e-03,6.899011572873575693e-02,1.108339777642428498e-01,6.204335607449329437e-01,6.630869949358028648e-02,1.732298584553127185e-01,5.782358775122276029e-01
8.847186254186308885e-01,7.804526649388319193e-01,7.862203840132069299e-01,7.785725138105366039e-01,3.419618670635756197e-01,6.498183343935791390e-02,2.551009780553891715e-01,6.233750516074163528e-01,1.903080930552975836e-01,6.761374189341606833e-01,1.351676700847696533e-01,4.260289347190008291e-01,1.450407144113715907e-01,2.948709497622019060e-01,4.619609775523279560e-01,2.248098909222159825e-01,5.314779083116153435e-01,3.441199666280613245e-01
9.158382443163258779e-01,4.851682849885477489e-01,2.614008996358941350e-01,4.150712452543117159e-01,3.455634638848133489e-01,4.785673706360501489e-01,5.007953639679963570e-02,4.283128870395128684e-01,8.996875238042967293e-02,7.763898954327402846e-02,4.564393488650815844e-01,4.458384644448408762e-01,1.174469459618971388e-02,3.562813437845694375e-01,2.716705578520942632e-01,4.561924020596134777e-01,6.883661536779171752e-02,4.719016777411882413e-01
9.510776535416918254e-01,6.348619228376409795e-01,7.943502388721263019e-01,3.631623980184989775e-01,4.362629519839243408e-01,6.352227728117817440e-01,6.640743324412060056e-02,5.276154837261161079e-01,3.782503678136648895e-01,4.656542456785771611e-01,6.859382338257839773e-02,3.634417166053269255e-01,4.079143458646126152e-01,1.122560665740252733e-01,4.691620566943013881e-01,1.329231332228502649e-01,1.384059090907057976e-01,1.417718068199909087e-01
8.113112607524900488e-01,1.970966478619438633e-01,1.479652192257192578e-01,4.789301286148903158e-01,3.495343772071747845e-01,7.207645578232408923e-01,4.315374395177653533e-01,3.909692190348644791e-01,3.395940840101836083e-02,1.010822779930524579e-01,5.606798166927268179e-01,2.065819892870975061e-01,1.748688195269816892e-01,3.591239557225263113e-01,2.494765237558997095e-01,1.039413767729358701e-02,4.137170252301510809e-01,5.831093225107558675e-02
8.170136783020818250e-01,6.092913161040133252e-01,9.501229942632881675e-01,1.376864208874355455e-01,3.185381160538505729e-01,1.336908515819981991e-01,3.125792982621711791e-01,1.321384657576904209e-01,5.692640954442162310e-02,5.247018395316966483e-02,2.563494211562153957e-01,1.863771596473725589e-01,2.521414107966403195e-01,4.403670500905497442e-02,3.381183554110864242e-01,3.138287254943927795e-02,1.684245214133006097e-01,3.070623519697517900e-01
8.952002161294164706e-01,4.950167292755197068e-01,2.920096879554823777e-01,4.068016545988956123e-01,5.754722314773842023e-02,6.688092190375287682e-01,3.219017593622854334e-01,7.450484681928544461e-02,5.855814902390839016e-01,6.601946971631026395e-01,3.975832405142700199e-01,9.609506750347514281e-02,3.621740540529792551e-01,3.260013681485935400e-01,4.936727842100583907e-01,3.475132198876851874e-01,9.205436807007025268e-02,1.364632671699501920e-01
8.045029349617029979e-01,7.122012179268205623e-01,5.923645991328503335e-01,1.685885058903218991e-01,4.157098703556175723e-01,5.251491039597635524e-01,4.069103296872844111e-01,6.855637023049159229e-01,1.323838352472424817e-01,3.160486111791981911e-01,3.490435299033305822e-02,3.243934886958914077e-01,3.669250821808087704e-01,2.878680280312984618e-01,2.405365808447336787e-02,3.370767490373657305e-01,2.207209908702681689e-01,3.936621801408887178e-01
8.770900334137865517e-01,8.429394529475339182e-01,7.772099959671805447e-01,4.026440929351053355e-01,7.950046097631244257e-02,4.952945619626620277e-01,3.788408287575026345e-02,4.488934831430708150e-01,9.970405490810012317e-02,2.992881122300630192e-01,2.221955605513130372e-01,9.241419940619913231e-02,3.062988322241708139e-02,8.956864095994937491e-02,1.356799059492270199e-01,4.179896618487564108e-01,5.011570025046708787e-01,3.560092945757761113e-02
9.440404606861459991e-01,7.523851275346836731e-01,7.452518177347298156e-01,7.132924343594438943e-01,3.924511089152230014e-01,2.228274301859680118e-01,5.641325477124909948e-01,8.627987915291929211e-02,2.288211939284270566e-02,2.031085104034334177e-01,6.840373784921092992e-02,3.847485352555391619e-02,4.414186806416082742e-01,4.172137876839403514e-01,4.144947161897316601e-02,1.736366012478847420e-01,5.263875910241594402e-01,6.831172712855809737e-01
8.864607916325655257e-01,7.829822527315841718e-01,6.714537552223128758e-01,4.697000475726395563e-01,6.282623165369956020e-01,1.812897983190704665e-01,3.260980398679620973e-01,1.776924618083647670e-02,3.335140674186492515e-01,1.712881846595294133e-01,2.705026457455590033e-02,2.570801826522891576e-01,2.618925729623047816e-02,5.720914870387265594e-02,5.152958017630433485e-01,2.714889915100481832e-01,3.190486287272480403e-01,6.135244973181125383e-02
8.845818468736622586e-01,3.746410577711636325e-01,1.533869260700307102e-01,4.580364581654474132e-01,6.837691366392126824e-01,7.480271224907412142e-01,7.252417487354408943e-01,6.392560358700002388e-01,5.944986986824706277e-01,2.124244706441060504e-01,5.847721255805309326e-01,3.188819125860029580e-01,3.401371554001988429e-01,1.562015949028555672e-01,1.100313466495735221e-01,1.165400647447305954e-01,5.898333941735409702e-01,3.378891968015389491e-01
8.154698851334457599e-01,1.452279649169643111e-02,8.866990187305055782e-02,7.186098416432809000e-01,4.595949314202527058e-01,3.888419739379138096e-01,3.241084963160871801e-01,6.640253415768703205e-01,4.201121159133069938e-01,4.947040902807852136e-01,2.075742730325091934e-01,4.093735625605592898e-01,2.994117052262572631e-01,3.981995035957016094e-01,1.814071321105606704e-01,1.722870866979381299e-01,2.095281234398615675e-02,6.123446525771580884e-01
9.448500590549794298e-01,6.034433971065926716e-01,1.247362582211174881e-01,4.188423260402840964e-01,2.287715287418276844e-01,5.039445856366667753e-01,1.953714614813626127e-01,3.838135448248715109e-01,6.924028945730159590e-01,3.995414790412439854e-01,2.064659725170395199e-01,4.986066849807976875e-01,3.688874273946390336e-01,3.307604238623282900e-01,2.979423273120153370e-02,5.435845786112620814e-01,1.387234802396009603e-01,2.374180655832119624e-01
8.905149934590654848e-01,1.535752950679159234e-01,1.938415946150272018e-01,2.802098411632049455e-03,1.815598468183450276e-01,3.192809542061735839e-01,2.773956261477350527e-01,4.812466890302199429e-01,3.909186157405107886e-01,2.012291695280311044e-01,2.220661508360122771e-01,2.844045401667123496e-01,7.104890688601262806e-03,1.747441589005244156e-02,1.920304982482882450e-01,2.346127809177647738e-02,1.943916013566289180e-01,2.759815295376328442e-02
9.325105627172233236e-01,8.923355643943354787e-01,8.087987411209731636e-01,7.923067980202633809e-01,6.571162638934721079e-01,7.688508050788834813e-01,2.221382072532553098e-01,4.535505161152703635e-01,4.004541704748501019e-01,2.105596869744626176e-01,7.116312732676112994e-03,4.171346014037992656e-01,3.593848681735806183e-02,1.692733965104036564e-01,3.802226533462030322e-02,5.679344985933635313e-03,3.993619792953171377e-01,1.803136670095877303e-01
8.654945652979285642e-01,5.762169093589366575e-01,7.235165029248817881e-01,6.472679311740435759e-01,5.246433033288750991e-01,1.853240504014563028e-01,4.719595485134913532e-02,6.878908090171712009e-02,1.639609750789519094e-01,2.540932757875618564e-01,1.182709864215527873e-01,3.983263318539417841e-01,3.310903281030275758e-01,2.492961195553425602e-01,1.719864221088706069e-01,9.742747989518560359e-02,1.258042740567710815e-01,2.513903256954048149e-01
8.861266314689431045e-01,4.983672816154443019e-01,7.645539965097507551e-01,4.203267740648592987e-01,4.361747425725063382e-02,6.308320723471200209e-01,4.422506912810715285e-01,4.012018868899376312e-01,2.781296227613445395e-03,3.137279325864613111e-01,7.675592993673146548e-03,3.171830059542417313e-02,2.493390212019094831e-02,1.887585969272046749e-01,5.512090274005851942e-01,2.483782840078828658e-01,1.020628748230230781e-01,1.956653333046372845e-01
8.999713344087525435e-01,2.101532691093026539e-01,1.160713023074688710e-01,4.901874733112576710e-02,1.361531654076764304e-02,5.267408210251807166e-01,6.605050272929827715e-01,3.371405550237779880e-01,6.263830560613933285e-01,2.805518457161040868e-01,3.462243336527419668e-01,9.462091207474973564e-02,1.138476672064977074e-01,2.932796251167817947e-01,4.217909454017187976e-01,1.181551843211482572e-01,3.177692068620351362e-01,3.754881135186324825e-01
9.281563423472729557e-01,9.128921104982044010e-01,6.795738413165991476e-02,9.598472309912953193e-02,4.370391552436109217e-01,1.711041975128158033e-01,1.478115482056105712e-01,3.454736050406760905e-01,2.651169595988371874e-01,2.749031189783003870e-01,4.628141058910025252e-01,6.339336825436202305e-02,3.360799776418908480e-01,1.817639754046023182e-01,4.895429097987115674e-01,2.006328370274793396e-02,4.353562620402967043e-01,3.112278006622718873e-03
9.282935861225295460e-01,2.213120919186214730e-01,1.796796806476860797e-01,1.226078624451351351e-01,3.773970145278527366e-01,2.032289001762700165e-01,7.149141563171415581e-02,2.282125343811867435e-01,1.567720301219724666e-01,1.446366420838825773e-01,1.563931076695982969e-01,1.217406205968615124e-01,1.563499884906402460e-01,3.683948945274233555e-01,3.268538365061100515e-01,2.783539499669459572e-01,4.109793645055020983e-01,8.328634461145088819e-02
9.417559103404495868e-01,4.424303224981308014e-01,1.866084425812539471e-01,4.478864874868231372e-01,6.398427714957960477e-01,6.785647961745351342e-01,9.404161809534855240e-03,4.257486152539806112e-01,1.007633136610604913e-02,3.964092340178243523e-01,1.484441206746578423e-01,3.592631298772954174e-01,4.023824881747405380e-01,2.415602622448824108e-02,3.576362801449775031e-01,4.650130114704556505e-01,4.378286719573197261e-01,1.681793871137327034e-01
8.634216014753991475e-01,3.544922613071707640e-02,5.573974724559535021e-01,5.536304773876424834e-01,5.482318020686571813e-01,3.011260893585978593e-01,1.709026250217551557e-01,1.468127343951305952e-01,2.508563638679205399e-01,7.811247570552558583e-01,2.402067503947495353e-01,1.852630143746506475e-01,1.478610167028939493e-01,4.348971346056284548e-01,6.293685434889439989e-02,1.850231920906244276e-01,4.427588118515267679e-01,2.715474770194298282e-01
8.457182605048597646e-01,7.446599176822189525e-01,8.816404656414609242e-01,1.887480764281453949e-01,1.743135901936904153e-01,5.283276197152945303e-02,9.771365010748282731e-02,4.020063146261967924e-01,4.524767565450816265e-01,3.520760862014363779e-01,6.970679531253235472e-01,5.888915739143342210e-01,2.005847310081025625e-01,5.763987642095436126e-01,3.045064481599557005e-01,9.366914806231448065e-02,4.942109783682638313e-01,2.589834979671093440e-01
8.029018577849167393e-01,7.065379745173461234e-01,6.505712564123243835e-01,5.640186399683234653e-01,8.273639020686353041e-01,6.922700473261591547e-01,3.238845237236676750e-02,8.204831837001133610e-02,2.068585789978739931e-01,3.527499960958164205e-01,4.487556284105917448e-02,1.107464282741495304e-01,8.035979291203947106e-02,4.839231270184195521e-01,2.258185991378714175e-01,5.061635941521736015e-01,8.043498068300491965e-02,2.520267684194115176e-01
8.129043378528181263e-01,8.603810020693393179e-01,8.075096505052324902e-01,7.336171777380061654e-01,3.097023237609954904e-01,5.080956810725012485e-01,4.670749933622888594e-01,2.740752050019495956e-01,4.669680082922372799e-01,5.820866393524026794e-01,3.364056341700059072e-01,3.109450458860025801e-01,2.245300304348829545e-01,3.070406910795682731e-01,1.307600813347258861e-01,6.444649013768444235e-01,3.436161121710634703e-01,7.160001341028403576e-01
9.410514427484926170e-01,5.489931686105837816e-01,6.063452362279995178e-01,6.669407673584549778e-01,1.397911042364396450e-01,1.366893940292106813e-01,2.082711770634357584e-01,9.698148039216925032e-02,3.669881986978028587e-01,6.659824829073819341e-01,3.476091674251342023e-01,1.426365634660664572e-01,1.240375639446580774e-01,2.694407115910031902e-01,3.795916641304582922e-02,2.215308096019139306e-01,1.354300746680576206e-01,2.997389506473680520e-01
9.140346920421535959e-01,6.258463386445346499e-01,5.507997859904316673e-01,4.578368022068949883e-01,2.561100290737561638e-02,6.436480609378469886e-01,2.023308704379336576e-01,5.299496010060131823e-01,5.058597734282577196e-01,1.242407830557040460e-01,1.112098106011668620e-02,1.488003607475605616e-01,3.964129264307916789e-01,1.984422897203684255e-01,4.902881760388432819e-01,3.855156567486047736e-01,5.689000594445267067e-01,1.810532293143786164e-01
9.296088397012479687e-01,8.824943485982158498e-01,7.739159885562697516e-01,6.550939081242509454e-01,1.998146728242130576e-01,9.769365566389424937e-02,4.319251888323893396e-01,4.371490226482593888e-01,4.112649390132380733e-02,2.230186856795284001e-01,3.678837433586537031e-01,5.854220346430036304e-02,6.355639425940344811e-01,2.773910263825974526e-02,1.856900359888689622e-01,2.570868819142927975e-01,1.534819690073178922e-01,2.652608456090618239e-01
8.988840601084588933e-01,7.789927728075470847e-01,8.166049838959470453e-01,7.754467968827104540e-01,6.481994130922232866e-01,1.883716048395877793e-02,3.842188127069377790e-02,5.394140493553010174e-01,4.593362413651361775e-01,4.231133095811400735e-01,2.489552473598305796e-02,9.930701286376403258e-02,2.402339020120595747e-01,2.601406544839526824e-01,3.000576221087274398e-01,8.236258144949025473e-02,2.773597769658421863e-01,2.723673112602624791e-01
9.198214161088227314e-01,8.330127256982322592e-01,8.646225591449960834e-01,7.947706475262863446e-01,4.149050677674620546e-01,1.541271946311271179e-01,3.082608425241457617e-01,3.070522863718834761e-01,4.811160680222695829e-01,6.233126499544720117e-02,3.718285979409435282e-01,9.927861532024903624e-02,4.816640991175276040e-03,4.742506475615779760e-01,3.598929785801050496e-01,5.599598092396915194e-02,2.033351367101578488e-01,1.971079268351652869e-01
9.321969743774553008e-01,7.442230022481916007e-01,3.446666243217086367e-01,2.264377325928796647e-01,1.482584476460092372e-02,3.789570532750569098e-02,3.507347159418957028e-01,7.546773607975183762e-02,1.979205305406309401e-01,1.599333148710068986e-01,4.363601122167912738e-01,2.516826346804538761e-01,4.508825719697767131e-01,1.318374467583315612e-01,1.197380222161301966e-01,1.379565532140850648e-01,1.385793335552360991e-02,5.009938853324622521e-01
9.523684463357625640e-01,8.222166907205223918e-01,7.920814521327222968e-01,6.851574957077867234e-01,7.538646081407325283e-01,2.557591390137031739e-01,1.583132350368527952e-01,1.098249291460046129e-01,7.753803537403110291e-02,4.373021921722325955e-01,2.826318259934314514e-01,4.491331537241030625e-01,1.002735596959756503e-01,3.732678258775574687e-01,7.507812280491223123e-02,8.507334963859811139e-02,2.736373552978461632e-01,1.207535654014198351e-01
9.266313924188319673e-01,7.309577438787697723e-01,6.190742631340888646e-01,3.972382659138234962e-01,5.117842731506146992e-01,2.875425448343565255e-02,6.131104748197904186e-01,2.308467698515408728e-01,5.175227377582618526e-01,3.383597254069405369e-01,2.141862497631650819e-01,4.290304523350496613e-01,3.550589406052075403e-01,2.994097570075910375e-01,9.700839217012852123e-02,1.535084726135946438e-02,1.847061088408090135e-01,4.916480142652501772e-01
9.529306754538979796e-01,6.385351215314730711e-01,8.854254568596399422e-02,3.697695717712801700e-01,4.280113568161647564e-01,3.708009898567078411e-01,7.522379429743898394e-01,6.635769235597480664e-01,3.327700968625992295e-01,4.063155288867654757e-01,4.680838180061660525e-01,3.534055779031684552e-01,3.397202335420354546e-01,5.292730945608228321e-01,3.021493997129246489e-01,2.501442987628103160e-02,6.880204578662723058e-01,3.234316541748293306e-01
9.704645415071252446e-01,7.414200619011506177e-01,6.058208840820218377e-01,5.333679223162461902e-01,1.094077333002407421e-01,2.354511599273594880e-01,4.171588419591820696e-01,6.860134486550726329e-01,1.984182742107590824e-01,3.108977480842634589e-01,3.981743984627650335e-01,3.503581424693277269e-01,1.022599313855973163e-01,2.593047540691435504e-01,2.342256445325710881e-02,2.800184706939591595e-02,7.236537992305996925e-02,4.669892618711274923e-01
8.359862963349502518e-01,7.804070206369150275e-01,8.059127507634438192e-01,2.188613751275036642e-02,4.808067118227028480e-01,6.088143934367214530e-03,1.481723391774089627e-01,4.397071026257826087e-01,2.545117618831684858e-01,2.712480550441319083e-01,5.694224823647648925e-01,2.774078303346167451e-01,7.158498942406962828e-02,1.378550992674085207e-01,5.715296555037737564e-02,5.252493898210572887e-01,6.061175145695747030e-02,3.519824350150312364e-01
9.375221983426653694e-01,8.546054260565882910e-01,8.025921235761562800e-01,2.596101840161801344e-01,9.715066470121720699e-03,2.428593087820541674e-01,5.086230295648615923e-02,6.277908999833229364e-01,1.894278981032928022e-01,3.205367676526059695e-01,7.078525267868816806e-02,2.805699727547237843e-01,2.327517186143396657e-02,1.466267473406620558e-01,5.644146643252865303e-01,1.135850948475606442e-01,2.366806827344922204e-01,3.703962377390821459e-01
9.654896996941906284e-01,8.969270033475850168e-01,8.607802642570453466e-01,6.033555067688912699e-01,5.897688792124486934e-01,6.531193788527485111e-01,2.595618268998844957e-01,1.744360066164026557e-01,6.757061992724155974e-02,2.046909962365108526e-01,1.328704056451494309e-01,7.299215370604365816e-02,1.441284836902552435e-01,1.603172760108534656e-01,1.966368155007499896e-01,4.110538242352193561e-01,2.054907622588218741e-01,2.870461063961082023e-03
9.400805081830861942e-01,8.151738187818239334e-01,7.098383876661303049e-02,1.508132537771686085e-02,1.330003147228547289e-01,2.507413240750532846e-01,3.638115241004223899e-01,6.738752449147067392e-01,5.384728118451205525e-02,6.048485947984161282e-01,5.000993418273093072e-01,2.340462827674280322e-01,1.631688851392396611e-01,3.681199251182700194e-01,1.877688953677554839e-01,1.794328377486842097e-01,2.636507306885841340e-01,1.228054126934171632e-02
9.124739077646220053e-01,5.019925752667109276e-01,5.442107193932402831e-01,6.764865636716476116e-01,3.222715829814677968e-01,1.921214702743372638e-01,7.168849894243661813e-01,5.924795614245562669e-01,6.337226581174097984e-01,1.627457607241812876e-01,2.430865057793812622e-01,3.569969841516711373e-01,1.620135579409814897e-01,7.865111086091554349e-02,3.325098727440219393e-01,3.204978070664035034e-02,3.687625992064547664e-01,2.094787752215054033e-01
8.846105442152272236e-01,7.267363141226595991e-01,6.264319366222188545e-01,6.995176912712807171e-01,4.382394782908777819e-01,3.613458188345781974e-02,9.620148164456901463e-02,1.015830051431296649e-01,2.203309911443002977e-01,3.518344248536686147e-01,9.809477384978347592e-02,2.412960067602583358e-01,3.335254476221749531e-01,5.582253879878207314e-02,1.940193410993583945e-01,4.666533521159602071e-01,4.737860146920979121e-01,3.264978687450563466e-03
9.440873382948861137e-01,9.284600009629384587e-01,4.072351642587773712e-01,2.987617885363820780e-01,2.114571872680643672e-01,6.832784484079101883e-02,4.867523341350946109e-01,2.011275659656267256e-01,2.472936695572652555e-01,7.129169324140047226e-02,4.963142511591607242e-01,2.527263640093018182e-01,1.732759245520832103e-01,2.352506125014346972e-01,2.194657161946802493e-01,2.181811571960975416e-01,7.701056003164363783e-02,7.092552313167366403e-03
8.850957354994569704e-01,7.806851302805114523e-01,4.483452506069726118e-01,4.924812932864930937e-01,7.694055329304624880e-02,2.755463407535616027e-01,5.150448626705211863e-01,3.187097367664834535e-01,3.420919590438574742e-01,8.688908101617411062e-02,1.375123209096674737e-01,1.271917603472331182e-01,5.840059323213814269e-01,2.300388611943606776e-01,7.164878514451129554e-01,3.488197421526836872e-01,3.185859141546981133e-01,2.676822524993723029e-02
8.780308855130246615e-01,7.391873541979034901e-01,5.859350746784255382e-01,5.583973752331431450e-01,6.009783599828951717e-01,4.329958542900092522e-01,5.327047345157685798e-02,3.233663207605796397e-01,2.147708818110271450e-02,5.444036995454616390e-01,5.292150833163219437e-01,1.623156552878171899e-01,3.226283780117593283e-03,3.597111251560537459e-01,2.843002719902391617e-01,3.101452963071595070e-02,4.642615273077387306e-01,8.335146215221144600e-03
7.689132188069996987e-01,2.399277087290441202e-01,2.167925578065366954e-01,3.238983088821432155e-01,5.756902221109773121e-01,6.177394124530859454e-01,4.998975260360472017e-01,5.589023234314074301e-02,4.158517058651231002e-01,4.338882450939962609e-01,2.680834581570107344e-02,1.179955331675932272e-02,5.328465724682651672e-02,4.194131980036523433e-01,4.367907281075059100e-01,3.034665919654169208e-01,2.866755154710360909e-01,1.156425206075631651e-01
8.825167552747457123e-01,8.429024694816785734e-01,7.553740422758672413e-01,5.522656757579292863e-01,4.279139533373964022e-01,2.401387106449114905e-01,2.802090713096760943e-01,3.241272403294830073e-02,2.790923641820239332e-01,5.563093131721932871e-02,1.176259629708960586e-01,2.068415125780114217e-01,1.324365023651871975e-01,3.310253303031019390e-01,9.142135196910948503e-02,2.996812031640290475e-02,3.318565702871465461e-01,6.005794735933328576e-01
9.318706574160836587e-01,7.788721766897278576e-01,6.371575718432672675e-01,1.817568950378700698e-01,2.131633015279272569e-01,1.531288122051418510e-01,1.489847159798168008e-01,2.112411765993542911e-01,8.915955832171353068e-02,3.549487967215962936e-01,2.062562778725644808e-02,3.192782836920068368e-01,3.126083467185516995e-01,2.021820835822656093e-02,1.124018225442543206e-01,2.967663564464889658e-01,1.140284910286539083e-01,4.158319846580019741e-01
9.404327052869611014e-01,6.885719641740308816e-01,6.764982257522089704e-01,5.263008101121359195e-01,1.855678276651409053e-01,5.237170191699829225e-01,5.864741263876812605e-01,1.904293895003606185e-01,2.770372911033974206e-01,5.910145795244257094e-01,4.199963831817681292e-01,1.315670631394335321e-01,6.028435061230646985e-02,4.622429003638491851e-01,2.472061695006955856e-03,3.759069305034329900e-01,4.268923538312657251e-01,2.651283429162487604e-01
9.657766352198914328e-01,6.035309746714558887e-01,3.411852766055754604e-01,3.240334380990540497e-01,9.514881483011847219e-02,2.777697255011991606e-01,2.002666102251455804e-01,7.110370223237880150e-02,2.579230507415495866e-01,5.322140331071190111e-01,3.196041858747192266e-01,2.367636609913900125e-01,5.419795425534364164e-02,2.562112289713078250e-01,1.826840120760942487e-01,2.752310382735020378e-01,4.083115252711626980e-02,3.554881570236907429e-01
9.435066433115607554e-01,5.469839249903821754e-01,3.732732614947500971e-01,2.255952088669849198e-01,2.345451272171520107e-01,5.817231757762620914e-01,6.526731857306147244e-01,7.604315773638939402e-02,6.815739059719080895e-02,3.575567262512592825e-01,7.805077889682662251e-01,1.367145122104190258e-01,3.068186485687816184e-02,2.494159897977115195e-02,1.552963717905228025e-01,1.110360723735967156e-02,4.401248933560392707e-01,7.713969652719002146e-02
9.537657027237076424e-01,5.847904057506849718e-01,5.905505018179532106e-01,2.397588139008242913e-01,5.443362059684121457e-01,1.815305744926237752e-02,7.434690763815573478e-01,7.205710486076389865e-01,2.574211846197074216e-01,3.519413619265350790e-01,7.662696140928072774e-02,2.177470764313627349e-01,9.981117571798725496e-02,3.251575929108702634e-01,4.320777666266610306e-01,6.976207547849681834e-02,1.166041055416000560e-01,7.584003991295609759e-02
8.336617315814678353e-01,7.516492566456991486e-01,8.228133234318314448e-01,6.666327606380371140e-01,7.376031988732929534e-01,5.554168893384836547e-01,1.921601980164026058e-01,2.920699594899238138e-01,3.213332753114585549e-01,4.057484335366078887e-01,5.424641079400739363e-01,3.385497492557194565e-01,1.565210135114544487e-01,6.388536458945424934e-02,4.409466395292797603e-01,8.956778682746738274e-02,3.301085575084969914e-01,6.218422736407950291e-01
9.105573131725540614e-01,9.265833566786739472e-02,5.208906784649155325e-02,3.419343852213666546e-01,2.801261936394665586e-01,5.116540556491978586e-01,1.042637945837562030e-01,5.130313793840838299e-01,3.073953495626715049e-01,7.335440106724336884e-01,1.059305728509216393e-01,4.179591494792986861e-01,4.591498703611455734e-01,2.442186086781377233e-02,1.511086909113671106e-01,3.678441790944194656e-01,3.792889021302123798e-01,1.201020005110958605e-01
9.426889564989706649e-01,8.393833180299230534e-01,5.858053606183052375e-01,5.465383120295454894e-02,2.747154681933430265e-01,4.785487898101298820e-01,5.990880542310015322e-01,3.542117148437248092e-02,1.246244986283815137e-01,3.576899628109811990e-01,2.241703812641505367e-01,5.523477490391033307e-01,3.343271530855492779e-01,1.333009864504844655e-01,3.712805810380591098e-01,2.132062772299797571e-01,2.239714061536641487e-01,4.925245693818618986e-01
9.449699286900806738e-01,5.912511105778049947e-01,6.870699387377385836e-01,3.841564591239317317e-02,4.432917841239548129e-01,1.724441933672391514e-01,3.427964390168715125e-01,1.415519206249565287e-01,2.831894154572733857e-01,5.623897257221063123e-02,5.261201145176049865e-01,2.437833209653236521e-01,4.781928974535278321e-01,1.167393424385402547e-03,3.599376951194959151e-01,3.160661577793319466e-01,6.478230137667845279e-02,8.755214324880407351e-02
8.552985321602060154e-01,6.135609340478100915e-01,6.602526563740136467e-01,3.850017742373397223e-01,4.675347446313111999e-02,7.498163262534401907e-01,6.962874935411398347e-01,6.804524809744437741e-01,8.119303051595875287e-01,4.925886036647037503e-01,3.790040061114719611e-02,2.343493177995725762e-02,8.841758539373870129e-02,3.181030498035289922e-01,2.442319519975925668e-01,2.387182209130317145e-01,2.856847177331163778e-01,2.448409140497168623e-01
9.584586937391068595e-01,9.222468579354398122e-01,7.792855811022104673e-01,8.220524252650257546e-01,4.621166849286162948e-01,3.758456062558389599e-01,6.417464832432466793e-01,5.778176496759740433e-02,3.178787152996905008e-02,4.571843487746570234e-01,2.456509124302667102e-01,3.761265072952937882e-01,3.232404060002813662e-01,1.274328168401001049e-01,3.175511192973946156e-02,5.493295106910834891e-01,1.321598720211292211e-01,1.080754706368626944e-01
9.570219853309783753e-01,7.268558599579023616e-01,3.302730680674154651e-01,2.329712602894326579e-02,1.624191861335449183e-01,5.404735943758193217e-01,8.979549129080428849e-02,6.423865603320917661e-02,6.018517409194201750e-01,7.615864385119365185e-03,2.725798411914251429e-01,2.176224601803279923e-01,3.550273681283503541e-02,8.258861060922220720e-02,1.077999626329622651e-01,6.378654944157899354e-02,3.373809018122666536e-01,3.759436315123990124e-01
9.574749817927371565e-01,7.577404830434175675e-01,5.221835578655015242e-01,2.243742205464636652e-01,6.091416677264478441e-01,5.880631854278081105e-01,5.336390282920965289e-01,1.572176414051408289e-01,4.995272909675669837e-01,5.259485315024477192e-02,3.226079483447791274e-01,4.775161840148989811e-01,2.120225402802776993e-01,3.004659213603697032e-01,2.000234704198097235e-01,4.037575442100378442e-01,3.811000268966979743e-01,2.925918981700568744e-01
9.439795917717662688e-01,5.718168128464556910e-01,1.973162647952967363e-01,4.160762589295542990e-01,2.373375179053166806e-01,6.220075528342022819e-02,4.914681894527598294e-01,6.399683954491734994e-01,5.223216988537714434e-01,4.126033246730677062e-01,6.390848482488368232e-01,8.613840817552259610e-02,7.135310568840479151e-02,3.248784785726221980e-01,1.803396818494916454e-01,3.512628599235805282e-01,1.701647915422663249e-01,2.232384008846897971e-01
9.254416823492223054e-01,7.879925508003173817e-01,6.709246989790611515e-01,3.085288719418378123e-01,3.044643721996563232e-02,1.339049488812538435e-01,4.231781066144037207e-02,3.251803988508836230e-01,3.433541131541559266e-01,1.223516611653243935e-01,2.821448066060754933e-01,5.328318632993924719e-01,3.979834242340158923e-01,3.459952505475392126e-01,8.727196887670726419e-03,9.695034544386073316e-02,3.320082141585868618e-02,8.681138120468404051e-02
9.259496623922547354e-01,7.241727141780629484e-01,4.207648187923765937e-01,4.032235525168354484e-01,5.693681609534110288e-01,3.039979917352266248e-01,1.018187891138470913e-01,3.012163090529103582e-01,2.598105074825938707e-02,1.077778977005349748e-01,1.299384380078016932e-01,1.626137041418032891e-01,2.709095493111413067e-01,3.714888170649289778e-01,4.870023254890956665e-01,2.361946513956848237e-01,3.798247984138505284e-01,7.767763373689319517e-02
8.916142719869035727e-01,1.043726830872522687e-01,6.453192774012848076e-01,6.585145988852638688e-01,5.009689843115139318e-01,5.330589907734187838e-01,2.834993034085986907e-01,3.799922935465768203e-01,1.461898483283933549e-02,3.703700040707854080e-01,5.291701356007641466e-02,3.826883044500563047e-01,9.320084242617884818e-02,3.003655973593390982e-01,2.680442839851996384e-01,5.014176575045198314e-02,5.449258615106405967e-02,2.728558565219899590e-01
9.235373567287001872e-01,8.749468460084237620e-01,7.813995522474270761e-01,1.557322872236668876e-02,2.433768520931062773e-01,2.744971044890218148e-01,1.673065976880076799e-01,1.009825625037901950e-02,2.076106828802450066e-01,2.415200629371222762e-01,4.229546428107137657e-01,2.657807084332694525e-01,1.529122007697464591e-01,7.108432972161805863e-02,1.054655609497975460e-01,5.266631755171751611e-02,6.930127921910080036e-02,3.614158860906624415e-01
9.337666943886419046e-01,7.543205513346666891e-01,3.298499607101564313e-01,5.131866386760238763e-01,1.560835272559424336e-01,2.640531796473020720e-01,6.369007336097439742e-01,2.046056706688772209e-01,1.589459238091233129e-01,1.642007444234070135e-01,5.458921084695613768e-01,1.253951299505768335e-01,7.556951023297736603e-02,5.217098550120280454e-01,1.998740409413468297e-02,5.951465235727584902e-02,2.589399450202635733e-01,1.842418209065807277e-01
9.186859174386924343e-01,7.480895957752555780e-01,5.375779769492251559e-01,5.840100432855581669e-01,9.741123529264132663e-02,1.760891488265339810e-01,6.476213020102908335e-02,7.879684930304839408e-02,2.188465376919981054e-01,2.698933182359405936e-01,1.264377212421935737e-01,1.329928513884091890e-01,3.030874798520568070e-01,3.678455132621804569e-01,3.205506863223637759e-01,2.914966677797009575e-01,7.072782135877068999e-02,1.527510355086757199e-01
7.862974477526660788e-01,5.482550080669028603e-01,7.581201926330232155e-01,1.404030476717057496e-01,2.661712029927627010e-01,3.061147104437696997e-01,4.997911551538383734e-01,3.433129116377754420e-01,3.062803379139783511e-01,3.420775667825728394e-01,5.145270760031317447e-01,2.013077549450409398e-01,4.653214176577128436e-01,3.451925695105307335e-01,2.716027414105317006e-01,1.119441898339365582e-02,1.273962712965886757e-01,3.343166197609678814e-01
8.821476444289566565e-01,3.826367722899416401e-01,7.286041635760690527e-01,5.124943269020831860e-01,1.443706818758339894e-01,5.578714708189870253e-01,3.646796695470245764e-01,4.911369923915296504e-02,6.461467126666454730e-01,1.348130023070130967e-01,5.111907353528579410e-03,5.600173939714550020e-01,3.784777120394163252e-01,1.706813107604220059e-01,1.338897347866278009e-01,9.780277521208695368e-02,1.359195657151213987e-01,1.805791500341575595e-01
9.271358646162474182e-01,7.044539183371398838e-01,6.320823876956652709e-01,5.296018815352919740e-01,1.924566276013211508e-01,5.052388513633477851e-01,6.137255222531726728e-01,6.143405264972048307e-01,2.238614250232540404e-01,2.666440526555842183e-01,1.517347472412678144e-01,9.458599764644082253e-02,1.637420722528875605e-01,1.606419202768655796e-01,3.142591791783955202e-01,2.602678465260352403e-01,8.960305352576845850e-02,5.326534661775700341e-01
8.079649127532507746e-01,6.162706641217268189e-01,2.758522544247932751e-01,1.866006442834607648e-01,6.014702270173288845e-01,5.531172784254867469e-01,3.794652164494572433e-01,3.727918007863421090e-01,7.180561743264018970e-01,6.183637111875005254e-02,9.488650293435128835e-02,1.958220150270880144e-01,2.363711659785789065e-01,2.281473900086539719e-01,1.007794916905977028e-01,6.067300034347706400e-02,9.308702277697654404e-02,5.029508925009566062e-02
9.200626818581661981e-01,7.310143076105195536e-01,8.602749108136897860e-01,2.707794355890174032e-01,4.730070310126157085e-01,7.011611520899764249e-01,2.769412433296820630e-01,1.633265721957083416e-02,1.982456723963261502e-01,2.895508075584292129e-01,1.845335091080355372e-01,1.010115293556313881e-01,2.377138578307397276e-01,2.261039842884838003e-01,9.781051733646226043e-02,1.573835145310218675e-01,2.701492966918334626e-01,3.637911588056020329e-01
9.327025719843109464e-01,3.835251918860130838e-01,1.560851191148586170e-01,7.456278368918111132e-01,3.803649163619516466e-02,2.997067460579135867e-01,6.717256529764746853e-01,1.812176618626001323e-01,5.973836366045879309e-01,1.385746849416895632e-01,4.496271941099732605e-01,2.737830875527501040e-01,4.547928974743051245e-02,1.471890800636973806e-01,1.528847823259618099e-01,4.674220973876960228e-01,4.121232908061303046e-01,3.558383815271879413e-01
9.281172869365414968e-01,8.021310507461761885e-01,5.107029902576366576e-01,5.618292299975277126e-01,3.481433726918866101e-01,1.267629122823959731e-01,7.475504658227082044e-02,5.003383295093571936e-01,3.354089081872066447e-01,2.513367129899773955e-01,5.958499519061041250e-01,1.349481223853660206e-01,6.839822224221278057e-01,3.029486494014184683e-01,1.287802815033618486e-01,3.653142508256450038e-01,4.315991220699786912e-01,2.593745923315454727e-01
9.495871968313743805e-01,1.288676711259306995e-01,4.845871515410959951e-01,2.358713358497916135e-01,1.148955255698906608e-02,1.284837231065598662e-01,4.332754776469686098e-01,5.214501363965335923e-01,4.976765302547914716e-01,3.288123923427903050e-01,5.420165168516485332e-01,3.581584650650619928e-01,2.601578409136972025e-01,3.042075385475515037e-01,3.131729247558603935e-01,1.389580858803783903e-01,5.117167099905195471e-02,4.497422090983567156e-01
9.060825747447440737e-01,8.412697877063564089e-01,5.914171543800429420e-01,1.680902179575383404e-01,2.766384528366616635e-01,4.411626419485958350e-01,2.889996264708045715e-01,8.206096702240400775e-02,2.321276550459191734e-01,9.141515311495204688e-02,4.751065078552731968e-01,2.461314350096160952e-01,4.865702135211022461e-01,7.674681624667850643e-02,1.881736366572164115e-02,9.224404269732862371e-02,3.662808150031500176e-01,2.954299621635492201e-01
9.306947041623100381e-01,7.816091975767210931e-01,7.409363459969871002e-01,6.061963523133228060e-01,2.636901791301387021e-01,1.097276336333944530e-01,4.407035333011684042e-01,6.959157099286671366e-01,6.872932795142031037e-02,5.534343795483984835e-02,4.261876941522495521e-01,1.034089534311650738e-01,3.890832806025600332e-01,6.879674657464060483e-02,6.668057605039079405e-01,2.600744855515791376e-01,7.113322127252878768e-02,3.506936748585403607e-01
9.107346783795606804e-01,8.617822270169246401e-01,8.047615946530264353e-01,6.390698931420324413e-01,1.156311394220005950e-01,3.959287071924431634e-01,3.096750362269856116e-01,3.230424086402511885e-01,1.283887537229230769e-01,1.591855577824446699e-01,3.630358837755803258e-01,2.121198347204615864e-01,8.332648797165934096e-02,2.147208226522743790e-01,5.742745487622420431e-01,4.048303820207990178e-01,4.444181949226849726e-01,4.144037113087068597e-02
8.698097926159712445e-01,5.749702294215873755e-01,6.982845157559083304e-01,3.157570001699481765e-01,1.888524766429773294e-01,6.182997920176550588e-01,3.675366713931865759e-02,4.006487358673709864e-01,6.878283039519410280e-02,3.004168053673277883e-01,1.961529628012174398e-01,6.681464803651858408e-02,1.258641168373030583e-01,1.384734030665319415e-01,5.421579287088105180e-04,5.345946245059033375e-01,3.985092939666269318e-01,5.387680170162761906e-02
8.913730867867128982e-01,7.629086585463902281e-01,8.473625764100574109e-01,4.175626730057585001e-01,1.877710301256283743e-01,3.768403121865677163e-01,5.054672051661069920e-01,4.894987795272535691e-01,1.727618611135768034e-01,1.002592716668438688e-01,2.382360659732520314e-01,5.408168635558480153e-02,1.726728206097703430e-02,9.777569053896459361e-02,8.783645815103947874e-02,2.230995874935686463e-01,3.803309637560340351e-01,2.695659941691889161e-01
8.982422014676899602e-01,8.192481080529533388e-01,8.515929094031592372e-01,3.282904263352093843e-01,7.824201993985269166e-01,2.556830885454249858e-01,5.241405736959062894e-02,3.865382759450113059e-02,1.151613375796929767e-01,1.060398876516745886e-01,4.297047449395977742e-02,2.906668338148628017e-01,7.901101165166640738e-02,3.146011518167289578e-02,1.417603521851892520e-02,1.842893659018520966e-02,3.584913779105947662e-01,5.872626954225595997e-02
9.513251545469627590e-01,8.792164472404587761e-01,3.462366595438415851e-01,5.370892133831556281e-01,7.698664373614971801e-01,2.865379301051541039e-01,1.259511178620245087e-01,3.427059548660961186e-01,3.567185823826582447e-01,2.567133061658957716e-01,8.938666547106233207e-02,1.363867283654959517e-01,2.929438417212449353e-01,3.893162999762978492e-03,1.992911195471002220e-02,1.078857369622326923e-02,3.198427194899111092e-01,3.030395087408547794e-01
8.644499306808667294e-01,8.529466348127572317e-01,8.594154502127150375e-01,1.254102551672097443e-01,2.489299702282441948e-02,1.913523796231937912e-01,3.810227025013347701e-02,5.093625719632265403e-01,7.059666759195995164e-03,1.527108208792535282e-01,2.461361870727153400e-01,7.563827258950222010e-01,2.156257716190565776e-01,4.598813850123388280e-01,2.047824104817891899e-01,1.396245448679209467e-01,9.988753190377115676e-02,1.054308361542024564e-01
9.109810562050151272e-01,6.132193590428675067e-01,6.391825034406327655e-01,5.270912486960046550e-01,5.596504912552350275e-01,6.749435401117647171e-01,4.774166811177819048e-01,1.522926626901903446e-01,2.070007091282312639e-01,4.899257433239205817e-01,2.671227926454992213e-02,1.016349953821171076e-02,3.208962388222899587e-01,5.153735758026804087e-02,4.898168771027806151e-02,1.245080973974184019e-01,2.216414534145813853e-01,3.546615672955448773e-01
9.458663984561742621e-01,6.603583864573626672e-01,6.633579529046250700e-01,6.403290581408550564e-01,2.829202350958698875e-01,2.256261142999468616e-01,4.472033424322928719e-01,6.549282682458376081e-01,4.525257689801724936e-01,1.262633915893271452e-01,9.867981789209814836e-02,6.586017308979948137e-02,4.877160648720818559e-02,1.847338020094600464e-01,2.452976912260562137e-01,1.142595661361996313e-02,5.229714165916719143e-02,7.089275048494367293e-02
9.180806614469220195e-01,3.436607610522968148e-01,6.215553732040156598e-01,5.336890779846491517e-01,3.624854092981485976e-01,2.694544694637553972e-01,1.036120047140129119e-01,3.099611462610043500e-01,2.813443663995591204e-01,3.352325080685868153e-02,7.436511367185366997e-03,2.070762654375999379e-01,3.233509698090763496e-01,5.502537855598823580e-01,7.242741849488794348e-02,5.874847538386743923e-02,5.472947640272770586e-01,5.422182721551344065e-01
9.289507792947171438e-01,8.088935788362674462e-01,5.900036485052903013e-01,1.514306451380070806e-01,4.345490603791907769e-01,4.236575593092995473e-01,5.289903849940392755e-01,2.874694370150884248e-01,6.001853622174263547e-01,1.519338327182756798e-01,3.887676703413675550e-02,5.101380989912539243e-02,8.246726595388637060e-02,3.144406240551080312e-01,4.862188778119638233e-01,1.228212756980572307e-01,4.098991370331673822e-01,6.269181415104015942e-01
9.742851055405959970e-01,6.956289542294121775e-01,3.765349790473151992e-01,4.585706516410600897e-01,4.680412681051153712e-01,2.746905433271139008e-01,3.185139289374247507e-01,1.496495882696039226e-01,2.434727392426603021e-01,2.132378555016404276e-01,4.894873071536211540e-01,1.179154520855487387e-01,4.913624036520334304e-01,6.087696088270620060e-02,1.968358373145545626e-01,2.445747599897783453e-01,7.898144137837154188e-02,5.276930339323400165e-01
9.221890922528868106e-01,5.097958701261200432e-01,6.432459921813815651e-01,6.347678731473547220e-01,3.832503004197621022e-01,2.949812849999365882e-01,4.379071729308585403e-02,2.508606493494032752e-01,4.191874615376188218e-01,3.543670582270873060e-01,2.356650608454086138e-01,2.413323449187767533e-01,1.647991190067129019e-01,3.648850138040567181e-02,1.347150986633715575e-01,4.100930181499604643e-01,2.162455339779276453e-01,3.416359243308947358e-01
9.271567248773322500e-01,6.323405935809349732e-01,3.654866439455000671e-01,5.749513912153145778e-01,3.746360668568803343e-01,6.591991947578766942e-01,1.217727246917110068e-01,2.172728177323217380e-01,7.227333097630020409e-02,7.016588622065230707e-01,2.581680172502922033e-01,3.213137706101575758e-02,5.628515775397954085e-02,4.716601754529412549e-01,5.581277649887562975e-03,7.285594788706326042e-02,2.695384652130375369e-01,4.033612835709365213e-02
8.132357584484298796e-01,2.501352833413846288e-01,2.222729012211784871e-01,7.708252153249129934e-01,7.012156865584799892e-01,4.881054240313684733e-01,8.085016592736774532e-01,6.246887436940364857e-01,5.485732064806115860e-01,4.167279042471188633e-01,4.218689556993645007e-01,4.797099345529702574e-02,4.990849684347290482e-01,1.630502672216336268e-01,2.372142718508785109e-01,3.935017983715826118e-01,3.063798384955673804e-01,6.105860040881674888e-02
8.472792330762332069e-01,8.207854810684149793e-01,7.020148689120957464e-01,4.864432325305638183e-01,6.370408448589622852e-01,5.487327632960025126e-01,1.964144000758197006e-01,1.397055791106682487e-01,1.122138556919310831e-01,1.260074035620631916e-01,1.897744677249098635e-02,2.602622639263169058e-01,5.327415599086994247e-01,1.392339664160644475e-01,6.323322255646350587e-02,1.689742250142441393e-01,4.796580548544917555e-01,3.416624838912348250e-01
8.974430875844694455e-01,2.534565355972085987e-01,2.106607057595787924e-01,6.964729639391789018e-01,1.235525416091952239e-01,4.446688914948149218e-01,3.854694064123759256e-01,2.403216109202372108e-01,6.537253563475016183e-01,1.667973233685210790e-02,7.941737116160932364e-02,9.493789257271202653e-02,6.781211807164678751e-01,6.945925895492315039e-02,6.816226591621542541e-01,2.245498508298979234e-01,1.464609615704709489e-01,1.811490131396703840e-01
8.877023550860296819e-01,6.811399731972131999e-01,7.087403853446463398e-01,4.160927931697532278e-01,9.825472221440406662e-02,4.640411327620478366e-01,5.712421240841750875e-02,2.484569561282329864e-01,2.144631696172981661e-01,4.141113756892718656e-01,1.776473064114978406e-01,4.236963759032250088e-01,3.902264518869202892e-01,8.115239799982021385e-02,2.442526440672176113e-01,8.667795863596105058e-03,4.649548364077352169e-01,3.155847942754139157e-01
9.185431576313478619e-01,8.818129173647272223e-01,6.064226871985519685e-01,4.528043583000174177e-01,2.802073715434603707e-01,3.777878892405694966e-01,4.939761465644385563e-01,4.910987227236789376e-01,3.029443356694499490e-01,2.817616574195696000e-01,2.334379644073673599e-01,2.192515272266227014e-02,5.471718240916877418e-01,3.361573539264788302e-01,4.586097982301237663e-01,2.890604262715034886e-02,1.410746631136145512e-01,8.329828817585246958e-02
8.751644369954413305e-01,2.501151983790819155e-01,3.909822225861129819e-01,7.323685659673099257e-01,1.981754142375242167e-01,2.125420132307723475e-01,1.972762834279675158e-03,5.246641524582104088e-01,2.434486738784538418e-01,4.468860883300697084e-01,2.653601789500468766e-01,3.644715565329400553e-01,9.609048520807775273e-02,2.265508017375552352e-01,1.580921619069613204e-01,4.915900384439620546e-02,2.200523843302474858e-01,2.777213723392787936e-01
9.027128302395568404e-01,7.592271192767678922e-01,5.867481860005175909e-01,6.394656686873764206e-01,2.081541087845996396e-01,3.126274980338826226e-01,3.717575506223728676e-01,4.029917294438029041e-01,1.770351782862999643e-02,4.954549943732786815e-02,1.318044261698490260e-01,3.059495826781089001e-01,4.482336373389889800e-02,1.040014613335140010e-02,8.656897578600933341e-02,4.617256304997423566e-01,6.946130713354320418e-01,1.723014205510588759e-01
9.336101017974768324e-01,7.017979217659362501e-01,8.036066075846857171e-01,7.873858964312351327e-01,3.476489604780012010e-01,2.069264517287372207e-01,1.159079152971159987e-01,2.526321115867200540e-01,5.483331121697271326e-02,4.300192494304943547e-01,5.346691697363242790e-01,4.414997324791601896e-01,1.713685251990051672e-01,3.629934973833104372e-01,4.594349158724670978e-01,4.121324846041447137e-02,5.947324127538532457e-01,1.722636014978380092e-01
8.337738041600933903e-01,8.746708633806802302e-01,6.276762760936441810e-01,4.739019705373248015e-01,5.350351297690169039e-01,5.034879067959165955e-01,5.724195751799399101e-01,8.349013731843801800e-02,1.502563256997197227e-01,1.593355764273183539e-01,4.432590001254818057e-01,1.402981380527491273e-01,3.391427329575975591e-01,2.683746357678766792e-01,9.766992441925533008e-02,3.622099271068005000e-01,1.624209108172800509e-01,4.949043276208112130e-01
9.441621258792425309e-01,2.341679839486249248e-01,2.591045916557888629e-01,1.455928281788995138e-01,1.068090055725677417e-01,1.130601366127590435e-01,2.318990627008441219e-01,1.895762236646980903e-01,2.455160490054907330e-01,1.356363402801926410e-01,2.331214001219285292e-01,2.779199961410364628e-01,1.490428167205715138e-01,9.980664152385293475e-02,5.355209899514407762e-02,1.062965289523774420e-01,1.591846367371577697e-01,1.340064035989443070e-01
8.508369678059839458e-01,3.069954046451859320e-01,5.268667674299306602e-01,5.852458687612691612e-01,6.738245931667830035e-01,6.348835877480260015e-01,6.976782606415642407e-01,5.739497936942153933e-01,2.383613211967893775e-01,1.635008222156363045e-01,1.222602993281587530e-01,1.480371179340507770e-01,4.890808076791888226e-01,1.537249704534273398e-01,1.790559356039190808e-01,3.502729750436314737e-02,2.577749640669105835e-01,1.340005293027038587e-02
7.620983376031937873e-01,6.296508997797061191e-01,6.887414939506892875e-01,3.189993175340936626e-01,6.394892570480613381e-02,4.646601018260234084e-01,1.040677383728315780e-01,6.018271329251095175e-02,3.324073572858690095e-01,2.857620161079571508e-01,5.686972578044768856e-02,2.237403780461936775e-01,3.045671801612838125e-01,7.554567561584278612e-02,2.610572172185529061e-01,3.597510156944809800e-01,6.382487560355434297e-01,6.043327422944844152e-01
8.089967040560781530e-01,2.105669087996726307e-01,2.579953488036226816e-01,3.004649071589298170e-01,4.674769151355128716e-01,5.648184834595749715e-01,4.816956042728295917e-01,2.397761979168047952e-01,8.015558261733385370e-02,2.925857696812560471e-01,1.032868065085734179e-02,1.215534394495444009e-01,3.511122778463402622e-02,4.657572284813948360e-01,2.495880041248803305e-01,2.126047565108210025e-01,3.607783437454387676e-01,3.132780410126020931e-01
9.476280968994631460e-01,8.216325393487332596e-01,7.170245467928604288e-01,1.406285123185963271e-01,3.097943622943136188e-01,5.009091598394923434e-02,3.365564695466965461e-01,2.701401515451198887e-01,4.109221134626118155e-01,1.893949927826187873e-01,8.531906786505753792e-02,5.703858010901764475e-01,3.790515872361695515e-01,9.606311566921567346e-02,5.519169126003022896e-01,3.955903052854087831e-01,5.894496127766026827e-01,4.164980208045393484e-01
9.092689877936980247e-01,7.720767073964434069e-01,5.245994741149776486e-01,4.065907931558023769e-01,3.826577277030637769e-01,2.270447339619209928e-02,4.107835444411371273e-01,3.837224522155902595e-01,1.483143157783767263e-01,1.263529399370204309e-01,9.601170701895506143e-02,3.759302075458622605e-01,9.090298981903402464e-02,2.265088272509142020e-01,1.866165285562264298e-01,1.846498072161948389e-01,1.958435821915048003e-01,3.732974337163961764e-01
8.294632120282577903e-01,5.268881893410006789e-01,2.850769468272311147e-01,3.117278254403261228e-01,6.078007219070714617e-01,1.671892728624017888e-01,2.500406286787004717e-01,1.105084240272810048e-01,2.784253479037416823e-01,2.516093560287242792e-02,2.420548716067535133e-01,1.896897700121503438e-01,3.955987134303382002e-02,3.503158040593050762e-03,2.517972868269464579e-02,4.108469184258240481e-01,2.635574831660358885e-02,2.964656168275741632e-01
9.145436552886309078e-01,4.511129739906294400e-01,5.483791612292823192e-01,3.605934904121989998e-02,3.644411289318748581e-01,1.528523543508681082e-01,5.129168635056086112e-01,4.034117317594986818e-01,1.800684496410472624e-01,5.225675717518436514e-01,6.068586110932158162e-01,5.863199472389348799e-01,2.875945610380374329e-01,5.098619727291604509e-01,3.522567455222171406e-01,4.279461537211323198e-03,4.090958167906399989e-02,1.373972781747992145e-01
9.051063366555326395e-01,7.887776719735638542e-01,6.132211740965298752e-01,2.918472620177779975e-01,7.964561055635605014e-02,2.375121391518592862e-01,4.861051370673689087e-01,3.096454465486183638e-01,3.135878296801725140e-01,6.816377619685300149e-02,1.580786982388316386e-01,1.277372005453105419e-01,2.571834459221231661e-01,6.637986702001293926e-01,3.487581159140283882e-01,1.619133809469367191e-01,4.291126515499354421e-01,3.270641032043905549e-01
9.264288186410876147e-01,6.551324141446235316e-01,6.762100804169723922e-01,5.337022547769576519e-01,3.412729773438789582e-01,3.764321295798960798e-01,4.200327095352089368e-01,3.043524506757494530e-01,1.002998505551459252e-01,1.364975369243502934e-01,3.266563630718293670e-02,3.139571547241002403e-01,1.801263144785747727e-01,6.017698416061873640e-02,1.237516784650075224e-01,4.551442133829562697e-02,2.301424726538293108e-01,1.515055200899085019e-01
9.098581618055676667e-01,6.573115892992484888e-01,7.950248595571990373e-01,3.118983564988773993e-02,2.062703149492739196e-01,3.297118997231217041e-01,1.150282540601297587e-01,3.193437716182019326e-01,7.101699975505396667e-01,5.586841421704954458e-01,6.576786604405970849e-01,3.017217121000090874e-01,9.612209381277603271e-02,4.661346515010623276e-02,1.982780422674332299e-01,2.621149759673974122e-01,3.389880310026555099e-02,2.402537710565105233e-01
9.059154417768549017e-01,3.270193196557480975e-01,3.888830049121166921e-01,7.011002837807613908e-01,1.663678361090728808e-01,6.190905619009516858e-01,3.723918822945171403e-01,2.212960394673384179e-01,1.965596738182666392e-01,2.615178013539251611e-01,1.129436033973416909e-01,1.842932937468058086e-01,1.701423862451443281e-01,3.913385780796529989e-01,1.707612536250839030e-01,1.103811951405895414e-01,5.740317735267885801e-02,9.289968034798137819e-02
9.648608249145868010e-01,7.155773936244977929e-01,8.761011621315375475e-01,7.310927456544531466e-01,2.730306318290908266e-02,2.717163016583748480e-01,1.981571130805743763e-01,6.161602512682055194e-02,6.136842201670829056e-01,6.166409123200361497e-01,2.468498469410481677e-01,1.165802765879231373e-01,1.813202629260242948e-01,1.457699291244892170e-01,3.285784767426981889e-01,2.733516540361064645e-02,2.635113806478783099e-02,5.280125785418131601e-01
9.422868702198948787e-01,7.238633353327994513e-01,7.890107620018212975e-01,2.305849288302010969e-01,1.142715521976852278e-01,1.900959471782923682e-01,7.975530572734051971e-02,6.355291372581711729e-01,5.683750037620548534e-01,1.852127647969400437e-01,1.890901916447012832e-01,4.667321311786780669e-01,4.825175063736704684e-01,1.554876750795504692e-01,3.213829203958282199e-01,2.718106205295914846e-01,4.572419676670570060e-02,2.601302559245667334e-01
9.494133521942248466e-01,2.467941669405578631e-01,3.326071021328118604e-01,8.003917463518914199e-02,1.666897810030555649e-01,1.165205425141136314e-01,2.602390963206038799e-01,4.796586334637047422e-01,1.341618351932800587e-02,3.946738250826867800e-01,4.190736836909816909e-01,9.916521180216478215e-02,1.530446070792652880e-01,3.134372102541176375e-01,4.855338426932324092e-01,7.452646628702350728e-01,1.439604592079930245e-01,1.039227356351112436e-01
9.071788289889737289e-01,5.551521729198355404e-01,8.427516174250291314e-01,4.759145838641989923e-01,5.429659127633998938e-01,2.292740648174175777e-01,1.785047113664173235e-01,5.466844949035535445e-02,3.204439867445155188e-01,4.035745486242455771e-01,3.423912750493442875e-02,4.342422879631854804e-02,4.113932991740944511e-01,3.025579970737000968e-02,4.074550622912482267e-01,1.656672037113075813e-01,6.494803595604539681e-02,3.877922396340084399e-01
9.304295960282731315e-01,7.908212134902695700e-01,7.083956593670398538e-01,7.186002165793260454e-01,4.003249213417316432e-01,2.446543008802640751e-01,6.799305060371670928e-01,6.265679834186514974e-01,6.895543647370071527e-01,4.507216778550102165e-01,5.571290573232456911e-01,2.593425594728058781e-01,9.145576747460701372e-02,3.122322781666807545e-01,3.787019648206651490e-01,2.717775108936659190e-01,5.485372344058609545e-02,3.852359554726069724e-01
8.418319639740163840e-01,7.905120078814404927e-01,3.439940653255570413e-01,3.456381462489796497e-01,5.442087140796778577e-01,1.690982210676964803e-01,1.323669754681563171e-01,1.350784453895451098e-01,2.123830484859664247e-01,1.883735365413974072e-01,3.275116576640973443e-01,2.648322397036707576e-01,2.342414752406062894e-01,7.711002472672109920e-02,3.179065367550026888e-01,3.684694628849302656e-01,2.128532549141462782e-01,4.440581485051905974e-02
9.015440994450866219e-01,7.403773433402789372e-01,6.911211628143599794e-01,7.855386290179506847e-01,3.381078827307568146e-01,3.371178732046868354e-01,1.598792369979748496e-01,7.947168559205296523e-01,3.274070479731981953e-01,5.195656642392695312e-01,3.466221901337677158e-01,2.506872174970726785e-01,4.760030489830968103e-01,3.730435866254100397e-01,3.270397578426206819e-01,3.431592318346294856e-01,5.385632583595466316e-02,7.191787226046165993e-02
9.035346696444154224e-01,5.024674806697986273e-01,3.311154799994304176e-01,4.756512897288858732e-01,7.892906995502837475e-01,2.923311686861729264e-01,4.273765294570914253e-01,4.847832091417442202e-01,2.171832148408102958e-01,1.012302628771026558e-01,3.757648812553415069e-02,2.043646928863635248e-01,1.251534939482768297e-02,2.274800538994798393e-01,1.602075359567182722e-01,2.331167374879540288e-01,9.544670072646465123e-03,1.993711809595848650e-01
9.472021541631845398e-01,8.340870557975538224e-01,4.886860416987091615e-01,4.415861606253919103e-01,8.617387754023980717e-02,7.907132992058333310e-01,6.078054788272052589e-01,3.135185117802430366e-01,3.379672369063694837e-01,2.779538664947358803e-04,4.592751140377395180e-01,1.704974948321674733e-01,1.019188293084713204e-01,2.828411970131242126e-01,6.546736240225190517e-01,4.361325235102189724e-01,5.065788433951451397e-01,2.744195756470644287e-01
8.501114747361698809e-01,7.173118125151582980e-01,9.355061296684117830e-03,1.181483581965562663e-01,2.261980443042423683e-01,3.441427765815009421e-01,1.350929228887616795e-01,8.412158735152143463e-02,1.993890373449481168e-01,2.364111196712398444e-01,7.324739732972293527e-02,1.435144324441671969e-02,2.544781782725130670e-01,3.413433839685294791e-01,2.581694862051647776e-01,2.440556582736589930e-01,3.090589199970296130e-01,1.198320169303973039e-02
6.680418982998787003e-01,1.785211195618919000e-01,1.822704725082243682e-01,2.290600400022305416e-01,1.412456686900767922e-01,2.409818819352878283e-01,4.055001467776067625e-01,7.779987339917933398e-02,3.175594837312259999e-01,1.137423857442937218e-02,1.280094243758729267e-01,5.480477932009027997e-01,2.147085360229770701e-01,2.343115961510686684e-01,1.157295450960386801e-01,4.089171560078149747e-01,3.070277408533286789e-01,2.019541548216873816e-01
9.310604930423448389e-01,8.478852912584021739e-01,7.473740930429104701e-01,3.098137455194457379e-01,6.647195238309709930e-01,4.069179525598556335e-01,7.285567503452401450e-01,8.973704524696604623e-02,2.189232388753814540e-01,4.430510700459167617e-01,4.767513447815567296e-01,3.421088828891180045e-01,3.270469083492241191e-01,7.014002960037006573e-02,2.442096933187345442e-01,1.599344028593423506e-01,4.640818947662567195e-02,5.045019445037512984e-01
9.137001274762381886e-01,8.257072078884778454e-01,1.534073192388839546e-01,3.215603659192769470e-01,2.939491325024889967e-01,2.443077251839786967e-01,6.519608155739530231e-01,8.008816221526342261e-02,1.367795015298812478e-01,1.531616660831428001e-01,4.408078592603842938e-01,1.734619228269281693e-02,2.977949365260866288e-01,2.883156224875347284e-01,4.166544206776059273e-03,4.833703984992558933e-01,1.138034318545044776e-01,3.124134687144788369e-01
9.242859442884101551e-01,3.339623107184886974e-01,2.517639894530135924e-01,4.096445721993802747e-01,7.053968411005644423e-01,5.506007030129642654e-01,4.398770587318815983e-01,6.102165410966005066e-01,5.763453460679647256e-01,7.131160680513827510e-02,5.633633394064339051e-01,3.295316505156186127e-01,2.455654165708911485e-01,3.695577748748591906e-01,3.609065282623482585e-01,1.316915507090455663e-02,4.392611618758081038e-01,5.881640961300286241e-01
8.653398899145530176e-01,7.701333807734270787e-01,5.899939641465048457e-01,3.377484234445096711e-02,5.074499095708973062e-01,6.089746198995253483e-03,3.870215599711976373e-02,2.200176718182808300e-01,3.397541295029708475e-01,8.578379962050537016e-03,3.652164640727794120e-01,5.845043840463802765e-01,5.495067535284086091e-01,3.510818406960994342e-02,1.206368733143935584e-01,1.690215496143569751e-01,1.272487988391767244e-01,3.564170784862903396e-01
8.473042401857693307e-01,6.798131794574978348e-02,4.899212033215628870e-02,6.644909047837512794e-01,5.770371332896805372e-01,6.179424013756088518e-01,7.967607463724625250e-01,2.160673010168907837e-01,5.920432443430629910e-01,4.404759969133701936e-01,2.019016732292693295e-01,3.907782064502779429e-01,4.572706435895463883e-01,6.172353652665218959e-03,5.955446253479926844e-01,3.795105020198522583e-01,2.452423139854398026e-01,1.884327983009488339e-01
9.321163453438847668e-01,6.968219242528884694e-01,3.033118399716010494e-01,7.572512096954493732e-02,2.353172993444473116e-01,2.264715877410128364e-01,3.227080383528916907e-01,2.405083306904067242e-01,3.821807629982384991e-02,1.228192067708844086e-02,1.283682085789238092e-01,3.026789575921240427e-01,1.828056635469286484e-01,3.888832743305981055e-01,1.393337124853990736e-02,2.870517482431863554e-01,6.694654680671781322e-02,1.946225304191277483e-01
8.991779951882326039e-01,8.038269693833089979e-01,7.955563406275742988e-01,3.704393122200214106e-01,1.490508587914073924e-01,5.689882708951568557e-02,2.512695185960871491e-01,3.139383085057081968e-01,2.244840489447327836e-01,8.236863214337762640e-02,3.817940115155057934e-01,3.213084586823750644e-01,2.657544141027249895e-01,2.426212063068264313e-01,2.066371966522686787e-01,3.598507566191574414e-01,1.456684268022870044e-01,2.563193938821741180e-01
9.136273349436752067e-01,4.979630867996729382e-01,6.292326634513077943e-01,2.614793400780573984e-01,1.079196140578322360e-01,1.592204740746364366e-01,6.292801390442397391e-01,1.024813892778029950e-01,2.593287329113199910e-02,1.041069519665362986e-01,1.611272381213790794e-01,2.489112566568459084e-01,2.210296101852224915e-01,2.467596442821974254e-02,1.793067865913227366e-01,9.136246319262203430e-02,2.194161114968837534e-01,1.955045983091538708e-01
9.059759134967119154e-01,7.056759637493962289e-01,2.271146101323932298e-01,5.307489638742263205e-01,2.985547877708805142e-01,5.153045414459893614e-01,7.030302179756301451e-01,5.237034425253471737e-01,3.566326102904786577e-01,2.277564705113447052e-01,6.334094192595418615e-02,1.532551653071659581e-01,2.430785219566170552e-01,6.339238673411391745e-02,3.447029787281505886e-01,2.191063949615137119e-01,2.691020776751509302e-01,4.193782950975687984e-01
9.521136550482341976e-01,8.037510530336876569e-01,6.974431779865251091e-01,6.175879584805461509e-01,4.410425868129474458e-01,3.785464044301677933e-01,2.034781483794607382e-01,1.745923447840004861e-01,1.618881769298545839e-02,4.225194751144301097e-01,1.143928031032470927e-01,1.723395155911045806e-01,2.323743962385477757e-01,1.551635185165667896e-01,1.794484346846282052e-01,3.345961293625060451e-01,3.062680934463811733e-01,4.029162871504024523e-01
8.888260724014696024e-01,8.106699829667969315e-01,9.063240858113829068e-01,6.255035515966190784e-01,2.156279403506035711e-02,1.655748566528827681e-01,2.239968483894635987e-01,4.604143799033357798e-01,2.318014580362379728e-01,4.076109734624301650e-02,2.278458667788787750e-01,1.789479201984228718e-01,5.361002425308990516e-01,7.970893684176348637e-02,1.828519619775704763e-01,1.924551550595070826e-01,2.412597653028906719e-01,5.838727424632634833e-01
9.308795133783015485e-01,5.601679020889989147e-01,5.062323147031747572e-01,6.806040793634392516e-01,2.014365018543908814e-01,4.640453221738007894e-01,6.930005176522276988e-01,6.840950994289805021e-01,2.012410871310150173e-01,1.667135710404415438e-01,5.796628580901647815e-03,3.271279156122933740e-01,8.652281832462221933e-02,7.102919597483131620e-02,2.005128965387132367e-01,3.468404263348996985e-01,2.029356323711595522e-01,3.654692448677343553e-01
9.191703007058906749e-01,5.918835877055870220e-01,2.979057410610869705e-01,1.620948660658273754e-01,3.595488441640524724e-01,2.358131467427372618e-01,4.887697977082099965e-01,3.939558957304244158e-02,3.278471085174664013e-01,2.200983685291635905e-01,2.200722072750168623e-01,2.783466744395840173e-02,4.773640053698444130e-01,8.981891403235878202e-02,1.032817939913658334e-01,6.798127796068090256e-02,4.779504230425584560e-02,4.480295480902658084e-02
8.284317566828123258e-01,7.541993484047697649e-01,8.825751699376470638e-01,3.859270944882832732e-01,5.829042179555233849e-01,4.410366749875420100e-01,5.248049340962902543e-01,1.515460105619035047e-01,1.069026848693561405e-01,1.494671455476614952e-01,7.826781266004506632e-02,6.250591622627479360e-01,5.942358064392004868e-01,1.608031435479556626e-01,4.102398177973580751e-01,2.330845415653174380e-01,8.617891239250885516e-03,6.294273383654432896e-01
8.600715229678813634e-01,1.374864904498476481e-01,1.557211346007389696e-01,5.124178828208438841e-01,5.827519579864263166e-01,2.131926272852258941e-01,3.041596378084053531e-02,5.176774729062970648e-01,1.649971476295242559e-02,1.575744679712612062e-01,2.156719777972448959e-01,3.066206998084175517e-01,4.658718621345905170e-02,4.178567205154035680e-01,2.265857672666762301e-01,2.083467174395312871e-01,2.710451557523092525e-01,4.802819697977891433e-01
9.376163991682547882e-01,7.799999843600943783e-02,3.215921676077534291e-02,6.422242610293818488e-02,7.890447502984500316e-02,2.904353874180674588e-01,4.390936379302475823e-01,2.182296237612633416e-01,3.119870944864678447e-02,2.576179487540634638e-01,2.304946010572022919e-01,1.974450171093935225e-01,7.305922498272818255e-02,2.178891115878961726e-01,1.472514238980691947e-01,7.402887571173323578e-02,1.634483595863781280e-01,5.606341648220327517e-02
9.479605503765756724e-01,6.161977684932284927e-01,7.182134146062723046e-01,3.151095975566475804e-01,5.708314372204087439e-01,7.844444331502269108e-02,2.283896101499837683e-01,4.070111318954425239e-01,6.041495079937670987e-01,2.543867696438252834e-01,2.394974883818000166e-01,5.511356408383089045e-01,2.913640293261098302e-01,2.511381961088638981e-01,1.134175626889546706e-01,3.721232065359174057e-01,2.443755792787007108e-01,6.053073774670135743e-01
9.163825573158650428e-01,1.443753457104442499e-03,2.893855456169751039e-01,7.059759525940791092e-02,6.227250341493145019e-02,6.711130001793295108e-01,3.605635867680153095e-01,7.256211897406779077e-01,1.512112859452350022e-01,4.930995604138361799e-01,2.366072088916555405e-01,5.451049092875172031e-01,2.707246420132901343e-02,2.564035700166297782e-01,1.944150713019413557e-01,1.843327835393233222e-02,3.777162860846242087e-02,7.575271285330836823e-02
7.299272824826563699e-01,7.131692010108415802e-01,8.958792326559925634e-01,7.331048229568693647e-03,2.757439095202078860e-01,1.496671149410401247e-01,8.621384223386871493e-02,2.718473622694669301e-01,1.254502000017039542e-01,9.966323197375463738e-02,9.844812089934901200e-02,2.529065277275462931e-01,3.217267002060403280e-02,5.946043207131599534e-02,7.851148920448677848e-03,5.190476869988394082e-01,1.386924812490003198e-02,1.364853065582225522e-01
9.146547605899392197e-01,7.789862355582125586e-01,4.976500384727526316e-01,6.783345207370474750e-01,8.031352642389749663e-02,2.992621925402359079e-02,1.027679593096194471e-01,1.959723172079852124e-02,2.594329952317576127e-01,5.247703057801713505e-02,1.550048353499856868e-01,1.200346407462743598e-01,5.834192518198983574e-02,4.072477497619070297e-01,2.858690912886534541e-01,1.038323978870058367e-01,1.309518866549970184e-01,1.927493202263542149e-01
8.638679336995547242e-01,7.658300399220779875e-01,6.171425655636167962e-01,7.037869259377595998e-01,5.073331243777715605e-01,5.391913070368348215e-01,2.535866250703792124e-01,7.298346474347597312e-02,7.904383153300885423e-02,3.489352460555859847e-02,3.317083200781642538e-02,1.420080998916690151e-01,3.839354268628776823e-01,2.158829326265793436e-01,1.107166745300108696e-01,1.975378614047922088e-01,3.095246271477032352e-01,4.071658401200098365e-01
8.870100443940436286e-01,2.803333454528294522e-01,5.254543366467885335e-01,5.224898793428243149e-01,1.086075964328016841e-01,4.052154640031034316e-01,7.125307302071710869e-02,1.608674293055803103e-02,7.056471340943884507e-02,3.058406161926298106e-01,3.944021086773015772e-01,2.770123685873568387e-01,2.879960043650830470e-01,2.686657199346330072e-01,8.353353531814772248e-02,1.883676083952068314e-01,7.422851271338997137e-01,1.035934907530577931e-01
9.001492137988417186e-01,7.242009567365093048e-01,8.043609693295602492e-01,3.864966081883008941e-02,2.101299072266457901e-01,1.371160135208360775e-01,3.210896064865488286e-01,5.058636508372188478e-01,4.302265165032543304e-01,2.803913994362567386e-01,2.530616698721538937e-01,2.177985908384708069e-01,2.926609951571451651e-01,4.048624392214986156e-01,5.761222686655468467e-02,2.227556759207076909e-01,2.497595415917401585e-01,9.162892756515855774e-02
9.612605756086151088e-01,8.707832650978218902e-01,9.138266802807335498e-01,6.209250032378836881e-01,2.995495087034775739e-01,6.419421502372294475e-01,7.047696970997023858e-01,4.809052298400037229e-01,6.451842757075941792e-01,4.450354618969072917e-01,1.790672967347760325e-01,2.988784294259656527e-01,3.047055441258935196e-02,4.056724000613759484e-01,4.877516335203362363e-01,5.950316787024920173e-02,3.012704040916995840e-01,6.876232106299491609e-02
8.738131580834386236e-01,4.331212895647537642e-01,3.961067809873651258e-01,8.795328305379104261e-01,6.718915624490870986e-01,3.516639847078432135e-01,5.534276757156029181e-01,2.502327926462307242e-02,9.397548240009891141e-02,1.980724246971500013e-01,8.476699017509087275e-02,4.429408558594996603e-01,4.750195013355308915e-01,4.635277224569982479e-01,5.166575570762377972e-02,1.021353305474107381e-01,4.074775732897527036e-01,1.019026237304128807e-01
9.073502091412379844e-01,5.504659181162345760e-01,7.864656179934775837e-01,5.028765566513053731e-01,7.883865297209539102e-01,4.578496700968645583e-01,5.411070825187260791e-01,7.393945070144564147e-01,4.117729231531672696e-01,5.451008930995446811e-01,6.662489245843249419e-01,5.720980196482892133e-01,4.028195414984198086e-01,8.327125012426996042e-02,4.343720769071122700e-01,3.847265399726569890e-01,1.620699300545119237e-01,5.009381498091481921e-01
9.506707430243672707e-01,2.877034273677653853e-01,3.123809537353178234e-01,1.998398223851408639e-01,4.181765996686059861e-01,3.986493025402143009e-01,2.794307113324370762e-01,6.065081912176579770e-01,3.056448708943547143e-01,4.625947558449427510e-01,4.309457724573668158e-01,3.706471344716122940e-01,1.572925732944417676e-01,1.539093813565686475e-01,4.237630429699349999e-01,6.381741119208356183e-01,8.374527526135502886e-02,3.056801345974350381e-01
9.523138726654819530e-01,8.833881078662946251e-01,2.455490993497530527e-01,8.194939161742226252e-02,4.041965644156491483e-02,4.838363315121544522e-02,1.888852087439142069e-01,6.472881735186649665e-01,2.788818020487275895e-01,6.034539084282741772e-01,2.105556697668575505e-01,4.712293408148501145e-02,1.210917353222162873e-01,1.172256787339869544e-01,1.167354926141766502e-01,1.520078088033874168e-02,2.135363105572491912e-02,4.550375882861316668e-01
8.618611623609170325e-01,5.682484687158655401e-01,6.246428965453324489e-01,1.759486402438911190e-01,9.144742303043819354e-02,3.094536521477970759e-01,1.911718312607492976e-01,3.988814876631018302e-01,3.101475694853525825e-02,4.636641346480979142e-01,2.685251865829735851e-01,4.835272286842820164e-03,3.446635831498447988e-01,2.227531406153231419e-01,3.734297088092972117e-01,2.785588686714331463e-01,6.935098499036851383e-01,3.744937633441194347e-01
9.499210890511941008e-01,7.734069598428986447e-01,5.658566199087946558e-01,6.058933654364786481e-01,4.227764026132040387e-01,7.917909882580946579e-03,4.136166130466892993e-02,1.922873137731304638e-01,5.640122779429784794e-02,3.293024139693801530e-03,1.208288353288537176e-01,1.579145498438797382e-02,4.710020209443077088e-01,5.133953238947174258e-01,5.750920827515202394e-01,2.468463354789986620e-03,1.987707137498210264e-01,3.956352440285045013e-02
9.530025958446417533e-01,5.989825205366507976e-01,6.744442743006313634e-01,1.766959025184198784e-01,4.360862411818082762e-01,1.524969706649914880e-01,1.788887252022691443e-01,3.517909580590412588e-01,1.545908685728401323e-02,1.307230754789231453e-01,9.936163794513831748e-02,2.321824956083065605e-01,1.995570259272801406e-01,9.389301770054239715e-02,3.525867323614129134e-01,2.717297341827396018e-01,2.436997577212239030e-01,1.980315802639953382e-01
9.172226981626036002e-01,8.561156630203604623e-01,6.098674951760664487e-02,3.234124306681819827e-01,5.918327297420663546e-01,5.873229022576541558e-01,4.685106298311890183e-01,3.875733179293663899e-01,3.056001077994271453e-01,6.299381973586845596e-02,1.812486584563254011e-02,3.718617164218508409e-01,1.605215570600625891e-02,1.584611234446644742e-02,1.738963285451624319e-01,1.408817386545407890e-01,1.260891039971694660e-01,6.400759986474837682e-01
9.130179245291133450e-01,7.945456896107478961e-01,6.735960775614137086e-01,2.976521305313916121e-01,5.308719160210142451e-01,1.302852539023061640e-01,5.583520212592720799e-01,1.904621095443552459e-01,2.429039434982596668e-02,1.132551045101618491e-02,4.620321770951252988e-02,4.139463130284121162e-01,8.311567875162463592e-02,6.016467043480110410e-01,4.302148546152034236e-01,8.681798421858641368e-02,2.672955522295451108e-02,2.378562597890943320e-01
9.445769897177075380e-01,6.107239328984025439e-01,3.337170337930091546e-01,6.535876696111673212e-01,1.750962802393795648e-01,6.588800235098424274e-01,3.514244943058960069e-01,6.161132350027963972e-02,6.330295901151077043e-02,1.219190036864649732e-02,1.321449675898528631e-01,2.296216228206053311e-01,1.062738872608349899e-01,4.155384112255639528e-01,3.356656796106013974e-01,9.420260297412096084e-02,1.638901660666748916e-01,1.793738265471002680e-01
8.547631856133764972e-01,2.812901540748514728e-01,3.701489780339474178e-01,6.412198527331806064e-01,3.112531344437181602e-01,4.325063540323066391e-01,7.997619782664451560e-02,5.036516899435318217e-01,2.116943384090878288e-01,4.128568805833823796e-01,5.182688555437246769e-02,2.630620812448266621e-01,2.335155767347908140e-01,2.156319110280359164e-01,1.554979018648416089e-01,4.671081796990585872e-02,4.458359558926344168e-01,2.628941244431270974e-01
9.142206585182601764e-01,5.555996540027752228e-01,7.595560600394226647e-01,4.375729481481831495e-01,4.378455366483345323e-01,5.059276843644521238e-01,5.569492519192302815e-01,8.088492541384349754e-02,4.323185382004327004e-01,4.895764940075392757e-01,2.527415525663080920e-01,8.814404261348278424e-02,2.730423847319894404e-01,4.481763728881463238e-01,2.819186134156923332e-02,3.485713238709524375e-02,8.300197810715322089e-02,1.748863864260036260e-01
9.488178677596730282e-01,8.204387340574764709e-01,7.771489052703651756e-01,2.709067338907552580e-01,4.587799213038053492e-01,1.272551628719339190e-01,4.014215189232080427e-01,5.477067296100328608e-01,5.110819681047837904e-01,4.326004741845983492e-01,5.524515543602469547e-01,4.484902081293308251e-01,2.741114979023235865e-01,1.556259381416829901e-01,1.312346970460587237e-02,1.187627482429684939e-01,3.335978337790361237e-01,2.887526697857967783e-01
9.114139609365076167e-01,8.078894486546787101e-01,8.300681400642735408e-01,7.029418290173082839e-01,6.357889223932761125e-02,3.339735294651167141e-01,6.088539436803656890e-02,1.370860423794966476e-01,4.316794678751451064e-01,1.382113690092690375e-02,1.731360175125042644e-01,1.627261494600396319e-01,5.278776165062034620e-01,2.312573612985900084e-01,2.178773017898422981e-01,1.190670868137893960e-02,2.445946415525064033e-01,2.645696939548887738e-01
8.680392314035532131e-01,2.049358463584889101e-01,6.493267739398733696e-02,2.479591943981835078e-01,5.866188534450329783e-02,3.230481598105591212e-01,5.687651901456096670e-01,1.386464541974941067e-01,4.457264252033646401e-02,4.296324045454655294e-01,3.055071608821904872e-02,2.506010330088547233e-01,4.723633945465049999e-02,2.595618964691143726e-01,5.909785887727162512e-01,4.432035543489131202e-01,2.809428849373803161e-02,3.784609197526146995e-01
8.485143327338436903e-01,7.103088758813962400e-01,4.409638630776100965e-01,3.677617320564884884e-01,5.096852639958187048e-01,5.953643541675333051e-01,4.250834720654391163e-01,3.897142731088309442e-01,6.369783902774175388e-01,7.695085701611700246e-01,3.728835587392342887e-01,1.407837098034420698e-01,8.534310287602754619e-02,5.215909212535186912e-01,2.697906143217893571e-01,1.165042734668937235e-01,7.419529478884422102e-02,3.374009121860622740e-01
8.313150700524744030e-01,4.314371417848305024e-01,2.467070729246636229e-01,4.944477086464973414e-01,5.679374314627582132e-01,1.514526357195786210e-01,3.017183508399278180e-01,4.137356260901053351e-01,1.286625302196106081e-02,4.467031465243674337e-01,6.623962080636232319e-02,6.733809718177993786e-02,4.993791796450531423e-02,1.384076373765968093e-01,7.230446991952325930e-02,6.940218548559159983e-02,1.350136369913489398e-01,2.262559185984285015e-01
9.480190166952153774e-01,7.816884710936777836e-01,8.147463616485891569e-01,3.776589333356725753e-01,1.058672461579288904e-01,1.332597699024823390e-01,1.455793663707790654e-02,3.535229692648221844e-01,5.580972323278871050e-01,6.423825377686981364e-01,5.203028716694104577e-02,5.183083616513047831e-01,1.794449513554833564e-01,4.165663641393451549e-02,1.091832009971068079e-01,4.933722601549310749e-01,6.368845095501119991e-01,1.196861191209747377e-01
9.098268832042020193e-01,8.540595822503620482e-01,7.542101846400932619e-01,7.275487335335645289e-01,5.056875095703339262e-01,5.247885718373084263e-01,3.619331260739501177e-01,6.164845904130262788e-01,1.340969748525751015e-01,3.246276140378447916e-01,5.490840520639606037e-01,2.997399038627104884e-01,2.125029496120334205e-01,9.356912456409637036e-02,3.588174677198065210e-02,3.428961362940642355e-01,3.993086029107998924e-01,4.399359731884390223e-01
9.193413588794738800e-01,6.300953208301045549e-01,7.190805478791841843e-01,5.598377284076379024e-01,1.343691637471330635e-01,4.175470048885357444e-01,1.389940628064188256e-02,5.953629331072943787e-01,1.378321688970765742e-02,2.265411363904835107e-01,1.128560087321562738e-01,5.353611029036206559e-02,1.384782250383666258e-01,2.435511012752182014e-01,1.564670942708580870e-01,3.227436381157410827e-01,3.316507527689281920e-01,1.647025745498824079e-01
9.051110006958577037e-01,7.218204886547707755e-01,8.790992212563105701e-01,5.808473782182439482e-01,2.690635749655183040e-01,8.297674673904140152e-02,5.211835808269512649e-01,4.293637400708048002e-01,3.033315179887511870e-01,1.748911926208518985e-01,2.809953973561231666e-01,4.483315499994096620e-01,3.845673911833153991e-01,9.928960943183742782e-02,6.528393983145764912e-01,3.576567877331638945e-01,2.909153002252241604e-01,1.679370222465725593e-01
8.279743262357144307e-01,1.220896104685426503e-01,1.975994569037617110e-01,5.007805568056691303e-01,6.851794336306239463e-01,6.797409477514442244e-01,5.098105678797676399e-01,5.443019543617930722e-01,9.050045496472645945e-02,4.058343546426202986e-01,8.964036012950267474e-02,3.182942957107989888e-03,1.497734198657861282e-01,2.659887913970816475e-01,1.576411844259273110e-01,3.413677514051851603e-01,3.827099743654056585e-01,3.748801672242047522e-01
8.544817953655113874e-01,8.202994349799641594e-01,6.865714003346965466e-01,7.232829546629003792e-01,1.878267225175143940e-02,2.640305457776681020e-01,4.642707183485121902e-01,6.347938869207714330e-01,5.998354822225914207e-01,6.374775504375621571e-01,5.465400647634846010e-01,6.486536247012004708e-01,4.616462067233307875e-01,4.870650113716495366e-01,4.692043715308016338e-01,3.328513784490814281e-02,3.899787365867892208e-01,1.539710262387261053e-01
9.105725758984112295e-01,7.689818087553415005e-01,5.946664344241976430e-01,3.136551464766371144e-02,8.954276292784842106e-02,3.233555174709138447e-01,7.644148909498332811e-01,5.270007640792958581e-01,4.615931951645813602e-01,4.086092789237398271e-01,2.982182003843674711e-01,2.674088339933828329e-01,2.573470613909170090e-01,9.260626540932065387e-02,2.422540087182133428e-01,1.092391154138257353e-01,3.676984308593889139e-01,2.042568227770786005e-01
8.969578211141021606e-01,3.582507900740428686e-01,3.383676813185959031e-01,4.473550129650017554e-02,6.767252157679000124e-01,3.843663202938914225e-02,5.251410140038313967e-01,8.557490272205919846e-02,4.104131530942674022e-01,4.585986472723557195e-01,3.218720328671054731e-01,1.724165774494882397e-01,6.521021783736433708e-01,3.368282215062355922e-01,1.510030912055112806e-01,1.559999799873064974e-01,4.221117112317702702e-01,3.943176260723262050e-02
8.001500991484099545e-01,3.886732887291661220e-01,1.111026392406417040e-01,3.550552302819941497e-01,3.155270216858545584e-01,4.938960630031035137e-01,6.804327914761172380e-01,7.963561349387567878e-01,2.031935564525068350e-01,2.607460915703523896e-01,4.341752664881641799e-01,1.273293982563807880e-01,3.594329802519991013e-01,2.931978104442750088e-01,2.548359463526411184e-01,1.881683668058335424e-01,2.880273902914897155e-01,6.048659492108477975e-01
8.678573882574734943e-01,7.015388667923359023e-01,4.196320882479290248e-01,3.115356128730177240e-02,6.553359138974579334e-01,2.925622307035674260e-02,1.680330251761629479e-01,9.135314381448075838e-02,1.732565233435414132e-01,2.614393873900250354e-01,2.408493655754357088e-01,5.782058057278329777e-01,4.881023978354755988e-01,3.983253263362046548e-03,1.440685161652737745e-01,1.972827812664638414e-01,4.941424352632314138e-02,1.565092700168674578e-01
8.301967726692484062e-01,8.219479228457140518e-01,8.453546683079430357e-01,1.699473017523673302e-01,4.971562712998288669e-01,5.273324341046191632e-01,6.218901940939027817e-01,7.021102697995215691e-02,1.011011963976800321e-01,2.399223736131750051e-01,1.814551643588070001e-02,3.545849317045114413e-01,2.171518696802874349e-01,6.302486073277033252e-02,1.164287948685968771e-01,1.370326550756307826e-01,1.927505326211989278e-01,1.883709239233005983e-01
9.435210604003779755e-01,3.597677872008295807e-01,3.179926926607380966e-01,3.828304083870623375e-01,2.021438111895733081e-01,4.533053850722926215e-01,5.095805683345102644e-01,3.196377103274425369e-01,4.670185146850842628e-01,4.084485603792829544e-01,5.948465938988977131e-01,2.077300567906748552e-01,2.939549461147556997e-01,1.155363852281797304e-01,3.273251713526138806e-02,4.299026691512265463e-01,1.209694720692137959e-01,2.344579612931259327e-01
9.554034384535390334e-01,7.472970337193227675e-01,6.618829117058664391e-01,6.353883288446591227e-01,5.552705725336284370e-01,3.652686789124037769e-01,4.634438304723583202e-01,4.261360976813564627e-01,5.311905322683038166e-01,4.937295478956411077e-01,2.285504511053300380e-01,3.909327987432797274e-02,3.623245485994508464e-02,7.239099733912984780e-02,1.259377360378915317e-02,5.112057566311051238e-01,1.819933927115347655e-02,8.199134916998883360e-02
9.556546107060724937e-01,1.333136606320509954e-01,1.399371497512172102e-01,5.570167133702904616e-01,5.582801455820733949e-01,1.766509946812042653e-01,6.310348600627413429e-01,6.738922779711910005e-01,6.008797440206585794e-01,5.024492748547164656e-01,1.849172915415100704e-01,7.536492179779455403e-02,9.818953120700529835e-02,1.485717873358156742e-02,1.182694804295724572e-02,4.031232879545103565e-01,2.353257107972305251e-01,1.924204435596929830e-01
9.236031540874166668e-01,7.318905491933432872e-01,2.996846853265325850e-01,1.780873435390890325e-01,1.424843013597015262e-01,6.487466660969960081e-03,2.610636793576759374e-01,2.426317602052192046e-01,3.219448200514354874e-01,1.739378839728482617e-01,2.450658461357107520e-01,3.625287523098403852e-01,1.258635390850285363e-01,2.203371102928073644e-01,4.203943282259937075e-01,6.764563710744485314e-02,4.026057725449284086e-01,7.402267648561292601e-01
9.332793569934040301e-01,7.722279422497815293e-01,1.809293460927124675e-01,4.966993705662976072e-02,4.499369709384469784e-01,7.990438925124371261e-02,6.889158472736314764e-02,1.107810630603976304e-01,3.559271522872259341e-01,3.645895527135864511e-02,3.410581533349802408e-01,5.747622824569540226e-03,3.460608181720477572e-01,3.239569709164669686e-01,1.878670686763733999e-01,1.165090061954837490e-02,2.243280773740740086e-01,3.664633612701467119e-02
9.482232807933164143e-01,7.770465253144387408e-01,5.001380987148895674e-01,4.531628678158934331e-01,2.926946845344952641e-01,1.308570029617376618e-01,5.371307417475856827e-01,2.293336575824862500e-01,4.047021376103777240e-02,2.927149403082508483e-01,2.695467915310860718e-01,3.799007456699582397e-01,6.140122585351673878e-01,6.577743767766371097e-02,9.903137154510277540e-02,4.426626914184014772e-01,1.358756137961128208e-01,3.437094715793549971e-01
9.213781645287187905e-01,1.087651398945798792e-01,1.421855561353693176e-01,1.544521662301554799e-01,5.887706490878199528e-01,1.966933525293861895e-01,1.141806571065727832e-01,3.854498434523268013e-01,1.576096462570010515e-02,4.346972335643648488e-01,7.041384179840959323e-01,5.578014245387707959e-02,1.308623846312065575e-01,6.492841651584180251e-01,4.883443912084332039e-01,2.012318331309922298e-02,1.961330747732341340e-01,1.703547897096498731e-01
9.565658720123384473e-01,7.061434543051997581e-01,7.298294704553448531e-01,8.061831084949395709e-01,4.683484649907730391e-01,5.142615931758091063e-01,3.596135837661750823e-01,2.332314469338393204e-01,4.785529170086813555e-01,2.987226226498630455e-01,1.532266463106834453e-01,3.116772565832925945e-01,1.645541934220774993e-01,4.898688138766634226e-01,5.820493480280736903e-02,3.492623380477629658e-01,5.789423326912905843e-01,3.399294980911417019e-01
8.393297944815001355e-01,2.325371642877291645e-01,3.206608612743085951e-01,1.082193992940233204e-02,2.279485176021092130e-01,8.728343679972021263e-02,4.794302248644457531e-01,2.268871012375580642e-01,3.180044494252171061e-01,2.877035645136065134e-01,2.673589587526125078e-01,5.899819928785194900e-01,3.700502290615811929e-01,4.981082603247881102e-01,2.135963299715520347e-01,3.674704880625100922e-01,4.111814393708606435e-02,1.407553340225514704e-01
9.631788084850633203e-01,6.404821225027160780e-01,8.434073736994108783e-01,1.820160513111134526e-01,2.179906894257926386e-01,5.078574201765537754e-01,5.967529985130789472e-01,7.538007332624367673e-02,9.851640507443937267e-02,4.848004403859468292e-01,3.745143070632989679e-01,2.082975789041959236e-01,2.125571830825260244e-01,9.631140508711685810e-02,2.783721789464507212e-01,6.168466510848762824e-02,5.130395228223476600e-01,3.063275634907342351e-02
9.368342687928650214e-01,7.021299972515433474e-01,5.970508395858797890e-01,5.381161791322499610e-01,1.368145736560674730e-01,4.256960339740515908e-01,4.183908860357793413e-01,4.094474407086121093e-01,4.353238029282804900e-01,1.787261716000735357e-01,7.293937330517924478e-02,4.846057499093407717e-02,2.606122732264984365e-01,3.248905145041858233e-01,3.223962881358072297e-01,4.795809467990561070e-01,3.334561649698362246e-02,2.801800262266687658e-02
9.415460530425946439e-01,8.787923109430831881e-01,8.051008883058724530e-01,1.915124848179176331e-01,2.075462230746503434e-01,2.310818279904950923e-01,5.953717049966137376e-01,3.255192880458355753e-01,1.061987553459739775e-01,3.669630124370050206e-01,1.583553307656919984e-01,1.015901611334755171e-02,5.478897662569455207e-01,2.684985290626679677e-01,2.628624508598838561e-01,2.850384212060886879e-01,1.343175918154246307e-01,4.027131225370311762e-01
9.333082405915220647e-01,6.944797966869543648e-01,8.328506869988935302e-01,6.699713405244241970e-01,6.817591450582906054e-01,6.628267411932527164e-02,3.316777292635670338e-01,2.412037930407148478e-01,1.128150464307120376e-01,2.957339982512426912e-01,8.564661317299900045e-02,1.020040179061446894e-01,1.702105858650301284e-01,4.755264141834527614e-01,3.678939015885380331e-02,1.555756094007871015e-01,4.236717139217743844e-01,2.420885161117384554e-01
8.446922884295858802e-01,7.564723834328548335e-01,3.350261586689265991e-01,4.252234366721028835e-01,1.689180681798913009e-01,1.111986902622781603e-01,1.344349165412741798e-01,1.619499732870052222e-01,1.166222141264047357e-01,2.525093618435398923e-01,2.543586467426208753e-01,2.366657790908821557e-02,3.912849768985046661e-01,6.916059593957667173e-02,1.680718067649331904e-01,2.534727213685284974e-01,1.471977664964605192e-01,4.578890263712805386e-01
9.309821503434999590e-01,4.097874293476925778e-01,2.043234995676407317e-02,2.134054234224510016e-01,3.094151814221424157e-01,4.753932296865633345e-01,6.727820963120062503e-01,7.394901259522073111e-01,1.969203097762753929e-01,9.237333838084062221e-02,7.840366915239926904e-02,1.496242789299962739e-01,1.629156424394852809e-01,1.703520229952287524e-01,2.383435419038726633e-01,6.616666189053009850e-01,2.861800736234587639e-02,6.866272512456853550e-01
9.172862148355306333e-01,4.568753237587264149e-01,2.340345752714391714e-01,3.592693801449352020e-01,4.323499129883169867e-01,3.376441438092638303e-01,1.962782505083896737e-04,1.446766156829195835e-02,1.713171451731841655e-01,3.924115211082498944e-01,5.029798183636018383e-01,2.611690696549427981e-01,2.675201995277309841e-01,4.700554845053577235e-01,2.748650910292104732e-01,1.308486845449925440e-01,1.975479793725753996e-01,7.557871697747670092e-02
9.305559169451387280e-01,8.630738231533063853e-01,5.861123553939954212e-01,5.415644095833632710e-01,1.399279349443924292e-01,4.691841752148216416e-01,3.335675954400563747e-01,5.566797448511822122e-01,4.244533253314848320e-01,2.172353131699773510e-01,2.036504802087505950e-01,1.994606639371139523e-01,1.598995797181564371e-01,3.264318092007358896e-01,1.571143245810883160e-01,7.733302222689281136e-03,1.615752069732520960e-02,5.025235710033529868e-01
9.227537257122297998e-01,5.723782767235046087e-01,7.179281453517745160e-01,7.098176867782387926e-03,3.216672090169255260e-01,1.160377860773162267e-01,4.065600861569680924e-01,7.012932476899417233e-01,7.119112837532302895e-02,2.126342141059774440e-02,4.629389444091940309e-01,1.384430622982803748e-02,3.844929012463061541e-02,4.251043003567574474e-01,2.698931362286509650e-01,1.363463441206296256e-01,1.150318027658134706e-01,6.359281018476778957e-01
9.276499178247694655e-01,1.497691188415775643e-01,4.541876252480609999e-01,2.185238245962193571e-01,4.642989450181679301e-01,2.806616028896363191e-01,4.669351497831323861e-01,5.297890558966181773e-01,2.920835568313198682e-01,4.931600423306611858e-01,6.549054665539332243e-01,1.611473712183536244e-01,1.241473612082471673e-01,1.862420836600724716e-01,3.154897563285039008e-01,2.425593611560578622e-01,1.774949548452044168e-01,3.360996009338719226e-01
9.323917745572428695e-01,6.708288770735616469e-01,7.241589248925449640e-01,2.018699371754212324e-01,5.544301322257282338e-01,3.807119974970117338e-01,3.106580625845252741e-01,1.747124472414975649e-01,5.880546080502968564e-01,6.118144525604057860e-01,6.070415779990803173e-01,1.635244982843424566e-01,3.600363434808017682e-01,1.023849464215833005e-01,3.971486455429102946e-01,4.618159952353390052e-01,1.349220303598186455e-02,3.211881228061178040e-02
9.434133264339640279e-01,6.746124575068676021e-01,7.502596337860698572e-01,6.690763876281525802e-01,4.069606993166923758e-01,6.962178051750408936e-02,3.160109331889943696e-01,2.469560398813837668e-02,9.438253475416941152e-02,1.328231072416674041e-01,6.907954082396859652e-02,2.514206352201832639e-01,5.139397380252433978e-01,6.461499477781158518e-01,2.497639355050497167e-01,4.002789565819827033e-01,7.411408041737009567e-02,6.046427383810302203e-01
9.515126156393081125e-01,6.515340369838945600e-01,7.896818800509490810e-01,4.839258843601575988e-01,9.571299267493228735e-02,3.729036854109444299e-01,2.795219033156873256e-01,4.774335143220684863e-01,2.822328671338392159e-01,1.886198510527886396e-01,5.087316674256181503e-01,5.506156787982733475e-02,2.576141627976865633e-01,4.045412320608489376e-02,3.418041530443745590e-01,4.128817716190090192e-01,6.987002392641857018e-02,2.044408611890441430e-02
9.653174382464446701e-01,2.471477474273969799e-01,3.925811983093328017e-01,1.520152898975653255e-01,2.782952290499990378e-01,2.715687509747489736e-01,3.504104252685460996e-02,1.325316470794389301e-01,1.798298668943243139e-01,5.628198134050843571e-01,2.067021553306749582e-01,1.628911619155781199e-01,5.594411115871018164e-02,3.122740606101003652e-02,3.026312393782647561e-02,2.168306975252342617e-01,5.706972661164751992e-01,2.823333256852495476e-01
9.009517542871815499e-01,7.930832441673587585e-01,3.728698540170721776e-01,1.579463975970220868e-01,5.732205554823200933e-01,1.705704798415103307e-01,5.469129412209938756e-01,7.026686474802377180e-01,3.183336750923908554e-01,1.424974096200468388e-01,2.098636297778452287e-01,3.399941991811585296e-01,2.509083762999980011e-02,3.095620731288017402e-01,4.942698694712784890e-01,3.665002910602738195e-01,2.154822385153029873e-01,1.370401653518732998e-01
9.555497245791031435e-01,6.581121272023928714e-01,7.409466263284644194e-01,2.552773823136975651e-01,6.280359916891253141e-03,6.067354761938096308e-01,2.141838156311866859e-01,4.112143181904141798e-02,4.171643591953884678e-01,3.003770393810833439e-01,2.036072500079197656e-01,8.104072282385733905e-02,7.404185792263244525e-02,9.720930508410519436e-03,3.487747161969908527e-01,3.707763012029849370e-02,3.017329560498426266e-01,2.134152768916373066e-01
9.070582223865564231e-01,5.509971295434461513e-01,4.295241206118042832e-01,5.956316554152828457e-01,4.518727393920593527e-01,2.759051520356098353e-01,1.117355249395610671e-02,4.610262144132953183e-02,4.236007821825874542e-01,1.834660562904610326e-01,2.702963195051989453e-01,3.219368692735339321e-01,1.983197449484687402e-02,3.614319238047526972e-01,3.371844245025173437e-01,6.479442483352922111e-02,1.244974769712248186e-02,3.546247739324837056e-01
9.116682037974561670e-01,6.260718142994355917e-01,4.804363048912617673e-01,7.060973970665842536e-01,3.525771156835012105e-02,6.722727558157786110e-01,1.676161155366584499e-01,3.649540332854246671e-02,3.986534647106559359e-01,1.718867950533365385e-01,2.044399278223804350e-01,3.869730173282163732e-01,1.112034308128598825e-01,2.121653846587888154e-03,2.015568857088917143e-01,1.233576598608996655e-01,5.103228462929390030e-01,3.456143010070938937e-01
9.536608622937196023e-01,9.102986733205016279e-01,9.089313740437625633e-01,7.902888587744221205e-01,5.599212466843203062e-01,2.466079086157201283e-01,5.823291907491969788e-01,9.024309758852877561e-03,3.171350237105965975e-01,5.749963253550363085e-01,2.561667114832563708e-01,2.140931782782824755e-01,1.307219561397030862e-02,2.184732164210424765e-01,2.141018018764594411e-01,2.596600871954672304e-02,2.999153433885934361e-01,1.187178165070078700e-01
9.492200309933853664e-01,6.235551321861027008e-01,7.368309977166509483e-01,2.370867186232631652e-01,3.008743253410288143e-01,1.899494654168527030e-01,4.547459553558249046e-01,6.847924002052137027e-01,2.336508873429995192e-01,2.440281285329811978e-01,4.087367130702309059e-01,9.141835167028070086e-02,1.941069874523363992e-01,3.861176493938785481e-01,1.501623296115767447e-01,5.797159384371335378e-01,1.608950701016153770e-02,5.849199484363932777e-01
9.280528806265671005e-01,8.493559849232646952e-01,6.156828741476318978e-01,2.144935293659482878e-01,2.581655518764354729e-01,5.235339546499486740e-01,4.424706855517535620e-01,5.086097641223930044e-01,2.076062551125195665e-01,1.807531132285478404e-01,4.246340541541751556e-02,6.784225211453134841e-02,6.543985011492808868e-02,1.412490128376461263e-01,5.153367295280406046e-02,6.495737723085922566e-01,3.531823789993355778e-01,2.959993932300043762e-02
8.941890413584696606e-01,5.173691350239345565e-01,6.517264834191820698e-03,5.170724420757812911e-01,4.726073932504907399e-02,5.014479957274705635e-01,3.174094274572413221e-01,6.338084410516300338e-01,3.390073298218817532e-01,4.218801200536195228e-01,2.662577033110602454e-01,7.715560279173627745e-02,5.008153142306798200e-02,3.451544483354429538e-01,6.765234095766464728e-01,1.428194839917902581e-01,3.151846401723580882e-01,3.964802009201819910e-01
9.470964197779870863e-01,3.390089812817542736e-01,7.413859093001186062e-01,6.735495894399768924e-01,8.477806488255690276e-02,2.872257420603203659e-01,3.488354500361692256e-01,1.409420401648317153e-02,4.090499850884701249e-01,2.023386865791059475e-01,1.749603402874371771e-01,1.156086322660500737e-01,3.400581616698339360e-01,3.241822668318323220e-01,1.944106248863545772e-01,6.138338548803110722e-02,1.556972547249693972e-01,3.371993685972630161e-01
8.877163258394887846e-01,6.625476209815730488e-01,6.565066025787190673e-01,3.843435343192881937e-01,9.338539210929916456e-02,6.966074766486472780e-02,5.147031222251152727e-01,2.728501560242893587e-01,5.674821792774573104e-02,1.346278106022964494e-01,5.510830429564089750e-01,1.018064268579514375e-01,1.436004673838005563e-01,1.713927839245228402e-01,4.025587329781453449e-02,3.320673596877934258e-02,3.408660469981936170e-01,1.489474035361268434e-01
9.233699351537204558e-01,7.864558847109396345e-01,4.690507708490687100e-01,4.499898367044808944e-01,5.374390159587868476e-01,6.025590688230462177e-01,6.820880129275270765e-01,5.087569717134621250e-02,1.951961965378669894e-01,2.184388899447664290e-01,3.702732309914286753e-03,2.919429413428192496e-02,1.382668139785345751e-01,4.539240125963104472e-02,4.666438404905773329e-02,3.014792032557959134e-01,9.593400734457477666e-03,5.551223835000766993e-01
8.426431027640447491e-01,5.259623184157021791e-01,2.748018918503498664e-01,3.043886850408234618e-02,1.907998812135368871e-01,4.692864690589964582e-01,1.833165574172049561e-01,2.233692167632102543e-01,8.103088587825305056e-02,3.606202420841868039e-01,2.659149567958369320e-01,1.014821841684559883e-01,3.432432086455929066e-02,3.062091943976328334e-01,2.408100182772739684e-01,2.508702889531916891e-01,3.134578839513281756e-01,1.694487299517933310e-01
8.222957223019494721e-01,6.952810026711658820e-01,7.188096545676376792e-01,5.912066107144136051e-01,4.468953820491739504e-01,5.277845580814108928e-01,6.830022895188766485e-01,8.950590972040510518e-02,3.475496414640681930e-01,7.718538683674493195e-02,1.268701692688503357e-01,1.425590844595305273e-01,2.472235422005828742e-01,8.161595882844412120e-02,7.518089169672474981e-01,4.616311126070574700e-01,7.225601463612814357e-02,2.052065804453082343e-01
8.891914326915668632e-01,8.568789140625209244e-01,6.815765411574380428e-01,8.241954113131115534e-02,1.930110426719345573e-01,3.594687318289575551e-01,4.944083803466461369e-01,3.659000682527436266e-01,4.559789092822844614e-01,1.529102714299223620e-01,3.678626230005238584e-01,2.775724589309649590e-02,1.250215681961452108e-01,2.856584681572004597e-02,1.140336113215306979e-01,1.748785582064646404e-01,2.609456076786483003e-02,4.679544312010184282e-01
9.438001005363976237e-01,1.177668473886746003e-01,7.612287760764319122e-02,7.451023564766987572e-01,5.216977715688234651e-01,5.936930283311958600e-01,3.633707143236521442e-01,1.463830747797809084e-01,3.103113555459340867e-01,2.550504303799421280e-01,2.064986164268586000e-01,2.119058771755576998e-01,2.414838278559852114e-01,4.591262064335508986e-01,4.101444611447750410e-01,2.036263751142448619e-01,2.155857081566736333e-01,1.001912597152304907e-01
9.232732530308535024e-01,8.920975924124618928e-01,7.419751156764349265e-01,8.216969119053614268e-01,3.386227846350415432e-02,2.717024179467614764e-01,4.540222122466235771e-02,8.110623245292609973e-02,1.779087633661802781e-01,2.150949776747390352e-01,5.362317435250691933e-01,2.870480078476266295e-01,1.220937264980141296e-01,1.349744330126182446e-01,4.828799753858181720e-01,3.024590478588904396e-01,3.326333232352034486e-01,4.155328343332991281e-01
8.951244952143309064e-01,3.483195574767566360e-01,3.924940115946957686e-01,6.998389054232380113e-01,2.448160874094086337e-01,7.148341073685795521e-01,3.691585970827757079e-01,3.722228542968492038e-01,5.835763201208074395e-03,3.673677327584141672e-01,1.113379418455169995e-01,3.870850307268149937e-01,2.676709970405411476e-01,4.413807358713872642e-01,1.596845275572309486e-01,2.708924051112287512e-01,2.711182432624447691e-01,9.233891919960518502e-02
9.028783330779852623e-01,8.076878030015942622e-01,8.085324039595657153e-01,8.135164043546929680e-01,5.600136591362852023e-01,7.109618200603498028e-01,5.943702511414318268e-01,2.808925006040480787e-01,1.744664850732426942e-01,3.141790839595020035e-01,4.123040770064091420e-01,1.013703311538915880e-01,3.368799457278068288e-01,2.610749114446100916e-02,3.059077411293198989e-01,3.855278704984026888e-02,1.290745364275580065e-01,2.634601175857914090e-01
9.436961178729198485e-01,8.854931995670117795e-01,8.721236883302058152e-01,1.732639203399274352e-01,4.508736674138857370e-01,1.851547315974376995e-01,2.325000159773628061e-01,1.082350199940843166e-01,3.615955228022688650e-01,2.728391842990001703e-01,1.590493308038773146e-01,2.258216487514313336e-02,5.103491394079122667e-01,4.579689844281180193e-03,4.793335532841087598e-01,2.943850630358078695e-03,1.905115523521654780e-02,2.111951105487488711e-01
9.230306457082164684e-01,4.328346896480482209e-01,2.052100536072144210e-01,4.427257250902107422e-01,2.316244295287391841e-01,3.138410766732173118e-01,3.283675358052235982e-01,3.746928840314656117e-01,2.869822317631642306e-01,5.029133615841393512e-01,1.734445416649998961e-01,5.673493377696377238e-02,2.240406280013865215e-01,2.745690039733942808e-02,8.654043051686448329e-02,2.050686535236136490e-02,5.231748614880343817e-02,1.442999805098350019e-01
8.470325262069530181e-01,4.331417440023821452e-01,4.891121517561573540e-01,2.091506477363111738e-01,2.903322773194048079e-01,2.192159708780445360e-01,1.767384948783728982e-01,4.002110763069420818e-01,1.966273155709739595e-01,2.300751471375153678e-01,2.340985115389532800e-01,3.571637042679971508e-01,5.464265390384335230e-01,5.230883375291384141e-01,7.589325976905730853e-01,4.644816604474034105e-01,3.873552913151028787e-01,1.400846964156649277e-01
9.176544604511160941e-01,1.307198447141888209e-01,4.155841075050108469e-01,7.849950696544984174e-02,2.452968660874185469e-01,6.665247821605935208e-01,6.296661001423349280e-01,3.469564781136884046e-01,3.778347617116729062e-01,4.601446314445927777e-01,2.791627435647883182e-01,4.208525580485235063e-01,6.505365899286903730e-02,1.869320260574842685e-01,6.426128022221348768e-02,3.742652756983404737e-03,1.658250386994195857e-01,2.531946122230078755e-01
9.520756406703283492e-01,5.218660274171859070e-01,3.986329724583693168e-01,5.758322486240997629e-01,1.866068758869807998e-01,4.273276021514033074e-01,3.829713877191542881e-01,8.887481471916021392e-02,1.944292292902785324e-01,1.026879617064873212e-01,9.673406382063440626e-03,2.739374071993890825e-01,3.849041994386596111e-01,3.298143608269413773e-01,2.350383187749998382e-01,4.154890462131257123e-01,1.671708784981828511e-01,1.379462729918634889e-01
9.193915983370053446e-01,8.203011200036872674e-01,7.681823456923078108e-01,1.336669193856961924e-01,4.021668922487320330e-02,3.859015928407983353e-01,2.843086304362570371e-01,1.343005449591900269e-01,7.748457046283452332e-02,2.712708031452651380e-01,1.041689915855856588e-02,3.783934484499413275e-01,2.308630772124627140e-01,2.714751682788378861e-01,3.965214279486976023e-01,3.464275281063930456e-02,3.617066850473404371e-01,4.167473282102349685e-01
9.542536794254687926e-01,5.782031639932144751e-01,3.357781092708126969e-01,4.533114733966558396e-01,3.322972251166033675e-01,2.749723650127389729e-01,1.170205396327424763e-01,2.193225768033595091e-01,5.446250958197557113e-02,8.226188203221404538e-02,2.046606684806780152e-01,1.022162852985623038e-01,4.066913530708938240e-01,2.429325791551462665e-01,7.381192820819094669e-01,1.464585728375105422e-01,6.232116058642100248e-02,5.998925420176950407e-01
8.411634045046835206e-01,6.947360603852992256e-01,8.170099070635794547e-02,1.210260286545906810e-01,1.953700018777110997e-02,3.512240599040878375e-01,1.389250744034523088e-01,1.795364830176454374e-01,8.581994519458491233e-02,2.949542785505131492e-01,2.449374155087304106e-01,1.296876664166118909e-01,3.231553715714553798e-02,2.272705540982611072e-01,6.001137013723517599e-02,2.974615290694612724e-01,2.405849947891095797e-01,8.358713789928581134e-03
9.171245688430884613e-01,4.004020234782511012e-01,2.930237688236352889e-01,7.017066710099374438e-01,2.204199587338065425e-01,4.121031164213616038e-01,1.828301125453208331e-01,3.695723914650685948e-01,1.957129333570853114e-01,2.782756298527780947e-01,7.257820542909341199e-01,2.344047091022404272e-01,3.782016002793080478e-01,2.468973394650524067e-01,5.031499392998225462e-01,6.435855513552816987e-02,3.121458024165562062e-01,4.724221609472205596e-01
9.377063895225150603e-01,4.584583072944737325e-01,5.711567188810078299e-01,5.661442932113127519e-02,2.546517273478308696e-01,4.897220192983037790e-01,7.861289228510820459e-02,7.602054277764590251e-02,5.686620251084339994e-01,4.730981709429005200e-01,9.576449517892457117e-03,2.954890946585071454e-01,3.973099278956959690e-02,3.354687867839126203e-01,1.057471484712302345e-02,2.899147183075473366e-01,2.479375077898335333e-01,6.071248176704413524e-02
9.055347636666759570e-01,8.181304968946242484e-01,8.586906627623294153e-01,5.367078270742671187e-01,2.586962949731498318e-01,2.249146213341351452e-01,5.498651503131817275e-01,2.585609786136267574e-01,3.561099590120793412e-02,1.369924394631746346e-02,2.060288029697701639e-02,4.544623399450968271e-01,5.152527406625997397e-01,8.382750939690757075e-02,2.401018854054389265e-02,4.011175803407515117e-01,4.938849524842944261e-01,3.047611726560020898e-02
9.360110014766949149e-01,8.237217373901272177e-01,6.700810179811300671e-01,4.204898594087251862e-01,2.719291846515712319e-01,3.737466111013685310e-01,1.135773469105708783e-01,7.068047527881334835e-01,1.095711905842707279e-01,4.568573518398659772e-01,2.475407924529433312e-01,3.753687680550462646e-01,1.496737125395988799e-01,7.985828357415580836e-02,1.198780381976920217e-01,6.027986444672057270e-02,5.290079289337967783e-01,3.389739076010473973e-01
9.419561032242727006e-01,7.848810087690127890e-01,2.843870013542074693e-01,4.387178538057446286e-01,2.082520760607696753e-01,2.224459660869732291e-01,1.693087867512139966e-01,2.701620986283524359e-02,1.488633862084271231e-01,1.939598949156480234e-01,4.710263991407300233e-01,6.780778442473586742e-02,6.464184680680984396e-02,1.277965846748237988e-01,4.291012528033290307e-02,2.283800311961365487e-02,5.731017976439610750e-01,2.889834107355367943e-01
9.231719023474143082e-01,8.054673148423896478e-01,5.962401078924527420e-01,8.588176667972993727e-02,1.783964254169120023e-01,4.273322415385678030e-01,3.645366077168351454e-02,2.149130260927799019e-01,3.008422544267802534e-01,7.318314048625605694e-02,1.201880877354509214e-01,1.049236135814139853e-01,4.344492848020322096e-01,3.686882567642705277e-01,3.029561613352363958e-01,7.999348948460414943e-02,3.133869427961638587e-01,4.656577391310208758e-01
9.128861676709616457e-01,7.966404565942641902e-01,8.251478979096690258e-01,1.763991217383023280e-01,4.645373833511729500e-01,2.162023907105265208e-01,3.100421897666132964e-01,1.575748711345255626e-01,1.411330930877288392e-01,3.475702692536923877e-01,2.870605662408703962e-01,2.714496458260226008e-01,4.344290509161741753e-01,1.870005803508640041e-01,9.463027759606242040e-02,2.489352846057918955e-01,5.591752961732688876e-01,1.783252417632083808e-01
9.374198502087641716e-01,3.816186669457315439e-01,1.335338925005058464e-01,6.285423225195799768e-01,8.211738391068654566e-03,6.905578273176284920e-01,3.738803894375406500e-01,6.108517144635882135e-01,3.616811685078801242e-01,3.498360201425511073e-01,3.291250565326341859e-01,5.154167380317328240e-01,2.159084914464816374e-01,2.355473388166115511e-01,2.716832861608121652e-01,1.486643699796080520e-01,2.385659127443289229e-01,3.068331806613383561e-01
8.311438136268559651e-01,5.354281105917986228e-01,6.458479725334226318e-01,6.006530582661006035e-01,6.887033835194418252e-01,5.729051354137468799e-01,3.693429895451721401e-01,3.461542623964447563e-01,2.709309630810071146e-01,3.385236203530642141e-01,2.321399328919112603e-01,7.567277814042902562e-02,2.825341201990994588e-01,3.872007372596630859e-01,9.697120618159313366e-02,6.241400332005977297e-02,7.596482619652554502e-02,1.397899384340397233e-01
9.150715333124340711e-01,8.764395772019266395e-02,3.995705848226124846e-01,3.288127245734318027e-02,2.822866597138214972e-01,3.275904004669571434e-01,4.865334762328856755e-01,4.044509226579369732e-01,9.831266518792099174e-02,1.139577002397437200e-01,1.924784422225479519e-01,5.347003620341376356e-02,2.164284416271262113e-01,1.027402132487509334e-01,9.332373829585477454e-02,3.853706024790298779e-01,3.036743965721571126e-01,2.370062627739118188e-01
9.319105628825317122e-01,8.182616707070607953e-01,7.357049404768861711e-01,2.226295654556109949e-01,5.982573434598860151e-01,4.046634531069326357e-02,6.561959560974069960e-01,4.267493298920055356e-02,4.673439085250565839e-01,4.100691281161264468e-01,4.811344367918519299e-02,7.061731817692901148e-02,4.852038753435351515e-01,4.549303111727044380e-01,5.235089346816080846e-01,3.259847009256793826e-01,3.281337624803911113e-01,2.464992471480079855e-02
7.977233810563738592e-01,7.466635898591659215e-01,3.655826819352538115e-02,1.413399026123591806e-01,1.340594383097171993e-01,5.340314949354573182e-01,2.549151793299751501e-01,5.652031832067929695e-01,1.805457044826138391e-01,6.795473264302330507e-02,1.227179202176457151e-01,4.062522505893780833e-01,9.121585946443518111e-02,3.174963046823779389e-01,1.681173649501697398e-01,3.214108179929203724e-02,1.442074257819811745e-01,1.710984423635559804e-01
9.034015309793106407e-01,3.107157396362243418e-01,8.437175792169460120e-02,1.648457047982407053e-01,2.247358027982965800e-01,2.947352237787038143e-01,4.608825788336453066e-01,2.151269233260063585e-01,2.254932749793319563e-02,2.547042366217820986e-01,8.319737741895001648e-02,7.037791306056253582e-01,6.169585523197271826e-01,6.010983226559047932e-01,3.354748991203598124e-02,2.831603037195337125e-01,8.496882851666878733e-02,2.895993037090939248e-01
9.418094828190126666e-01,8.683418252451281516e-01,4.464539269604397842e-02,3.119614387630271352e-03,5.448306720709306106e-01,1.247182998720405694e-01,2.874049094444071639e-01,2.559805107147152814e-01,2.133037736802580187e-01,1.362859804279646092e-01,3.329122797488046626e-01,2.511462204547330601e-01,5.125499074570897262e-01,2.723171373373694526e-01,4.485343982850538147e-01,3.412990496085859249e-01,6.867985555034855638e-01,3.017311102289599312e-01
9.218183393652404911e-01,7.469648795652304996e-01,7.745932156570943805e-01,3.099207122152140559e-01,1.130590148491590098e-02,3.649938076610974580e-01,5.475543146837418690e-02,5.985821441652396935e-01,4.196630004727058133e-02,4.509092096694452545e-01,1.368980516351771537e-01,4.995284101480715333e-01,3.302914271975192495e-01,2.661373909097320412e-01,7.870288170194462973e-02,4.019092695949310623e-01,1.951494018753038295e-01,4.605621449628943820e-01
8.775718657883074814e-01,7.582557908116207557e-01,1.895224462997257275e-01,1.275466796166877526e-01,3.630685826980781794e-01,4.613284808545982107e-01,5.997751911873705488e-01,5.032459129715229906e-01,3.898565451826067063e-01,3.180984506341561491e-01,4.890321271102456846e-01,6.869484147771914850e-01,4.113859428230424164e-01,8.524106662846842042e-02,9.826520781303893504e-02,4.302229684404101362e-01,3.051266718066609207e-01,7.236343094551570543e-01
9.238535033979931033e-01,2.028568014045385726e-01,1.024883921775950474e-01,6.697208893232993454e-02,2.135651557597812722e-01,5.978692419379573186e-01,3.717046408257151380e-01,5.969204431433521307e-01,2.541679802694410406e-01,3.027342185972171640e-01,2.502181038653826864e-02,3.019071772522500807e-01,4.034103137900155178e-01,6.489619903537496848e-02,1.442946849249007457e-01,4.214007199092832945e-01,1.467207665393004297e-02,1.226260733935603808e-01
8.952853933465158009e-01,5.726377829379903917e-01,5.479650816306002037e-01,5.894505603889802492e-01,5.410402241691137926e-01,1.746622849475434336e-01,5.421729946186193416e-01,5.724749166483367180e-01,3.249046246934094717e-01,3.637732219940195133e-01,1.601680822499791310e-02,2.050935669697706576e-01,1.795134578531899228e-01,3.606637541774398992e-01,3.903526610430036459e-01,4.457758387659463417e-01,1.900935187643829766e-02,4.810057282247098276e-01
9.367230328353355340e-01,7.650079528040338861e-01,7.340519028091203602e-01,7.622333855307723560e-01,3.526951866040470840e-01,2.813091938906996381e-01,3.807657248063325839e-01,5.441070404017066264e-02,4.436314378532978941e-01,4.147560922917249981e-01,1.643482032330059184e-01,5.087220419978955022e-01,6.050719072939189092e-01,2.364628434251738257e-02,5.363981123799335116e-01,2.886463278817367195e-01,6.581430278204415396e-01,4.994403614055117346e-01
9.050667327936569029e-01,8.329103863167831578e-01,6.666432653004066289e-01,5.062807854641837579e-01,5.140131545273675107e-01,7.979244576387058974e-01,2.782177264161271868e-01,2.156574488505566545e-01,2.044363091700119872e-01,8.145608517690322570e-01,1.142645030953391844e-01,5.552857900902643529e-01,3.473034540347005872e-01,4.452455757537708836e-01,1.959994741243683003e-01,2.953537424882708429e-01,1.102019466030476486e-01,1.384403974506498436e-01
8.956451566730042613e-01,6.133394880734038823e-01,1.256027595544361997e-01,1.170213005466867601e-01,5.807559799929382649e-01,4.160116375837845659e-01,1.949174899042193376e-01,2.283600344938572502e-01,6.692223383822410235e-03,3.087424867669322781e-01,7.428975196587293828e-02,1.713174124727338266e-01,5.303776267902794439e-01,8.226798207791582995e-02,1.577939032640968686e-01,2.923569363798341203e-01,3.786989389442780296e-01,1.121951380047975788e-01
9.504124985962968397e-01,2.209624614202748139e-01,3.619793779178268056e-01,1.672374773362595435e-01,2.139949109237129221e-01,4.947798119953683016e-01,4.430029153276369147e-01,5.524756253665298322e-01,3.819465975048421669e-01,5.749583304439424003e-01,1.031772635951692524e-01,4.898746249337701530e-01,4.991929485743136219e-01,6.256325339970091048e-02,1.717197646372543018e-01,2.507867269019500300e-01,4.810851705902705056e-01,2.534967064111700585e-01
8.224381048166392594e-01,3.147938610144220273e-01,6.394168845507549603e-01,4.075317485779685889e-01,1.043793539135057930e-01,4.323803267511773241e-01,3.204910830368012387e-01,3.894779770519155582e-01,3.161283085017485006e-01,3.369874068134637302e-01,3.260113694978488130e-01,2.228798025877672673e-01,7.601924474680352151e-02,7.659611242822479682e-02,3.478929056762787853e-01,2.878125808837738164e-01,1.007039256262686477e-01,1.995085925663786786e-01
9.504905484047649900e-01,7.836169719961844082e-01,8.447161019770669244e-01,3.894595621849277212e-01,4.368464813813153214e-01,2.915058411719741449e-01,7.655242446417293012e-02,4.204585232201200617e-01,5.145808075530061698e-01,9.677852374669745905e-02,5.667652171883005296e-01,4.221726836915566383e-01,5.398095750108773683e-02,4.003956656428114269e-01,2.824827020294670143e-01,4.538302108168275062e-01,7.308878325618947125e-01,5.863505604917513825e-01
8.713125552328440104e-01,9.131540458629687773e-01,7.417128803698814776e-01,3.740540568418753153e-01,5.065641600758880210e-03,7.151612544682200978e-01,1.551789929578581695e-01,4.503702851825331921e-01,2.714895081920294315e-02,3.238835270776972419e-01,1.863062285529015760e-01,1.648871354069971484e-01,3.678000954939489309e-01,7.145678074380280853e-02,3.340263387126751748e-01,2.838700736648640532e-01,4.276374605956664299e-01,7.392217436861443780e-02
8.983266701514760477e-01,8.007485604015890379e-01,7.853301796018467007e-01,5.022511994863297913e-01,4.504973795128496272e-01,3.648598916480866317e-02,1.020302749733295739e-01,5.143882337589120168e-02,1.021704708228096253e-01,1.840748219754593240e-01,4.210281764273871574e-01,3.917110438039175802e-01,2.821365897008595303e-01,4.210415374720443138e-01,5.069222667267759830e-01,3.374754149618341970e-01,1.043097721477145301e-01,6.075604397100806686e-01
9.146742034817586520e-01,7.579321477878814273e-01,5.561669555600343706e-01,2.661039663289215818e-01,1.911560660364385322e-01,1.111901417726736674e-01,2.829873222892182461e-01,2.335557637117376684e-01,1.074071059491127356e-01,4.613887140188641101e-01,5.925089436320651881e-01,6.128179811391704090e-01,1.395420899496776779e-01,1.376840213967438775e-01,3.642689148976724356e-01,1.614543382660322407e-02,2.485668889446064345e-01,5.376834381095764170e-01
8.626461888195670058e-01,6.462975728743867165e-01,7.112238789808710271e-01,4.345048824380381425e-01,2.580381351862070516e-01,5.950666539303905989e-01,5.369946926765131190e-01,4.871570280185143487e-01,3.524759925726088372e-02,9.351078911901655744e-02,1.103398177623719778e-01,2.251267120348967588e-01,5.922107867768686140e-02,1.934650814218316917e-01,1.953108869382841895e-01,1.562412338655730648e-01,2.338813125820058680e-01,2.489247272299477676e-01
9.031804672623066077e-01,6.486366624317003726e-01,4.264632634725727955e-01,3.210492628523002323e-01,2.489292218444444649e-01,4.258584329778890981e-02,6.147265461066022015e-03,1.904165978096768741e-01,2.860761212996665304e-01,5.058890694704675228e-01,3.337921520280547338e-01,3.280632990483074996e-01,3.958948616550608257e-01,5.655073101886785025e-01,6.621983231545217619e-01,5.240094196845330732e-01,1.332772761872618450e-01,3.153777319295650305e-01
7.304412007542252505e-01,5.601868073499444156e-01,3.132295125985987139e-01,6.852242666407772909e-01,4.280610798776569026e-01,6.897453493359799737e-01,7.428182213271515844e-01,6.193969835002729463e-01,4.096349791734043427e-02,5.345864660364001431e-01,3.667721850001882666e-01,2.914922514674492260e-01,5.091659375046553304e-01,6.926580594498987775e-01,4.913327887073520306e-01,2.207731392787427027e-01,4.675479144452451136e-02,6.671382326383384909e-01
9.128951811556486051e-01,6.436326954554333346e-01,8.404871995238816229e-01,5.255590783578818481e-01,3.782956488791832106e-01,6.104238658620054769e-01,4.340827297572015242e-01,1.405439225150827143e-01,2.967307072903697107e-01,4.417051564412401987e-01,2.691500416753231928e-01,5.004266086096549326e-01,2.567504335121215120e-01,2.287407418280939519e-01,2.753938755915281700e-01,2.635133781245663775e-01,2.475516839402597535e-01,3.322371514026932308e-03
9.439201054724247753e-01,8.262905345444365723e-01,7.096880912065623992e-01,2.024205625870879877e-02,1.886055829250406213e-01,5.711828297579389924e-01,5.528143224971603376e-01,5.312471236623681481e-01,5.425593744739436453e-01,3.793065529061712127e-01,3.021128749896307419e-01,6.372373207816003360e-01,5.050070361784889661e-01,2.071852408551744795e-01,3.037060445948495113e-01,9.803616819910136726e-02,1.693429998999085029e-01,2.923677474770290940e-01
8.818765473144237754e-01,6.361982394724138290e-01,5.013204417316819983e-01,5.374789494206233531e-01,6.447907046176412083e-01,6.888076461232578440e-01,5.211349772600336605e-01,6.254738534649426640e-01,2.282277296980599335e-01,1.278697831761501369e-01,1.374794005848656298e-01,1.516107340829524197e-01,3.710561205211310165e-01,4.740125189605141030e-03,6.795357550273776193e-01,2.285526045174747223e-01,2.289124987787291010e-01,1.458807038999868633e-01
9.079434710564644462e-01,7.265513571204234022e-01,6.321472566697360351e-01,4.248019037849409263e-01,1.802520227087878527e-02,2.054882499991369516e-01,7.214777297794445765e-01,4.216582504955890820e-01,2.214212201669780167e-01,5.628484534802391526e-02,3.261907921465633242e-01,7.076487350210623750e-02,5.548454460989971776e-02,1.193463522294253842e-01,3.086294034136604636e-01,4.852725143953457998e-01,3.145810878815638589e-01,3.398473045879001897e-01
7.770999903298041467e-01,7.764376805744834797e-01,5.041222220428119849e-01,3.520133751640818209e-01,7.938450396406913079e-01,5.404710930740176666e-02,1.064771578976572292e-01,5.265635236792343132e-01,5.222528705064670707e-01,3.277107407272711881e-01,3.598633198332264888e-02,2.729382810756058042e-01,1.347486022002014339e-01,1.217178474036230834e-01,1.858719279255493795e-01,2.277650684168492645e-01,1.486140409623064040e-01,1.821163236579108335e-01
9.588866471530622659e-01,9.054649584856915290e-01,4.397667424273888348e-01,4.428225852401020401e-01,3.078022372862259104e-01,1.249891509040508275e-01,2.008068238374134395e-01,1.175358914330660171e-01,4.699099881982350402e-01,3.030332286226213867e-01,4.611361579590140397e-02,3.596828443735136660e-01,1.088628475976388676e-01,9.248427015177769495e-02,2.612042763324408656e-01,1.464230984694779580e-01,5.083667625762138265e-01,3.481935622554452325e-01
8.908933822734346197e-01,7.189781661154088788e-01,8.440709770289435143e-01,5.461769133349189120e-01,4.507474732419423646e-01,3.894231925274054817e-01,7.164071486305743919e-02,3.419021208236708853e-01,2.613981330202413966e-01,6.146719446426545108e-01,6.290991632719558080e-01,8.523355273881438876e-02,4.262185828895482254e-01,6.267013770794773730e-01,3.729764853914661060e-01,3.518834331921490421e-01,1.482695785065156757e-01,4.575163184452189086e-02
8.793409715790717618e-01,3.641776300670070965e-01,6.968680249803202442e-02,3.366633135457442472e-01,3.390949444606649599e-01,7.995418407308388375e-02,2.069879465297311538e-01,3.725911683075355252e-01,5.475364526139112620e-01,3.164374147888077138e-02,5.166670169353165809e-02,4.496305020876806835e-01,4.478816891207627708e-03,3.083497221496778185e-01,3.398938555758213576e-01,5.689388033662422933e-02,7.706433387831716775e-02,4.957829435906401239e-01
9.134420659584109314e-01,5.905682474048883357e-01,3.758677317984587818e-01,1.276151250068140175e-01,4.035377521904214282e-01,6.647620460675737197e-01,2.896580805113558310e-01,6.552766666214316915e-01,3.102310068892236150e-01,1.864868847057123136e-02,9.172432412183163797e-02,9.107336048810695667e-03,3.057098693462468320e-01,2.150674118903789234e-02,8.842522897816285088e-02,2.622773849873799024e-01,3.117756524221716452e-01,2.901270049008390917e-01
9.118641895031411870e-01,6.952119466545353399e-01,7.841412172240409539e-01,2.775053513746504885e-01,8.659669566685739006e-02,1.366137326640534111e-01,2.469167943577348368e-01,4.265044848098639013e-02,2.507184612459715245e-01,3.209062118664746666e-01,1.166298154270265092e-01,1.776752234508805484e-01,3.904953822219834336e-01,3.646391936954418433e-01,2.412376692384149424e-01,4.518503143467835770e-01,5.250715054659642611e-01,5.208057352745295576e-01
9.166562753705430611e-01,1.337716783322151146e-02,1.985145239851857646e-01,6.271305034765789488e-01,6.314793021887599167e-01,5.818020217304253894e-01,5.029884857915102314e-01,6.496296367241451986e-01,2.256937262132423516e-01,2.575400348326657984e-01,1.426992680811208225e-01,3.152658818055380507e-01,4.923938673723888271e-01,2.855417806078864307e-01,4.836031220101225797e-02,5.806967287201203476e-01,2.383298519614936994e-01,5.138627414875740484e-01
8.626239854101340754e-01,6.900312203848186776e-01,4.506082640641139586e-02,1.350702237450015775e-01,4.199116988902869552e-01,1.093425780856353696e-01,6.583327786333565967e-01,3.942162717938241800e-01,1.533604161995335766e-02,5.663773090088886075e-01,5.279609859544671657e-01,8.654193382396506732e-04,1.474718916690250514e-01,3.187784569771343612e-01,5.736018602921477694e-01,3.765250485613737957e-02,2.658357109537218266e-01,1.365926066317858512e-01
9.326511388301530481e-01,3.013743686527593502e-01,4.860652123750053288e-01,6.584478107642979805e-02,4.739139132041145230e-01,3.510808578866570495e-01,7.322630096817125955e-02,3.921726147632362269e-01,6.720991601207153554e-01,3.595823347458631525e-01,6.559980367882807251e-01,3.371724442084529927e-01,1.154748280526718268e-01,7.552703197000118496e-02,3.270910215285158240e-01,1.511943951410877340e-01,1.523047710593080639e-01,4.151496242439364770e-02
9.092593555828653029e-01,6.360888853635169315e-01,7.897321466130352574e-01,9.984018464235798473e-02,1.547503739821818325e-01,4.669699042647242337e-01,4.497853948612667296e-01,6.956568429471372550e-01,6.133288024283420903e-01,7.764130195831343839e-02,1.970429606560997193e-01,2.164828856579813221e-01,1.588207832528609198e-01,1.131038574861914781e-01,2.798098507317593464e-01,1.316387139467710687e-01,1.124779406389557340e-01,1.269507791135181252e-01
8.108217249971897411e-01,8.179227225388918665e-01,2.185588315638314905e-01,8.350572150558577267e-02,5.829078284940161225e-01,1.609978615496644727e-01,2.630586778197373590e-02,3.664162939199981928e-01,3.117107443898918251e-01,2.515211187740373777e-01,1.211296336063674844e-01,3.967847354543486693e-01,2.798887743892314872e-01,3.844790654823951326e-01,2.393352742087967167e-01,4.936825120483404605e-01,4.876761064398155709e-01,5.426659240868085821e-01
8.845526224233671853e-01,7.116192614744258904e-01,6.857965476948654215e-01,8.952998104219134223e-02,1.492455115198401960e-01,6.170631071752762375e-01,6.049566144635840637e-01,6.396219190099501350e-01,7.245933629800385134e-01,2.102768894226031068e-02,1.274427498975244100e-01,4.013612339861028500e-01,1.283479990298196372e-01,4.804166515529015857e-01,6.500934811340132180e-01,3.860746023906186375e-01,7.574294969991693383e-03,3.113902794427167997e-01
9.281002558884829945e-01,4.843849155358734282e-01,5.228262083929594711e-02,2.805760209637835345e-01,2.794511007190056961e-01,2.134811451385139891e-01,4.065790985784334954e-01,2.672149309714692000e-01,3.905023168763617769e-01,5.052482760371840298e-01,3.460232415609391099e-01,2.603707238296746884e-01,5.135144293240578861e-01,5.249000756394854583e-02,3.383260499659896392e-01,1.982740948093238420e-01,2.472933511621026037e-01,2.158831801040625997e-01
9.015921269463526011e-01,7.371794818740021737e-01,1.777804768130379631e-01,2.847099768437891254e-01,3.964145745707323698e-01,1.153197923790062612e-01,3.141303621167722548e-01,1.330427543457720144e-02,5.465677339281804076e-02,3.846988349077692937e-01,8.986516115643208846e-02,1.511255948373801429e-02,3.791146938902528185e-01,2.795805733721833386e-01,4.940913313150832598e-02,7.462476627198968981e-02,6.328701834367037593e-01,2.819577159204427197e-01
8.754330774322088837e-01,2.832171991017187196e-01,1.519087446027882482e-01,7.206773601621315750e-01,4.726650562804717293e-01,6.302787417425080585e-02,5.687307583448438786e-01,1.207469527266416404e-01,7.031892058350101005e-01,5.415169899937068987e-01,2.377339146005553738e-01,2.429290215567338901e-02,5.893770469006610196e-02,1.720589336102949229e-01,4.384057789277109179e-02,4.792445223329105941e-02,4.730422264496244034e-01,4.073166210469866266e-01
9.340130311372362160e-01,8.770500692655870401e-01,8.480023455598968418e-01,3.211192845053956191e-01,4.889335872990792642e-01,2.880916103512770055e-01,4.736553255581336663e-01,5.609511761989059708e-02,5.505786078350918267e-01,4.873666920169009154e-01,2.164694809204562309e-01,5.695562630852468722e-01,6.390481545207012115e-02,4.080891921413242751e-01,4.623949528166652612e-01,3.031155100071322717e-01,3.699590854365924497e-01,5.532353812626614187e-02
8.787048401377903772e-01,2.753435523300681170e-02,1.651723750054129025e-01,4.586048375936773724e-01,2.675090050541941156e-01,5.808376321210564353e-01,2.474496054323252203e-01,6.633038310587914266e-01,1.904613681712429840e-01,7.352191213506836798e-01,3.787402101413506750e-01,2.855202409280261158e-02,4.729758452736875229e-01,6.442700370142931954e-01,2.285317366299378927e-01,5.291443361742343976e-01,3.555005507587973290e-01,5.698039631662143306e-02
8.710714586233333501e-01,6.131411683421740255e-01,9.649847445228038056e-02,3.619736798159710056e-01,2.023319476344820622e-01,3.505381858216107260e-01,4.900202699881029966e-01,3.741638506966426525e-01,1.640561193638981619e-01,1.372190823602251752e-01,2.527530217786308486e-01,3.720235738031126282e-01,6.989640696136957543e-02,2.436703117237565275e-01,3.841105265972694638e-01,4.807491423225608296e-01,6.642115926868841745e-03,1.003527073528851926e-01
9.223110718906817329e-01,8.522859234609216905e-01,6.890261742157794966e-01,7.509930031506281134e-01,6.976642896068463440e-02,2.708750251271550002e-01,1.190650361158041752e-03,8.643828974594851278e-02,9.643740982284126906e-02,2.451759513056277484e-01,1.756355681638155086e-01,2.218542102242608005e-01,3.383111696606745378e-01,1.462407845732429934e-01,3.826642726224033231e-02,1.908373502452465342e-01,1.658172901385893960e-01,7.615037420796012813e-02
8.738550445126332944e-01,1.820001447674765016e-01,4.930491646653594739e-01,2.152204976789106605e-01,4.068967611397863449e-01,3.606877996212790594e-01,1.417250421254953874e-01,3.137225129097306331e-01,5.714176318135105737e-01,1.302427231667144247e-01,2.421332123294097638e-01,1.756926679933475122e-01,1.110592958698189553e-01,3.435055815823456760e-01,1.123518668987548569e-01,7.841409586351118233e-02,2.903636779488739661e-01,2.206047651076285254e-01
9.304218556221763858e-01,3.217837218794513676e-01,3.716383914444065795e-01,3.343129956580890294e-01,2.924784387892757076e-01,1.453217821076500937e-02,6.598082460359627754e-02,4.303729962621116734e-01,3.503813960872492195e-01,3.603861281870253119e-01,3.916945705629836794e-01,2.637776642787331149e-01,4.578963247252604285e-02,4.250114473445555374e-01,1.674731711508460064e-01,5.336975197133705939e-02,2.124930026704847374e-01,1.537540208095794780e-01
9.674469123965743211e-01,5.694685420399709930e-01,6.271366601138609331e-01,7.414136546564680241e-01,6.646677919462866679e-01,7.172502208994560036e-01,7.193364876247836381e-01,5.334384385774320059e-01,2.008748104377783006e-01,1.064597200124734050e-01,9.594985558217224153e-02,1.031403284024719831e-04,3.401198233550738470e-01,3.311732179523461106e-01,2.656367672558312409e-01,3.453766123742297300e-01,7.104827933881701085e-01,2.545388355912558617e-02
8.850183952391427189e-01,7.527607103174126513e-01,8.012304996573643701e-01,5.069148067647573086e-01,1.577206840799543208e-01,7.759770119545298384e-01,3.613848326742252759e-01,3.029028015018573883e-01,5.657949071654333473e-01,6.162213795971158703e-01,4.779729274288559426e-01,4.850228221314926147e-01,4.135265042149104397e-01,1.660619067886810185e-01,4.506712077736230171e-01,2.364627586407019311e-01,2.982524852278994332e-01,1.306288273258212618e-01
9.117108269105146379e-01,9.198666375513780968e-01,7.962531279315951949e-01,1.593223782580104608e-01,4.773320078644106845e-02,3.248890578687309016e-01,5.660291671780427469e-01,1.897038683971128126e-01,1.488838661787711681e-01,2.380995618378138612e-01,3.899778903897853088e-01,6.566410990135082559e-02,6.923924437741474369e-01,1.049802128534304546e-01,4.194152377407041610e-01,2.876689002306869192e-01,9.954322653319550018e-02,1.201017302771201362e-01
8.729049593164612819e-01,5.221002452207215150e-01,3.574950748529747147e-01,2.437424570267812951e-01,1.216693807742739580e-01,8.630358635887620811e-02,4.264975869494602168e-01,9.963898935685161495e-02,4.845676745735447155e-01,1.556979045589942934e-01,3.696255176783777574e-01,3.680306361761512823e-01,2.280118972802390107e-03,1.281354938568166624e-01,3.189534645945956148e-01,2.128895788391368116e-01,2.945170065918694194e-02,3.075605367054784489e-02
9.023411242934036292e-01,7.657987581964420878e-03,1.890310390794982809e-01,3.229459632596050622e-01,8.193443310991636030e-01,4.114092425956021315e-01,2.572281336065869173e-01,1.069003922155201403e-01,3.942080274109666105e-02,3.805264691836406366e-01,1.001197981385792551e-01,1.802257907223510369e-02,4.336747369187891055e-01,1.733442467776212248e-01,4.785326075767495912e-01,4.476618920391997603e-02,3.509005524641497370e-02,5.402909758798283280e-01
9.272008738086041646e-01,7.521767930815401737e-01,7.725627830022592235e-01,4.674153579302229300e-01,4.384547625863246534e-01,1.711875197082480538e-01,2.044319976144924333e-01,3.124822612903211949e-01,1.832402942528781886e-01,3.339002215058209933e-01,2.873023680782788025e-01,5.614105149740404865e-01,2.217130195237250467e-01,5.175736319388118956e-01,4.573711725188258082e-01,2.528670512596569719e-01,1.384088900564892088e-01,1.260358742475926608e-01
9.265332674580428751e-01,7.993937010492527251e-02,7.720401298167678394e-02,5.930464856908983506e-01,2.935158624830996876e-01,6.443679735357534799e-01,1.384470737150554631e-01,4.532855282486282500e-02,3.377875387280690478e-01,3.002014308149942301e-01,8.724698110148301766e-02,2.734737278672833560e-01,2.219844620641203692e-01,5.011207335107745742e-01,1.955969629961058776e-01,2.245556105324271745e-01,4.402142305323312743e-01,2.132440619198543164e-01
9.196742457538840121e-01,1.135162675874091531e-01,1.089587582849224981e-02,1.515460200034138005e-01,5.251267055307472509e-01,1.372515213019281088e-01,3.797528282811938327e-01,5.638156561272299472e-01,2.145949113010116316e-02,1.283443947878423474e-01,2.510986035347204104e-01,9.994031076519623025e-02,5.004954407088901824e-02,1.284689762786824507e-01,3.412469138143727210e-01,5.083483515001010478e-01,2.404074082426205516e-01,2.489443649388470015e-01
9.608746443783161562e-01,7.574674946090410588e-01,7.890179794771260413e-01,1.462265037899944664e-01,2.078452902697296989e-01,2.265609315853834849e-01,3.905515222071753167e-01,4.801791118478312415e-01,2.247982833898171662e-01,5.700923297874104234e-01,2.109639081871962363e-01,4.389961167562500544e-01,5.383505103802956743e-02,1.710405365767519170e-01,1.812434912770292950e-01,1.574256241338725382e-01,2.799697293191342751e-01,4.387754223890285021e-01
9.231539415024034856e-01,1.923245079811856106e-01,3.219187094314667763e-01,4.319692905577424691e-01,8.092220294435447103e-01,7.466780366015833836e-01,1.031222460774569305e-01,2.082746334836860225e-01,2.127446143493931519e-01,7.091151507871608084e-01,4.620881681088872539e-01,4.252287088118580916e-01,2.384878642590962383e-01,3.943722429418357600e-01,5.908271268410302257e-01,4.508445146758814914e-01,4.052665520293099455e-01,6.616132497086432140e-01
8.377456808107237585e-01,1.677729751078188558e-01,3.644189502866789776e-01,6.973080860540403769e-01,2.580182652167505308e-01,2.209591247983272999e-01,2.099302979653980272e-01,4.027405639030451900e-01,3.509528710942553253e-01,2.747579878634100539e-02,2.514909644050409079e-02,3.376332604832021911e-01,3.910125742956999106e-01,1.840675224683328837e-01,1.679445489106976830e-01,5.190492567336346674e-01,4.688210800856625338e-01,1.224294110627564963e-01
9.606551135692215082e-01,9.175388599937298606e-01,8.295934355014465966e-01,5.195689563731445970e-01,5.135241379433350684e-01,2.781989570924344735e-01,3.191679255977800805e-03,1.353680798773692906e-01,3.307626402529186271e-01,9.004926838157741031e-02,3.400405829073196440e-01,1.396336503548997188e-01,4.424725835437459676e-02,2.813450910348546108e-01,1.888044441181645494e-01,9.670911650192300091e-03,5.265956873584310971e-01,1.989098230121191524e-01
9.123979371276711436e-01,6.697479220100961417e-01,6.039873202594785440e-01,6.609617625916403005e-01,6.343291907558272769e-01,2.196133204073119349e-01,6.071249019907085098e-02,6.711280957197662822e-01,1.282959904247987781e-01,5.474424597744257381e-01,1.720644028849998841e-01,1.325421144769877713e-01,3.024520327804162689e-01,3.045318622426195776e-01,1.059263795195888036e-01,1.203828608673001982e-01,8.532927409011781261e-01,3.573720410899424160e-01
7.626443010316509286e-01,7.192477963748243885e-01,3.637446736919028867e-01,1.080994900644214191e-01,1.156109968239660557e-01,2.703458393791702830e-01,4.407660973932404636e-01,2.893211553475220077e-01,2.794596113182731822e-01,5.978649067948862417e-01,1.419976686644376374e-01,1.937935932493619479e-02,2.054469412015187679e-01,4.619597268934425571e-01,1.156761326197328493e-01,1.694665073720578452e-01,5.425491042763808114e-01,5.209521150465933059e-02
8.615338784532157179e-01,7.933276962117616904e-01,6.046079564675125306e-01,5.103014289110795465e-01,5.506833594573427026e-01,2.251134977460866327e-01,5.053108280252815998e-01,1.572270345858272911e-01,3.550377787424728315e-01,1.900177540530853526e-01,2.225037678587772350e-01,1.932692597360443354e-01,7.850107336225529975e-02,4.741497422958652064e-01,6.541841400350911773e-01,3.543895655417905743e-02,5.784381058921082841e-02,3.676152982169698935e-02
9.053619754122673724e-01,4.854233127856051877e-01,3.989919967356723718e-01,7.398126780854505924e-01,7.026010714643380339e-01,6.587080166974579321e-01,6.731953367262609733e-01,3.659981213244794529e-01,2.621337058018871971e-02,4.234592242912509352e-01,1.243116370325982045e-01,1.297925080446631352e-01,5.131388624974330126e-01,3.852826263559919889e-02,1.895142561649047486e-01,4.188830200654615754e-01,3.789385876632240246e-01,3.082377120955343552e-01
9.444989737876806624e-01,8.652237598421188558e-01,6.901258842840541918e-01,4.180330462164794092e-01,5.203834584677439201e-01,3.363026648057217960e-01,2.780893954765846221e-01,1.322690108090172623e-01,1.499662464091254810e-01,1.163310495310974357e-01,3.792095072153899293e-01,1.303244754391442162e-01,1.332351965159564722e-01,2.922534936830956664e-01,8.902022587330633840e-02,4.399583840669259865e-02,9.386864467346890673e-02,2.601098201223079887e-01
9.270089737071713909e-01,7.880599879668559460e-01,7.657779136690143762e-01,7.355458938789566359e-01,4.287178700650932095e-01,3.804687809719786151e-01,2.131371198801678413e-01,3.280528284323488419e-01,3.207899492195037117e-01,9.777192125407467571e-02,3.477510651207655901e-01,4.774245238843338734e-01,3.441493077917670007e-01,4.604275994650940118e-02,3.153616240377996038e-01,1.869484908633484432e-01,6.117404333244345904e-02,2.825904541393427505e-01
8.938086223555606891e-01,6.491587971926598977e-01,7.387081527498380318e-01,2.577405249284969169e-01,2.943165071471419147e-01,6.088457052492062260e-01,2.539993253416923391e-01,2.186251800224482678e-01,2.246732872792049363e-01,2.754110480334157618e-01,6.286295732414528548e-01,4.911517736924443933e-01,6.927260231474682284e-01,3.950843435759302524e-01,3.631996250499410772e-01,1.656259215686280151e-01,5.203135228207474983e-01,1.702976533432391110e-02
9.447229651489966740e-01,4.885603077238909187e-01,6.331853193826243453e-01,4.904046935077372993e-01,5.391493626852272847e-01,2.240117939789716406e-01,8.751860449791269703e-02,5.054034267271825254e-01,4.876532387022686210e-01,8.077144987193272119e-01,5.034084520474711999e-01,1.723186722869870791e-01,5.056573035526773507e-01,5.046543410257842144e-01,3.999530211881950903e-01,4.646393570667089468e-01,3.322257725112461868e-01,7.905729832245708133e-01
8.605217630774483206e-01,7.328525449804690339e-01,7.576036309323200824e-01,7.604377279967250436e-01,5.535660586072156386e-01,2.357309451757621799e-01,4.105404205811289398e-01,4.237735357119057911e-01,3.014506603817236965e-02,2.862200675273599004e-01,2.353383899807508506e-01,3.361356621379768539e-01,2.398768992691158730e-01,1.438647651067831157e-01,2.713865374801948671e-01,2.652310233336868314e-02,3.096747924207599589e-01,3.004729492964076931e-02
7.914237487246768010e-01,5.725160473351865731e-01,6.492287783621973896e-01,5.117500347036729735e-01,7.271513044422165395e-01,2.755985751760482438e-01,1.015224960525603903e-01,3.801276271198103518e-01,3.113721140329736570e-01,3.152961629470244290e-04,1.276209151935022990e-01,2.176692866957838646e-01,1.325836552668273327e-01,4.970352145490737894e-01,2.669736325043771744e-02,2.404471402411892944e-01,3.618923930495120955e-01,4.463043260033263127e-01
9.654722747094012236e-01,5.433008297809762688e-01,5.602312612286739490e-01,8.342901529254113102e-01,5.866978166341068057e-01,6.103105246272398920e-01,4.650475308633501559e-01,1.972742980193729068e-01,6.974099051877035160e-01,3.120977134225743632e-01,4.333811729866789975e-01,1.576078223069056761e-01,4.687714998376900088e-01,2.629880166245781026e-01,1.730629002801955807e-01,2.306454127228637074e-01,5.555187235388244771e-01,1.360658944804169768e-01
9.273906694705361664e-01,7.294526799384825066e-01,6.663335265274912267e-01,1.807519235267493474e-01,4.745804053333354533e-01,4.613795842599348052e-01,2.019737189827871260e-01,4.937961609301150800e-01,1.686222496505271617e-01,1.852413697893387501e-02,3.795042282454995364e-02,1.547375924677927284e-01,1.805192890819309198e-02,9.939592963967248951e-02,1.796136822540751049e-02,1.422781325511114636e-01,4.981849393701807682e-01,2.864790800959858275e-01
8.964310305838856241e-01,3.881704179813743605e-01,2.341740696712106273e-01,6.297605153439582437e-02,6.737889265793808313e-01,6.384585670978368821e-01,6.520900036734826877e-01,5.732084192029957004e-01,4.943155507437633767e-01,5.613448297596017600e-01,2.059626771116217780e-01,6.900818714693062947e-03,9.000991930234517047e-02,1.100063112008689697e-01,2.626360215190315373e-01,1.750453762024026250e-01,4.526868009961605432e-01,3.885150392225873023e-02
9.558560611610802393e-01,2.966305264986368040e-01,4.679826054595236928e-01,5.946166759785723732e-01,9.842467523399822671e-02,5.061237373451401567e-01,6.064206614996083822e-01,7.505394665122991915e-01,5.037595759728281664e-01,6.867139307158728334e-01,3.727460502659985520e-01,2.982755865465698819e-01,9.390040591183702878e-02,2.570831166317399386e-01,1.294958946400619759e-01,1.088116291797412150e-01,2.071439770507760569e-01,2.171615470703287254e-01
8.856217252412249552e-01,8.264864634963834389e-01,3.919589343668694048e-01,5.508906089266180084e-01,1.013933023648095899e-01,5.012153234049236961e-01,7.634323017935883138e-02,1.198557387734111163e-01,7.481717576884997500e-01,1.905458141260877869e-01,4.596575411666328215e-01,1.212851950637258425e-01,2.513150076320470605e-01,9.403557860695625770e-02,5.563024717233030492e-01,3.167304363540318635e-01,4.982879755946965222e-02,2.812880079745445627e-01
8.921771315862085938e-01,6.822692457731636129e-01,7.373242277036169412e-01,4.876268559156666793e-01,5.220261977529756514e-01,2.677716276386600813e-01,1.347750764129765633e-01,5.737204315191230669e-02,2.491003594363840057e-01,3.658997533914310485e-01,4.238909943764539445e-01,1.422520517212720048e-01,3.115748424179414777e-01,3.299062413372825242e-01,7.556942216697008774e-02,1.601867918462283047e-01,3.156046683316094392e-01,1.944378573571593771e-01
8.202742736494871290e-01,8.919357477090293917e-01,4.741997464278109309e-01,4.946927658664481697e-01,6.253702627137603942e-01,5.228096285300251056e-01,5.852726194397906978e-01,2.778797914533102098e-01,2.233049259332784905e-02,3.348350272854757059e-01,2.340286808372089855e-01,2.619270741166992433e-01,2.334135510171871375e-01,3.172010653711357930e-01,1.154602323243275330e-01,5.612295703747454192e-03,3.584107954983573041e-01,4.847008365574660971e-01
8.127670774765147765e-01,7.730962972603833139e-01,4.486874447923353548e-01,5.604632845172549116e-01,5.215810484953510295e-01,5.050533076304942748e-01,5.520975428321638345e-01,4.283640229113391817e-01,5.952362008563303331e-01,7.269912684387783153e-02,3.283285796782036137e-01,2.474282215052641676e-01,5.205591589173474976e-01,5.713589514394288305e-01,3.860731350129357753e-01,3.968291400997969731e-01,2.021651758149496381e-01,8.292992920587946917e-03
8.887861125427765074e-01,3.536464554232495727e-01,1.133997350375183372e-01,8.967503231471651848e-02,2.638474307741713321e-01,2.654272500576890237e-01,2.436691383353115914e-01,1.027232555020007737e-01,4.084879487376386065e-01,3.213454916680583140e-02,3.392909973169915272e-01,9.910443767914116353e-02,9.563938425187665238e-02,3.655904912720073750e-03,1.466087458891407735e-01,2.711248567645960228e-01,5.834048912101432727e-01,1.711347488985518750e-01
9.729950455474846160e-01,8.044993171431358281e-01,5.179800394635696303e-01,6.620847192058172404e-01,4.115374035544668296e-01,1.182234791447820538e-01,1.568180238919101577e-01,7.039842962398076831e-02,6.110715254227484100e-02,3.923098009082806592e-01,4.867006564695024462e-01,1.318289121662882812e-01,9.114806463615519883e-02,2.230708120320165633e-01,2.592038873586891001e-01,6.645228415287439405e-02,5.068347368321699520e-01,5.179336621305601351e-01
9.327988274707892380e-01,7.499343161427011184e-01,2.170146727925680030e-01,9.217695614268017756e-02,3.828469099134193532e-02,3.287177353544901148e-01,3.600822438715763907e-01,2.082404681727636209e-01,1.950372770354019125e-01,7.382292532459573675e-02,4.074014095096481491e-01,3.577502313695958558e-02,1.466939977280548035e-01,6.968380850152997019e-02,6.335623208682551744e-02,7.704197860226523475e-02,4.587813139623675429e-01,1.247620339411588397e-01
9.107186201291388450e-01,8.429119047046826907e-01,6.197907603050885061e-01,4.005826557033504431e-01,7.155062086183741066e-01,2.588038737971520842e-01,3.152815619773443045e-01,2.008787152355035188e-01,6.466443256826226449e-01,5.434800220334917720e-01,3.938900204073146338e-01,8.690090893482894929e-02,6.258019223206674753e-02,2.015291452850992981e-01,4.061547513985942492e-01,1.245561482502093725e-01,1.507827114667030788e-01,8.396808734450429690e-03
9.138095583956211687e-01,4.344288527206019435e-01,8.779384314794157484e-01,5.033599175837273343e-01,1.361169166778032624e-01,7.192283909515267970e-01,9.817306328688601980e-02,6.723478721748165077e-01,5.953154542006241501e-01,7.705403411351802179e-02,4.088142989060672972e-01,6.754933689480484282e-02,2.219615538068944460e-01,1.511826375865099603e-01,2.699696787801495468e-01,1.678057361317630558e-01,8.921248962306241315e-02,1.208081846625834732e-01
9.128721565434465557e-01,8.825851854126064433e-01,5.132553147128616766e-01,5.670497060712164084e-01,4.537881009751168482e-01,3.577231030704379200e-01,2.387250452154054126e-01,1.660254529151866387e-01,3.237393865114645553e-01,2.252097011409918692e-01,7.070229963287659458e-02,5.685859190432306781e-02,1.338661973012201523e-01,4.707579215701628017e-02,2.344059834029877387e-01,3.718010261148825268e-01,1.914393233026810970e-01,4.058028464757985065e-01
8.778631587790149959e-01,9.962928987330020580e-02,3.250238201189848547e-02,6.387356653162378217e-01,1.787174804142370732e-01,3.816226281150043587e-01,2.554871636400330437e-01,5.738739287339682527e-01,5.131056894514496314e-01,4.018694224441020091e-01,5.417954335098610352e-01,1.645002849968285885e-01,3.319652383931770978e-01,2.460560354447913489e-01,3.845922983637251047e-02,1.721237968868663537e-01,2.076790724818720901e-01,5.245215490281692622e-02
9.102448711541484272e-01,7.197133861433675506e-01,6.677210390164114821e-03,1.665356777055658488e-01,3.618912719855822413e-01,3.554671888432461291e-01,9.010946818847957729e-02,1.894977524562265203e-01,4.354339403453581503e-01,2.887907754981255404e-01,2.481632188269908834e-01,2.587116518852747293e-01,1.974315368443757823e-01,5.557374238820821793e-02,1.044493198311953752e-01,4.071412058938356227e-01,1.494894388939739527e-01,4.286334458008474180e-02
9.254984175364225907e-01,6.418144456258451092e-01,8.238362331554072160e-01,7.921551763319787387e-01,4.334732653292854287e-01,1.816670355471087239e-01,2.777843766871830877e-01,2.947221837556889337e-02,4.477496091175279386e-02,2.859148663799401247e-01,7.098000754670417967e-02,6.836666362381232931e-02,1.423225602306617266e-01,5.254982448337786050e-01,1.361917149492259949e-01,2.382708972995374042e-01,3.241370008133696856e-02,2.677781474134970363e-01
9.376503185114396510e-01,9.303621156091864686e-01,9.251281721943152014e-01,1.762233878329464709e-01,3.819411913970637840e-01,1.460858706891806635e-01,2.592179549400797645e-01,1.225199815613162019e-01,2.717547358257464407e-01,5.735527721704984927e-01,2.803329979838533048e-01,7.075682927236367492e-01,3.124694741013518406e-01,2.258416494173347000e-01,1.511394455753040378e-01,1.175191608043125030e-01,9.613447945458127031e-02,9.439141500273778851e-02
9.089035518758882271e-01,8.760649409316667580e-01,5.338183847525335146e-01,5.894492644093185518e-01,5.433154172894021361e-01,3.435685489524563097e-01,1.444900656745906897e-01,5.735407081164317633e-01,4.022357195923835227e-01,6.431616781773763503e-01,4.062030865679397973e-01,4.226119000449194973e-01,2.023610762852260381e-01,4.539745995024097730e-02,1.392192260210849131e-01,1.282097196165482567e-02,3.769551884516055829e-01,2.658927842123886554e-01
9.188199765236674255e-01,5.546729003422005144e-01,4.267143121550512896e-01,5.913921495626446312e-01,7.002608415433134725e-01,3.259146193448071438e-01,6.866955095937528342e-02,2.220621187361330462e-01,4.306125607427988555e-01,1.178123729630971284e-01,1.306029209517914902e-01,2.785972637486596737e-01,6.082853233605941545e-01,2.273726333345949258e-01,4.187386316225669147e-01,1.503441947791298583e-01,3.213714710537784458e-01,2.883200432669413282e-01
9.301574233093646837e-01,8.890461446857106376e-01,8.906001374088388101e-01,8.485979823643124975e-01,8.866721055820809827e-01,5.228802035144080040e-01,5.550308680265719774e-01,4.094094336573436133e-01,3.604579266776005708e-01,3.941840739725638865e-01,8.371617128830373400e-02,2.518252082973737593e-01,4.168459933067065748e-01,9.439670446040997198e-02,2.457945405991360799e-01,2.199294523251194844e-01,2.130454160460201751e-01,3.006214871777561359e-02
9.489489462142234322e-01,1.017233174183769240e-01,1.934922809651969944e-01,9.029758736382732798e-02,4.028257842095657182e-01,3.297913023999993753e-01,2.543151019246897571e-01,1.313491899783015282e-01,6.212296351300258812e-02,1.738575302731205641e-01,5.499134211747447321e-01,1.842565903505301861e-01,1.696008662793611899e-01,7.200737736413617140e-01,3.772859625742867595e-01,1.342761423544040489e-01,1.134856542456547518e-01,4.370016002073970895e-01
8.984753578173708677e-01,5.465411380803247843e-01,4.107894271710244571e-01,3.258945691462289407e-01,1.891546360218429312e-01,6.852989965539825479e-02,2.099333987408747160e-01,6.923606132396897817e-01,4.676249007243640232e-01,4.710401640856495820e-01,1.233413847774991884e-01,6.593608964378014914e-01,3.287442460627913732e-02,6.754482181215842873e-01,2.284495512878035595e-01,6.008160894422301945e-01,6.768122232351935219e-01,6.086281016744659045e-01
9.467486786791917686e-01,6.381863400448312129e-01,4.593845531415659544e-01,4.371260183106323582e-01,5.702794298890644376e-01,3.996236777691329345e-01,3.927441114001906097e-02,6.863118785492685614e-01,1.478603890018586123e-02,2.632842015783471989e-01,1.219660084197309868e-01,4.415429586079399477e-02,3.121281945418002413e-01,2.787432803346878152e-01,1.416180602722492687e-01,5.795986730898030626e-01,4.888391485262203462e-01,1.688653776556078845e-02
8.739378882244003277e-01,4.331057934691140421e-01,4.494175562410259173e-01,5.799745528392414862e-01,8.221820544526275976e-02,2.683926816424470063e-01,2.793601857198608762e-01,5.740315847215493594e-01,4.891140821533910277e-01,6.576461997603216814e-02,2.163830438234955536e-02,4.566786360464725747e-01,2.138032842474316408e-01,2.217972527217214329e-01,5.479582839181621479e-01,5.774180196874937471e-02,1.278097830784760691e-01,2.630305698377856660e-01
9.402790381252728036e-01,7.257408005341936530e-01,3.626428164062244219e-01,3.791714143459791742e-01,6.640174932455675805e-01,5.417593882271090067e-01,3.354763322565376682e-02,3.114925907843361097e-01,2.859961472792451054e-01,2.243712272128433882e-01,2.358216562184682341e-01,1.154030366600189983e-01,1.186383965486285524e-01,2.625126595405328708e-02,5.508208287881528609e-01,5.379777422099488726e-01,4.450614158413603860e-01,1.250737307172415658e-01
9.281173145973143912e-01,8.712103366522218062e-01,4.036827579988133685e-01,2.448755904518452875e-01,1.115325524314287747e-01,5.748957532824598982e-01,7.303572683514070185e-01,5.302141657619585668e-01,7.920811080821368866e-02,5.625554132390693240e-01,3.727296415096606474e-01,9.206679825799744810e-02,3.009036131826596794e-01,1.443216897835046877e-02,2.169413105424779220e-01,5.531525968442330132e-02,2.929626627309200870e-01,1.160258419870629637e-01
9.021691432440227532e-01,7.524253863082900340e-01,7.805368715425280435e-01,1.109887181868779993e-01,1.333258821642114844e-01,5.635272842640245416e-01,5.537196469541577626e-01,6.483485223408037568e-01,1.944878341287885337e-01,1.450558614580698541e-02,5.606942071603576716e-01,3.565755559749426151e-01,4.042401825687929606e-01,1.103184320147023861e-01,3.620328334138383508e-01,2.886153001464910051e-01,1.517667860500835492e-02,4.403266890113587961e-01
8.626596217087619811e-01,4.536982288029676735e-01,4.724769825028402731e-02,3.440965436493758633e-01,3.226084417353217715e-01,6.475892240263972921e-01,4.318501514014205234e-01,3.038523318164161255e-02,1.637159143119437665e-02,4.031916947529776141e-01,1.025073723726123154e-01,2.947036500930539510e-02,4.439664661553023861e-01,1.998878992164625223e-01,5.990697136876520917e-02,3.167493832258045372e-01,6.073599623704348943e-02,5.504309812914314204e-01
9.567994245159155975e-01,8.075858086331486607e-01,6.849912688137831385e-01,1.602382107160773839e-01,8.068112229362636723e-02,1.026424807096042308e-01,2.362672996608586040e-01,2.253199204860479588e-01,1.035991586681753035e-01,1.974213490533326398e-01,5.016197215070500315e-02,4.147903740795241823e-01,1.732581807248840255e-01,1.261032746341401445e-01,5.519407021472363430e-03,2.656827848620933463e-01,1.452476547479993607e-01,1.529278619175941378e-01
9.047295632298086865e-01,7.075775647080889685e-01,6.624568641430202964e-01,7.385228495596811715e-01,6.966069109912752522e-01,5.609926425566438279e-01,2.091993596279350942e-01,1.896312783034438121e-01,3.689988545886414562e-01,4.697525123777056277e-02,4.808018123634311136e-01,3.459543409766255850e-01,6.175791137388993157e-02,1.831072587800227636e-01,3.882081882431798192e-01,3.134992276840555259e-01,2.538670688293139244e-01,6.891635990052924488e-01
9.416887164139703392e-01,8.241934874617604656e-01,7.875895451410144243e-01,1.170097166383345377e-01,2.848903692598596105e-01,1.554500445331693514e-01,9.751523361457426278e-03,3.645919897045170055e-01,2.259363782936899268e-01,2.375238182796845787e-01,3.141602351890466771e-01,3.484474784460105945e-01,1.025593575226503851e-01,3.568774455482337515e-01,6.936006317343175187e-01,2.069007558238906697e-01,1.680780483096910860e-01,2.486786044250356154e-01
9.379312601242612013e-01,8.408843356525846913e-01,4.949422416496751520e-01,2.409653888339021999e-01,5.361660511970881560e-01,5.090944599581185281e-01,9.229222183146484557e-03,1.204365672828973215e-02,3.397803074384142530e-01,1.176988715790894674e-01,3.930024878294309798e-01,5.967236584470537730e-01,4.305361357264569366e-01,6.667435431813499569e-02,3.051785662167041391e-01,6.244572652432416326e-01,2.678733069996495075e-01,2.466624126078630908e-01
9.114638328654880439e-01,6.618781244447443646e-01,3.892940257369846280e-01,2.193155793917682950e-01,5.346410976539718307e-01,2.725773892669751675e-01,7.079612058376576200e-02,2.500591467568545889e-01,4.098858934379888685e-01,4.833613240161058200e-01,2.991066273419898947e-01,2.595102228918299420e-02,3.635960830842973057e-01,5.603556179812373417e-01,6.268633938861842836e-01,1.118224731001952604e-01,2.228172396773815955e-01,6.770455156708015121e-01
9.394754190127723170e-01,8.170232537403738782e-01,8.612996209368128930e-01,2.182089313708251710e-01,4.604808013037655079e-01,2.040253326683023338e-01,4.477924524922643479e-01,5.480569731456548244e-01,4.072361026819595886e-01,7.054996868635768359e-02,3.320085507590591484e-02,4.517623160703339025e-01,2.226487078104890938e-01,1.450862250126289388e-01,2.746912390505497001e-02,3.248989970091823998e-01,2.304311814214450860e-01,1.659036067734134257e-01
